$MeshFormat
4.1 0 8
$EndMeshFormat
$PhysicalNames
9
1 11 "Gamma_a_anode_current_collector"
1 12 "Gamma_b_lateral_boundaries"
1 13 "Gamma_c_cathode_current_collector"
1 14 "Gamma_l_Omega1_Omega2_interface"
1 15 "Gamma_s_particle_interfaces"
2 2 "Omega2_SE_carbon_mixture"
2 3 "Omega3_cathode_particles"
2 101 "Omega11_initial_Li_cap"
2 102 "Omega12_initial_grain_region"
$EndPhysicalNames
$Entities
688 146 37 0
1 0 0 0 0 
2 5e-05 0 0 0 
3 5e-05 7.81111111111111e-05 0 0 
4 5e-05 0.000115 0 0 
5 5e-05 0.00012 0 0 
6 0 0.00012 0 0 
7 0 0.000115 0 0 
8 0 7.81111111111111e-05 0 0 
10000 8.289167141297391e-06 7.56597278727352e-06 0 0 
10001 8.040499339674841e-06 8.395307885170485e-06 0 0 
10002 7.353524171053292e-06 9.00956555408375e-06 0 0 
10003 6.471080487548514e-06 9.36876918709326e-06 0 0 
10004 5.54916304577361e-06 9.606902650236177e-06 0 0 
10005 4.550013153450092e-06 9.6151115088378e-06 0 0 
10006 3.646788001596396e-06 9.214952654584162e-06 0 0 
10007 3.0051289460332e-06 8.594290401248189e-06 0 0 
10008 2.456498351043545e-06 7.97461385900843e-06 0 0 
10009 1.957036726969705e-06 7.272861784083255e-06 0 0 
10010 1.764113861943865e-06 6.443195368863806e-06 0 0 
10011 1.960109312499109e-06 5.604971429863909e-06 0 0 
10012 2.483853082279786e-06 4.851578395899104e-06 0 0 
10013 3.372352304220212e-06 4.379122528073531e-06 0 0 
10014 4.45205308298329e-06 4.398870369823696e-06 0 0 
10015 5.392962596671703e-06 4.716286560422874e-06 0 0 
10016 6.221318379605669e-06 5.00093230758277e-06 0 0 
10017 7.080098475685155e-06 5.337596293834928e-06 0 0 
10018 7.783520882423158e-06 5.933416052644584e-06 0 0 
10019 8.170718657247476e-06 6.715682421371769e-06 0 0 
10020 1.830149624387015e-05 5.864696290426001e-06 0 0 
10021 1.847983348767561e-05 6.671421630467442e-06 0 0 
10022 1.82284657152873e-05 7.534658766097327e-06 0 0 
10023 1.757680461749686e-05 8.295294315391127e-06 0 0 
10024 1.675776164056025e-05 8.912871770977693e-06 0 0 
10025 1.580958678459051e-05 9.354301942178468e-06 0 0 
10026 1.480049380597109e-05 9.465304805473032e-06 0 0 
10027 1.38983566911858e-05 9.324366897204127e-06 0 0 
10028 1.300032478929652e-05 9.171354140761545e-06 0 0 
10029 1.203574064002811e-05 8.892779103658914e-06 0 0 
10030 1.138744855666349e-05 8.242267975395019e-06 0 0 
10031 1.134656416840085e-05 7.344970526029542e-06 0 0 
10032 1.174539203977633e-05 6.461011876971758e-06 0 0 
10033 1.242994949818896e-05 5.708100807232423e-06 0 0 
10034 1.334021330128144e-05 5.19374877198308e-06 0 0 
10035 1.42743028768829e-05 4.889651635986026e-06 0 0 
10036 1.519502528649674e-05 4.590065920863e-06 0 0 
10037 1.62448895895168e-05 4.373396516462749e-06 0 0 
10038 1.724337862079668e-05 4.564019681051538e-06 0 0 
10039 1.79039716460336e-05 5.145716625389177e-06 0 0 
10040 2.834658470753453e-05 9.154995949656304e-06 0 0 
10041 2.78441952250307e-05 9.844319522457671e-06 0 0 
10042 2.694943527972836e-05 1.019655093286099e-05 0 0 
10043 2.579282197314162e-05 1.002596826554156e-05 0 0 
10044 2.469285476563914e-05 9.577556591400321e-06 0 0 
10045 2.368547396826681e-05 9.0413832871268e-06 0 0 
10046 2.278182010386299e-05 8.345351119521403e-06 0 0 
10047 2.205153766579568e-05 7.507171387531715e-06 0 0 
10048 2.140367589076889e-05 6.562549317782127e-06 0 0 
10049 2.097490125108472e-05 5.490522172421305e-06 0 0 
10050 2.122602653339306e-05 4.569791819003463e-06 0 0 
10051 2.215336932630258e-05 4.153244922441283e-06 0 0 
10052 2.323823825278263e-05 4.111183318006233e-06 0 0 
10053 2.426117095011922e-05 4.180106840706735e-06 0 0 
10054 2.530579750411803e-05 4.433753533524977e-06 0 0 
10055 2.632903150072795e-05 4.936090554194684e-06 0 0 
10056 2.731864638327482e-05 5.593714823155016e-06 0 0 
10057 2.823425860549854e-05 6.443668177287485e-06 0 0 
10058 2.873692057889754e-05 7.454552595089167e-06 0 0 
10059 2.867323953403215e-05 8.377524870290764e-06 0 0 
10060 3.756738789850721e-05 6.384227908462986e-06 0 0 
10061 3.772429215919611e-05 7.368793346998381e-06 0 0 
10062 3.752512409310017e-05 8.311325889307477e-06 0 0 
10063 3.694213615001094e-05 8.954569602639943e-06 0 0 
10064 3.628056566354874e-05 9.337463931674485e-06 0 0 
10065 3.565357334672008e-05 9.724995699249092e-06 0 0 
10066 3.490841074629594e-05 1.00126825646776e-05 0 0 
10067 3.406071847753843e-05 9.91805632827704e-06 0 0 
10068 3.32506094654329e-05 9.445137458088215e-06 0 0 
10069 3.258973637825514e-05 8.667945799661219e-06 0 0 
10070 3.230020876924805e-05 7.64752821100389e-06 0 0 
10071 3.247310275803084e-05 6.657928431706178e-06 0 0 
10072 3.280934564812245e-05 5.862368081635839e-06 0 0 
10073 3.311145137897738e-05 5.09936099086688e-06 0 0 
10074 3.357296822608826e-05 4.39518605267899e-06 0 0 
10075 3.428500209471288e-05 4.018901969216925e-06 0 0 
10076 3.509209132438867e-05 3.970802620138474e-06 0 0 
10077 3.592094673685129e-05 4.138904163224428e-06 0 0 
10078 3.669328816526758e-05 4.633277282332038e-06 0 0 
10079 3.723904051970691e-05 5.450543668159912e-06 0 0 
10080 4.780044278535532e-05 9.207814258497547e-06 0 0 
10081 4.710154677356293e-05 9.653881579436659e-06 0 0 
10082 4.623479447372576e-05 9.805938805103128e-06 0 0 
10083 4.529838695224526e-05 9.600538822075268e-06 0 0 
10084 4.442159924432929e-05 9.267898158679913e-06 0 0 
10085 4.347339065979027e-05 8.936386675822858e-06 0 0 
10086 4.245590852940501e-05 8.341602671439597e-06 0 0 
10087 4.176772457064878e-05 7.394089247165261e-06 0 0 
10088 4.16088537487961e-05 6.386432087324665e-06 0 0 
10089 4.180601595589274e-05 5.518893176871722e-06 0 0 
10090 4.229153979787736e-05 4.86470300907762e-06 0 0 
10091 4.303544554610585e-05 4.519115471243739e-06 0 0 
10092 4.38407368569492e-05 4.365698091766408e-06 0 0 
10093 4.468430902933063e-05 4.248651059214181e-06 0 0 
10094 4.5667782716394e-05 4.381636904758057e-06 0 0 
10095 4.660797435426681e-05 4.960408054205032e-06 0 0 
10096 4.732836736457007e-05 5.772157403731466e-06 0 0 
10097 4.79347375814234e-05 6.642187508654578e-06 0 0 
10098 4.834997448259786e-05 7.606118609621604e-06 0 0 
10099 4.829046857673328e-05 8.525848405310702e-06 0 0 
10100 7.806328534346139e-06 1.477703698642404e-05 0 0 
10101 7.958914707395925e-06 1.561468458447655e-05 0 0 
10102 7.993558084520198e-06 1.644345291598532e-05 0 0 
10103 7.797955826146435e-06 1.732596921063239e-05 0 0 
10104 7.371321021884051e-06 1.823669306623758e-05 0 0 
10105 6.742615425852115e-06 1.919992476892079e-05 0 0 
10106 5.778010455332288e-06 2.004998239569431e-05 0 0 
10107 4.611304638502508e-06 2.036577699326687e-05 0 0 
10108 3.631428579646013e-06 2.010815975715684e-05 0 0 
10109 2.891031115711329e-06 1.966840892941277e-05 0 0 
10110 2.270787883142471e-06 1.916187717073233e-05 0 0 
10111 1.911346714912817e-06 1.844605689320598e-05 0 0 
10112 1.880145480486908e-06 1.758002747445046e-05 0 0 
10113 2.044961675468249e-06 1.66557302652763e-05 0 0 
10114 2.48529720085569e-06 1.568853036486848e-05 0 0 
10115 3.307473311148634e-06 1.48633086052002e-05 0 0 
10116 4.310776383636892e-06 1.429808271573108e-05 0 0 
10117 5.36247707557238e-06 1.386125145191359e-05 0 0 
10118 6.472346376149348e-06 1.365615715271956e-05 0 0 
10119 7.371919509289611e-06 1.399888829769457e-05 0 0 
10120 1.755688484479993e-05 1.758750932551861e-05 0 0 
10121 1.711014535963517e-05 1.843629058502053e-05 0 0 
10122 1.669353362993832e-05 1.933301406068427e-05 0 0 
10123 1.604432379591436e-05 2.016657419184658e-05 0 0 
10124 1.514019178876488e-05 2.06328453093957e-05 0 0 
10125 1.415099775961819e-05 2.069492170991025e-05 0 0 
10126 1.322360440267902e-05 2.032814592289695e-05 0 0 
10127 1.260288197463783e-05 1.947074672367868e-05 0 0 
10128 1.238738738937934e-05 1.839752807808912e-05 0 0 
10129 1.231284721091003e-05 1.739490894108671e-05 0 0 
10130 1.228511830428282e-05 1.637618687945314e-05 0 0 
10131 1.257460417793477e-05 1.534913117796648e-05 0 0 
10132 1.322335261537785e-05 1.455248832622688e-05 0 0 
10133 1.400161982348836e-05 1.397273497648784e-05 0 0 
10134 1.486612418683158e-05 1.353082306606374e-05 0 0 
10135 1.581595950034993e-05 1.344888278399049e-05 0 0 
10136 1.669218336167799e-05 1.382962896076969e-05 0 0 
10137 1.742438984634823e-05 1.450114378749466e-05 0 0 
10138 1.793161947626825e-05 1.54318300709019e-05 0 0 
10139 1.79622305511631e-05 1.656466512251777e-05 0 0 
10140 2.797299178056223e-05 1.498945932141476e-05 0 0 
10141 2.833476887282694e-05 1.571595106212332e-05 0 0 
10142 2.871960861202512e-05 1.656001851290639e-05 0 0 
10143 2.864793885988361e-05 1.766398039372738e-05 0 0 
10144 2.786084404180647e-05 1.874450031227383e-05 0 0 
10145 2.671617736898497e-05 1.953771598173755e-05 0 0 
10146 2.551435939926601e-05 2.006950375803777e-05 0 0 
10147 2.433147604265345e-05 2.027253023352058e-05 0 0 
10148 2.331475272634786e-05 2.008999964683961e-05 0 0 
10149 2.246290865733483e-05 1.97282636616262e-05 0 0 
10150 2.169180013850625e-05 1.923723134315744e-05 0 0 
10151 2.126737737666457e-05 1.843724206917085e-05 0 0 
10152 2.139606010538608e-05 1.7426299377064e-05 0 0 
10153 2.179198500991459e-05 1.641609244616885e-05 0 0 
10154 2.231343424030826e-05 1.536177200216513e-05 0 0 
10155 2.32131189315944e-05 1.435773427228031e-05 0 0 
10156 2.445535134589735e-05 1.37497413424078e-05 0 0 
10157 2.569416009093867e-05 1.360197684834407e-05 0 0 
10158 2.676079760989436e-05 1.377147438373326e-05 0 0 
10159 2.754008878920396e-05 1.426851303130088e-05 0 0 
10160 3.841232464567833e-05 1.747788710509728e-05 0 0 
10161 3.82809571348318e-05 1.853875332525821e-05 0 0 
10162 3.787491476977627e-05 1.964235200245049e-05 0 0 
10163 3.697581130836373e-05 2.050137987147429e-05 0 0 
10164 3.571667653587732e-05 2.071833544860172e-05 0 0 
10165 3.451790051081308e-05 2.044240292544952e-05 0 0 
10166 3.345531630647125e-05 2.005080279355232e-05 0 0 
10167 3.249138743240285e-05 1.947552412392284e-05 0 0 
10168 3.184541836542094e-05 1.858257385090036e-05 0 0 
10169 3.156113579367241e-05 1.755585409211047e-05 0 0 
10170 3.147391294310035e-05 1.650618076797678e-05 0 0 
10171 3.169302153670131e-05 1.544904279518452e-05 0 0 
10172 3.233830857595223e-05 1.455362289756323e-05 0 0 
10173 3.322197710828958e-05 1.384912545155384e-05 0 0 
10174 3.427983378694967e-05 1.326355904677104e-05 0 0 
10175 3.554526394828213e-05 1.310657498543667e-05 0 0 
10176 3.668727187707117e-05 1.36675806978374e-05 0 0 
10177 3.741802945239313e-05 1.461386420562795e-05 0 0 
10178 3.791602219370247e-05 1.553710538924937e-05 0 0 
10179 3.829451577424997e-05 1.646747822398169e-05 0 0 
10180 4.75112983619551e-05 1.867231665200475e-05 0 0 
10181 4.673293630668106e-05 1.971181064934159e-05 0 0 
10182 4.573227758771643e-05 2.050778437146557e-05 0 0 
10183 4.462585079489989e-05 2.091609387732779e-05 0 0 
10184 4.362765537225119e-05 2.073510176385194e-05 0 0 
10185 4.288967498878803e-05 2.016905039335483e-05 0 0 
10186 4.227097305007944e-05 1.953185302953309e-05 0 0 
10187 4.180387886676569e-05 1.870921601434312e-05 0 0 
10188 4.179421988738942e-05 1.761662499725514e-05 0 0 
10189 4.219282968409826e-05 1.651004152313213e-05 0 0 
10190 4.269565335383127e-05 1.546549604508993e-05 0 0 
10191 4.334474426493597e-05 1.440974892589836e-05 0 0 
10192 4.428181966043548e-05 1.355974481087935e-05 0 0 
10193 4.537131617718942e-05 1.311355847286855e-05 0 0 
10194 4.645406242578007e-05 1.30424874179082e-05 0 0 
10195 4.735476097012576e-05 1.34638829853284e-05 0 0 
10196 4.77850067179688e-05 1.441621177600882e-05 0 0 
10197 4.781324284324321e-05 1.54955389613029e-05 0 0 
10198 4.784703358259277e-05 1.64523791360032e-05 0 0 
10199 4.787076510327267e-05 1.750105819710234e-05 0 0 
10200 8.240920287997761e-06 2.646622641327064e-05 0 0 
10201 8.195147334682457e-06 2.769378199769296e-05 0 0 
10202 7.824285328077622e-06 2.87765858497265e-05 0 0 
10203 7.278606985859778e-06 2.970082929683096e-05 0 0 
10204 6.493112365780648e-06 3.030988952345866e-05 0 0 
10205 5.575268800387224e-06 3.049286733660051e-05 0 0 
10206 4.665002697554588e-06 3.043177214982207e-05 0 0 
10207 3.768610967814612e-06 3.013436945248019e-05 0 0 
10208 3.024193489717371e-06 2.942920108498816e-05 0 0 
10209 2.540434582413925e-06 2.84752811830221e-05 0 0 
10210 2.132098989611825e-06 2.747233800052682e-05 0 0 
10211 1.801118521469411e-06 2.630540718468042e-05 0 0 
10212 1.922614880102796e-06 2.50642044896046e-05 0 0 
10213 2.587964449078203e-06 2.414101803366968e-05 0 0 
10214 3.48670033371294e-06 2.36453598362115e-05 0 0 
10215 4.422919460932862e-06 2.349613230521343e-05 0 0 
10216 5.319158976401427e-06 2.373047848867794e-05 0 0 
10217 6.101184833438188e-06 2.419705144901476e-05 0 0 
10218 6.891912651043026e-06 2.46739441637131e-05 0 0 
10219 7.72874406392334e-06 2.5363261760795e-05 0 0 
10220 1.916431281473471e-05 2.89367979578656e-05 0 0 
10221 1.836573470479632e-05 2.956426591157709e-05 0 0 
10222 1.735188134661844e-05 2.990925304730105e-05 0 0 
10223 1.627909135002041e-05 3.013621286769802e-05 0 0 
10224 1.504146607745157e-05 3.004242458028241e-05 0 0 
10225 1.383659814842173e-05 2.950143243880355e-05 0 0 
10226 1.284547640739081e-05 2.876555626017796e-05 0 0 
10227 1.198358719105658e-05 2.797580859908824e-05 0 0 
10228 1.13420985408259e-05 2.707417589283965e-05 0 0 
10229 1.107002466160017e-05 2.612277780996224e-05 0 0 
10230 1.105242828546397e-05 2.51640070822277e-05 0 0 
10231 1.137136587000222e-05 2.423543784010109e-05 0 0 
10232 1.232434409088683e-05 2.369024114745045e-05 0 0 
10233 1.369223326966387e-05 2.379347777032339e-05 0 0 
10234 1.496235583871455e-05 2.423799479869497e-05 0 0 
10235 1.60724287358674e-05 2.469416902288357e-05 0 0 
10236 1.712777847610099e-05 2.525636042156191e-05 0 0 
10237 1.803540921551789e-05 2.601804606933375e-05 0 0 
10238 1.878785812181222e-05 2.692318881159834e-05 0 0 
10239 1.929352685305338e-05 2.795837167022911e-05 0 0 
10240 2.833397962255088e-05 2.544420162446889e-05 0 0 
10241 2.855841615524407e-05 2.667229182888615e-05 0 0 
10242 2.844375841636403e-05 2.784262633230476e-05 0 0 
10243 2.816075307542653e-05 2.894946199495497e-05 0 0 
10244 2.752867540589786e-05 2.986841303253247e-05 0 0 
10245 2.653954891253504e-05 3.029915802911158e-05 0 0 
10246 2.551295223648421e-05 3.037815992606014e-05 0 0 
10247 2.449825897080668e-05 3.04381439540223e-05 0 0 
10248 2.337613845494e-05 3.029739789612001e-05 0 0 
10249 2.23306819795088e-05 2.964800824808451e-05 0 0 
10250 2.157384973750587e-05 2.859880971577009e-05 0 0 
10251 2.117484665739025e-05 2.735227302020011e-05 0 0 
10252 2.132465610837886e-05 2.610070882770424e-05 0 0 
10253 2.201954836164568e-05 2.516174276885297e-05 0 0 
10254 2.282083167118326e-05 2.452805171439533e-05 0 0 
10255 2.353808191102958e-05 2.3867200020824e-05 0 0 
10256 2.443655040823239e-05 2.328927861917438e-05 0 0 
10257 2.555180459106639e-05 2.321879912506478e-05 0 0 
10258 2.664860793846262e-05 2.365235231146969e-05 0 0 
10259 2.762805938534696e-05 2.439292100999862e-05 0 0 
10260 3.749724608347444e-05 2.777467684230235e-05 0 0 
10261 3.706040770149052e-05 2.864756471356986e-05 0 0 
10262 3.639030308686561e-05 2.92670648815432e-05 0 0 
10263 3.565878111304648e-05 2.967943570116943e-05 0 0 
10264 3.489212854458337e-05 2.985120771349603e-05 0 0 
10265 3.417231826009331e-05 2.966811252186444e-05 0 0 
10266 3.354797987850516e-05 2.929665482109363e-05 0 0 
10267 3.289065348488452e-05 2.888053757424967e-05 0 0 
10268 3.229228185615788e-05 2.820621869624776e-05 0 0 
10269 3.212099988070545e-05 2.72102996929797e-05 0 0 
10270 3.24411131015159e-05 2.620620140904636e-05 0 0 
10271 3.299242912515928e-05 2.539468522128635e-05 0 0 
10272 3.365250755685354e-05 2.480274328320077e-05 0 0 
10273 3.438326057009613e-05 2.44915588591158e-05 0 0 
10274 3.51001502298447e-05 2.435287609925384e-05 0 0 
10275 3.585764524829378e-05 2.42352971970263e-05 0 0 
10276 3.666583595893076e-05 2.436515346475309e-05 0 0 
10277 3.726301358761457e-05 2.498246421247019e-05 0 0 
10278 3.75204537032686e-05 2.587720278906298e-05 0 0 
10279 3.760049102861593e-05 2.681004430626824e-05 0 0 
10280 4.751477943725461e-05 2.935883271549841e-05 0 0 
10281 4.677980172404024e-05 2.983009542313393e-05 0 0 
10282 4.583825489565834e-05 2.983106934549079e-05 0 0 
10283 4.494880982184283e-05 2.961958198995712e-05 0 0 
10284 4.409417647120588e-05 2.93352739194187e-05 0 0 
10285 4.327056184592215e-05 2.884377445645169e-05 0 0 
10286 4.255275388546581e-05 2.813421543437491e-05 0 0 
10287 4.192848952448521e-05 2.725711029810369e-05 0 0 
10288 4.158579537894197e-05 2.622255125241155e-05 0 0 
10289 4.186120447905058e-05 2.529579722847032e-05 0 0 
10290 4.262322858820265e-05 2.477061714424966e-05 0 0 
10291 4.342913529134169e-05 2.45021391639938e-05 0 0 
10292 4.419808791322867e-05 2.429167257072347e-05 0 0 
10293 4.505306615636588e-05 2.428441758757837e-05 0 0 
10294 4.594216323820647e-05 2.457103986805499e-05 0 0 
10295 4.681919488816926e-05 2.506053482849032e-05 0 0 
10296 4.760716079936884e-05 2.579166954194787e-05 0 0 
10297 4.803536579462111e-05 2.674591530436569e-05 0 0 
10298 4.804359939246671e-05 2.769305820782964e-05 0 0 
10299 4.787437047416098e-05 2.856063371945508e-05 0 0 
10300 8.38842188924252e-06 3.561125535058603e-05 0 0 
10301 8.415070327657148e-06 3.647130710069385e-05 0 0 
10302 7.950670324562696e-06 3.730578101945808e-05 0 0 
10303 7.402581044395694e-06 3.802804327243812e-05 0 0 
10304 6.862482342216284e-06 3.879568915135984e-05 0 0 
10305 6.038374408321941e-06 3.953354752860582e-05 0 0 
10306 4.923806917135953e-06 3.996207855464957e-05 0 0 
10307 3.761879296987683e-06 4.002459196347356e-05 0 0 
10308 2.738336637511818e-06 3.974254820412281e-05 0 0 
10309 2.109189727575488e-06 3.908279758824016e-05 0 0 
10310 1.964006981021249e-06 3.824430168337374e-05 0 0 
10311 1.958538882702271e-06 3.747085381615967e-05 0 0 
10312 1.937907796197563e-06 3.668267221588297e-05 0 0 
10313 2.246395151525786e-06 3.582175673281442e-05 0 0 
10314 3.017099080662782e-06 3.508821077743037e-05 0 0 
10315 3.996606795393084e-06 3.455180371032069e-05 0 0 
10316 5.072851334831813e-06 3.416783507804834e-05 0 0 
10317 6.190970384919637e-06 3.409059104964573e-05 0 0 
10318 7.144416696617321e-06 3.439962796508821e-05 0 0 
10319 7.880393980521265e-06 3.492470723760795e-05 0 0 
10320 1.80571038767953e-05 3.718728390504517e-05 0 0 
10321 1.777305821361259e-05 3.789528434363766e-05 0 0 
10322 1.722225822531388e-05 3.846217570301415e-05 0 0 
10323 1.660158268580659e-05 3.89695316089716e-05 0 0 
10324 1.585909432606967e-05 3.951426531616365e-05 0 0 
10325 1.482711423213531e-05 3.982207780243796e-05 0 0 
10326 1.374022101084368e-05 3.959717898421725e-05 0 0 
10327 1.291724637892372e-05 3.900227488834134e-05 0 0 
10328 1.235697897636033e-05 3.830811807315891e-05 0 0 
10329 1.206203659405215e-05 3.756477296706413e-05 0 0 
10330 1.20865171988317e-05 3.682151459084317e-05 0 0 
10331 1.226844547099015e-05 3.611811515834383e-05 0 0 
10332 1.256048345300921e-05 3.53948751853052e-05 0 0 
10333 1.319387701309418e-05 3.477893683296799e-05 0 0 
10334 1.41479801703696e-05 3.450643923336811e-05 0 0 
10335 1.515326451371251e-05 3.449820712605999e-05 0 0 
10336 1.616633936776549e-05 3.459545752032707e-05 0 0 
10337 1.714391394710577e-05 3.493892805389226e-05 0 0 
10338 1.780302339464113e-05 3.56126914885573e-05 0 0 
10339 1.805946095056703e-05 3.641187121828323e-05 0 0 
10340 2.796602850488929e-05 3.755736818872899e-05 0 0 
10341 2.772968735981916e-05 3.830375612507945e-05 0 0 
10342 2.710003776430874e-05 3.884960013645301e-05 0 0 
10343 2.629719597330657e-05 3.916212569051267e-05 0 0 
10344 2.546034439843706e-05 3.936463847709929e-05 0 0 
10345 2.455685439432235e-05 3.935819432259604e-05 0 0 
10346 2.374576154212229e-05 3.898385790248929e-05 0 0 
10347 2.31742224249641e-05 3.841378450300536e-05 0 0 
10348 2.26867808179538e-05 3.784589337315066e-05 0 0 
10349 2.224493411551403e-05 3.720447644966062e-05 0 0 
10350 2.208201799673067e-05 3.64516605820797e-05 0 0 
10351 2.227085907349989e-05 3.569650486297257e-05 0 0 
10352 2.275485477788966e-05 3.502259703146861e-05 0 0 
10353 2.356474336054462e-05 3.460775910771968e-05 0 0 
10354 2.454067504026211e-05 3.464059804577639e-05 0 0 
10355 2.53869883069825e-05 3.494064610650563e-05 0 0 
10356 2.613199150083018e-05 3.520950292955245e-05 0 0 
10357 2.690378076979983e-05 3.552581399494421e-05 0 0 
10358 2.753150765657618e-05 3.607428333320159e-05 0 0 
10359 2.787073422124694e-05 3.678693883700377e-05 0 0 
10360 3.858367020105636e-05 3.546739854272366e-05 0 0 
10361 3.884784893473093e-05 3.635113140885947e-05 0 0 
10362 3.863817470937583e-05 3.733273479364178e-05 0 0 
10363 3.797445475084671e-05 3.823265402707184e-05 0 0 
10364 3.711273072856376e-05 3.898690050242414e-05 0 0 
10365 3.609290040664154e-05 3.95555206158841e-05 0 0 
10366 3.497836773498185e-05 3.97611855315005e-05 0 0 
10367 3.396243305272403e-05 3.967763167641318e-05 0 0 
10368 3.295008720624168e-05 3.958029936849113e-05 0 0 
10369 3.185342760294875e-05 3.934857422157712e-05 0 0 
10370 3.107868917576227e-05 3.867699769970146e-05 0 0 
10371 3.096018912326844e-05 3.768123942403218e-05 0 0 
10372 3.13323654596204e-05 3.666457091277069e-05 0 0 
10373 3.203334165379842e-05 3.57705769078011e-05 0 0 
10374 3.300502964660985e-05 3.512384628865283e-05 0 0 
10375 3.402034630993336e-05 3.470928331055755e-05 0 0 
10376 3.502114640451778e-05 3.430083067359036e-05 0 0 
10377 3.617248140188034e-05 3.397419684587819e-05 0 0 
10378 3.729973873327018e-05 3.410523568650342e-05 0 0 
10379 3.808257676322745e-05 3.469919156192524e-05 0 0 
10380 4.859496073633415e-05 3.846175536649031e-05 0 0 
10381 4.823781100145419e-05 3.921278278951077e-05 0 0 
10382 4.744395459479912e-05 3.971152865299655e-05 0 0 
10383 4.630497965153729e-05 3.975651860647974e-05 0 0 
10384 4.517021282746068e-05 3.952509239475152e-05 0 0 
10385 4.410834380844954e-05 3.919289018697396e-05 0 0 
10386 4.311705422666829e-05 3.868882281284297e-05 0 0 
10387 4.226626725032805e-05 3.801730985029956e-05 0 0 
10388 4.147527103604822e-05 3.722895357952971e-05 0 0 
10389 4.087123770200266e-05 3.627903896032194e-05 0 0 
10390 4.094593066720429e-05 3.535156541671138e-05 0 0 
10391 4.175941650163097e-05 3.478532243236463e-05 0 0 
10392 4.279132666684211e-05 3.454951215513099e-05 0 0 
10393 4.378389233810146e-05 3.443120638428583e-05 0 0 
10394 4.48305340536549e-05 3.448598752121534e-05 0 0 
10395 4.590149539665427e-05 3.47829118132541e-05 0 0 
10396 4.696822873331484e-05 3.523468650409745e-05 0 0 
10397 4.799871514999214e-05 3.588408167890748e-05 0 0 
10398 4.866252645767338e-05 3.676209559623373e-05 0 0 
10399 4.87678411998494e-05 3.765793729760196e-05 0 0 
10400 7.716109594142454e-06 4.642057558676914e-05 0 0 
10401 7.854988995233908e-06 4.746007239802902e-05 0 0 
10402 7.620549997301275e-06 4.844592402183936e-05 0 0 
10403 6.990437973844015e-06 4.910687302389668e-05 0 0 
10404 6.284597059960562e-06 4.949196322250014e-05 0 0 
10405 5.614994343087805e-06 4.988284717982461e-05 0 0 
10406 4.823776243933547e-06 5.016560321932119e-05 0 0 
10407 3.934882385527563e-06 5.004361243497295e-05 0 0 
10408 3.095544023313079e-06 4.952481911933837e-05 0 0 
10409 2.421207852949063e-06 4.869002157493408e-05 0 0 
10410 2.143817313974762e-06 4.760930603849688e-05 0 0 
10411 2.351875864871389e-06 4.65732632163693e-05 0 0 
10412 2.72655954945459e-06 4.574559838085508e-05 0 0 
10413 3.064482301761901e-06 4.495125993410532e-05 0 0 
10414 3.568475734264798e-06 4.422301573503667e-05 0 0 
10415 4.327206855545871e-06 4.38462151873517e-05 0 0 
10416 5.177189773129307e-06 4.381704369053726e-05 0 0 
10417 6.044326506967314e-06 4.401579891310695e-05 0 0 
10418 6.843380710525616e-06 4.455615098530589e-05 0 0 
10419 7.395596920211173e-06 4.543003613740935e-05 0 0 
10420 1.801038321695373e-05 4.975833953714735e-05 0 0 
10421 1.717455709569107e-05 5.020840761554002e-05 0 0 
10422 1.617199869061966e-05 5.030854039660173e-05 0 0 
10423 1.512021430359647e-05 4.999461933057822e-05 0 0 
10424 1.414729250894363e-05 4.95404684845747e-05 0 0 
10425 1.309272592353647e-05 4.908155152496369e-05 0 0 
10426 1.198138370344084e-05 4.831615407256722e-05 0 0 
10427 1.127594352889159e-05 4.717592629381983e-05 0 0 
10428 1.117997754359334e-05 4.601190365496528e-05 0 0 
10429 1.147865360778472e-05 4.503805567904114e-05 0 0 
10430 1.20884950126833e-05 4.433226013422835e-05 0 0 
10431 1.296719450581427e-05 4.400073700461548e-05 0 0 
10432 1.389969147526253e-05 4.389384021334152e-05 0 0 
10433 1.487281424370218e-05 4.383171708366649e-05 0 0 
10434 1.598447887400639e-05 4.406694548907455e-05 0 0 
10435 1.700892770713034e-05 4.480750622895653e-05 0 0 
10436 1.776265525524677e-05 4.579544810997113e-05 0 0 
10437 1.838124912928555e-05 4.684026809678864e-05 0 0 
10438 1.877364371924982e-05 4.797609990752814e-05 0 0 
10439 1.862771995456732e-05 4.902121114202994e-05 0 0 
10440 2.828271407008207e-05 4.461394453935815e-05 0 0 
10441 2.841623476778871e-05 4.556981625009755e-05 0 0 
10442 2.841659091033546e-05 4.651009822454701e-05 0 0 
10443 2.815365107184794e-05 4.750045303313515e-05 0 0 
10444 2.762772220127035e-05 4.851191689324954e-05 0 0 
10445 2.687046614237834e-05 4.957337083084641e-05 0 0 
10446 2.573808242914399e-05 5.049088634831068e-05 0 0 
10447 2.440186514785078e-05 5.079381829269862e-05 0 0 
10448 2.330415076846488e-05 5.045607324327464e-05 0 0 
10449 2.248621260938014e-05 4.992327992473146e-05 0 0 
10450 2.180749316888725e-05 4.932048792398253e-05 0 0 
10451 2.143397468950842e-05 4.849289255495374e-05 0 0 
10452 2.143926515137391e-05 4.751057043996174e-05 0 0 
10453 2.166929703020137e-05 4.64714505930641e-05 0 0 
10454 2.221339274019588e-05 4.539666514637169e-05 0 0 
10455 2.31832974621924e-05 4.450059666240508e-05 0 0 
10456 2.434614780880878e-05 4.390749488415591e-05 0 0 
10457 2.555778945025142e-05 4.346208240126048e-05 0 0 
10458 2.68244407514374e-05 4.328186235678808e-05 0 0 
10459 2.782721162860045e-05 4.37122394568074e-05 0 0 
10460 3.75688216381043e-05 4.813798427889267e-05 0 0 
10461 3.692640346373119e-05 4.89395111161465e-05 0 0 
10462 3.630590720465131e-05 4.979757573020396e-05 0 0 
10463 3.545370433883189e-05 5.054190093966428e-05 0 0 
10464 3.440820502719201e-05 5.084817985668624e-05 0 0 
10465 3.335551341853796e-05 5.07121714178182e-05 0 0 
10466 3.245506140701379e-05 5.013783320012609e-05 0 0 
10467 3.197687996147888e-05 4.911004271244926e-05 0 0 
10468 3.196867808130157e-05 4.793778888395832e-05 0 0 
10469 3.209431351042209e-05 4.686844574285532e-05 0 0 
10470 3.227244390413785e-05 4.579169658537305e-05 0 0 
10471 3.278579665556622e-05 4.477073075251836e-05 0 0 
10472 3.363000262959792e-05 4.406512730749239e-05 0 0 
10473 3.456625577272182e-05 4.361392022362885e-05 0 0 
10474 3.55651331929755e-05 4.332518985547591e-05 0 0 
10475 3.65804839911123e-05 4.343230442603537e-05 0 0 
10476 3.742429262380416e-05 4.401091967297037e-05 0 0 
10477 3.80575138345869e-05 4.486595149955113e-05 0 0 
10478 3.840145429122153e-05 4.594770462882096e-05 0 0 
10479 3.820313505301069e-05 4.714502116933273e-05 0 0 
10480 4.816201522609037e-05 4.486698633267388e-05 0 0 
10481 4.85455932919235e-05 4.563950840394563e-05 0 0 
10482 4.895353565650157e-05 4.653701186955604e-05 0 0 
10483 4.887600393951862e-05 4.771015206757459e-05 0 0 
10484 4.803818754147311e-05 4.885749479210663e-05 0 0 
10485 4.682071908446866e-05 4.969906450001336e-05 0 0 
10486 4.554283670440493e-05 5.026273262185268e-05 0 0 
10487 4.42854835048165e-05 5.047703507042552e-05 0 0 
10488 4.32051926510621e-05 5.028179454715354e-05 0 0 
10489 4.230034782084301e-05 4.989630845267789e-05 0 0 
10490 4.148146409237125e-05 4.937351329557934e-05 0 0 
10491 4.103140060397619e-05 4.852280469920105e-05 0 0 
10492 4.116940749325579e-05 4.74485905825267e-05 0 0 
10493 4.159142348125797e-05 4.63754888539738e-05 0 0 
10494 4.214689423779646e-05 4.525566097474915e-05 0 0 
10495 4.310427026849443e-05 4.418973845906616e-05 0 0 
10496 4.442519708811861e-05 4.354513374553923e-05 0 0 
10497 4.574191632150685e-05 4.338962978938931e-05 0 0 
10498 4.687526930892576e-05 4.357108123826278e-05 0 0 
10499 4.770284168319425e-05 4.410026970373266e-05 0 0 
10500 8.371671511830564e-06 5.715512229659861e-05 0 0 
10501 8.340224633114181e-06 5.820178192341825e-05 0 0 
10502 8.044775192307019e-06 5.931515121522374e-05 0 0 
10503 7.246143393804927e-06 6.023491851879543e-05 0 0 
10504 6.03785118374772e-06 6.056126798524619e-05 0 0 
10505 4.843510362271707e-06 6.040139145045299e-05 0 0 
10506 3.771459603471553e-06 6.011629012562871e-05 0 0 
10507 2.778890705585293e-06 5.964305212722154e-05 0 0 
10508 2.06748542682027e-06 5.883100518540358e-05 0 0 
10509 1.69665082040008e-06 5.785552846619936e-05 0 0 
10510 1.515921398909084e-06 5.683970613025766e-05 0 0 
10511 1.633283986852629e-06 5.578868672311088e-05 0 0 
10512 2.181046164318928e-06 5.485655623612996e-05 0 0 
10513 2.97870659240397e-06 5.408891271403867e-05 0 0 
10514 3.957095259447236e-06 5.342139131086171e-05 0 0 
10515 5.176992839956915e-06 5.315295976551431e-05 0 0 
10516 6.341945713282526e-06 5.359604829662165e-05 0 0 
10517 7.140907591810074e-06 5.445238544589069e-05 0 0 
10518 7.710748545865125e-06 5.530746121802817e-05 0 0 
10519 8.164689073800242e-06 5.618038286535783e-05 0 0 
10520 1.741460341335471e-05 5.880742390034582e-05 0 0 
10521 1.658047664161749e-05 5.980215224501807e-05 0 0 
10522 1.553786776483963e-05 6.054157795242508e-05 0 0 
10523 1.441102217657194e-05 6.088823765321066e-05 0 0 
10524 1.342463946297744e-05 6.065264549464061e-05 0 0 
10525 1.271918083923306e-05 6.004702938241491e-05 0 0 
10526 1.213669491145073e-05 5.937696376624578e-05 0 0 
10527 1.171574118081698e-05 5.853014626569779e-05 0 0 
10528 1.176623100302891e-05 5.743905056739634e-05 0 0 
10529 1.222500228496379e-05 5.635645749294362e-05 0 0 
10530 1.278437984045045e-05 5.534152274932214e-05 0 0 
10531 1.349036977580413e-05 5.432345698095969e-05 0 0 
10532 1.447248685406589e-05 5.352660179809878e-05 0 0 
10533 1.558451813037032e-05 5.314120377188058e-05 0 0 
10534 1.666916714477094e-05 5.31298536380295e-05 0 0 
10535 1.754500321569166e-05 5.360003751724649e-05 0 0 
10536 1.792203926657304e-05 5.457427823951843e-05 0 0 
10537 1.789082210381533e-05 5.56531571077428e-05 0 0 
10538 1.787189033848824e-05 5.661008189397746e-05 0 0 
10539 1.783786365111528e-05 5.765812158288536e-05 0 0 
10540 2.81370873801016e-05 5.678271658225009e-05 0 0 
10541 2.798305480644835e-05 5.794864353536987e-05 0 0 
10542 2.753218255185377e-05 5.894736256438879e-05 0 0 
10543 2.692894487194286e-05 5.97792271983849e-05 0 0 
10544 2.612547349152628e-05 6.028910654096266e-05 0 0 
10545 2.523417489021689e-05 6.038096252555105e-05 0 0 
10546 2.437205022353928e-05 6.024086201559278e-05 0 0 
10547 2.354440297307452e-05 5.987677301415826e-05 0 0 
10548 2.289828357014838e-05 5.913769075636305e-05 0 0 
10549 2.252298295021427e-05 5.818495431703173e-05 0 0 
10550 2.222398107093598e-05 5.719227481021772e-05 0 0 
10551 2.201345892059226e-05 5.605024779230593e-05 0 0 
10552 2.224089459784073e-05 5.487812353124606e-05 0 0 
10553 2.295810175437564e-05 5.405802938014616e-05 0 0 
10554 2.385930978928624e-05 5.366642381049532e-05 0 0 
10555 2.476508760462693e-05 5.36083895467693e-05 0 0 
10556 2.5598260960383e-05 5.391236258917814e-05 0 0 
10557 2.630168559874483e-05 5.442741024190119e-05 0 0 
10558 2.701247636438472e-05 5.495307679930537e-05 0 0 
10559 2.774810562976341e-05 5.568536244838159e-05 0 0 
10560 3.856045549973836e-05 5.864823802847765e-05 0 0 
10561 3.787919769584584e-05 5.91854896087706e-05 0 0 
10562 3.701360364881346e-05 5.948174988555539e-05 0 0 
10563 3.609748130547755e-05 5.967727096952291e-05 0 0 
10564 3.504005455698614e-05 5.959903282786134e-05 0 0 
10565 3.400993122881758e-05 5.913870553923058e-05 0 0 
10566 3.316211131662546e-05 5.851156651933759e-05 0 0 
10567 3.242461074256243e-05 5.783820923207099e-05 0 0 
10568 3.187522464496648e-05 5.706893483159484e-05 0 0 
10569 3.164134808804789e-05 5.625658437580911e-05 0 0 
10570 3.16248564776643e-05 5.543754825597667e-05 0 0 
10571 3.189590655755815e-05 5.464380057232693e-05 0 0 
10572 3.270919119312456e-05 5.417659704399004e-05 0 0 
10573 3.387791474905486e-05 5.426270848287659e-05 0 0 
10574 3.496363725975371e-05 5.464051926366923e-05 0 0 
10575 3.591264957096341e-05 5.502853220946988e-05 0 0 
10576 3.681507410518445e-05 5.550719726807614e-05 0 0 
10577 3.759160823823381e-05 5.615651199331313e-05 0 0 
10578 3.823579129714304e-05 5.692861607546114e-05 0 0 
10579 3.866935182343843e-05 5.781218701660929e-05 0 0 
10580 4.837774136949492e-05 5.512469874781246e-05 0 0 
10581 4.870330701181419e-05 5.639459237492023e-05 0 0 
10582 4.866941614248182e-05 5.762896635919722e-05 0 0 
10583 4.845450315695828e-05 5.880922660338943e-05 0 0 
10584 4.786009560704412e-05 5.981839194381179e-05 0 0 
10585 4.685571475641588e-05 6.034246270854687e-05 0 0 
10586 4.57861724681619e-05 6.050084215678418e-05 0 0 
10587 4.472769806355983e-05 6.063842347916069e-05 0 0 
10588 4.354190651426636e-05 6.057365333524366e-05 0 0 
10589 4.239895118627771e-05 5.997043054689976e-05 0 0 
10590 4.152887816066558e-05 5.892714551522122e-05 0 0 
10591 4.101909485092826e-05 5.765078869353224e-05 0 0 
10592 4.108382337709808e-05 5.632873698244159e-05 0 0 
10593 4.174255490759363e-05 5.529397859764841e-05 0 0 
10594 4.253521952650724e-05 5.457115901557712e-05 0 0 
10595 4.32378585387673e-05 5.382607895368019e-05 0 0 
10596 4.413643313209651e-05 5.315451899069046e-05 0 0 
10597 4.529947213789857e-05 5.29985357719847e-05 0 0 
10598 4.648031370218345e-05 5.337188695322025e-05 0 0 
10599 4.756084538978631e-05 5.407548227023743e-05 0 0 
10600 7.884794622123926e-06 6.746390875048532e-05 0 0 
10601 7.538921648611535e-06 6.849840386446445e-05 0 0 
10602 6.895081828118829e-06 6.928928753855122e-05 0 0 
10603 6.150683194800705e-06 6.986068259251379e-05 0 0 
10604 5.329538860611986e-06 7.017142154904594e-05 0 0 
10605 4.504349709720939e-06 7.008217788596437e-05 0 0 
10606 3.755131034357281e-06 6.97695083162511e-05 0 0 
10607 2.96238499476059e-06 6.941262307815251e-05 0 0 
10608 2.194213440862078e-06 6.876079440795607e-05 0 0 
10609 1.847921855206017e-06 6.768592359823393e-05 0 0 
10610 2.043998502102034e-06 6.652464035019834e-05 0 0 
10611 2.526186127353423e-06 6.554002100901123e-05 0 0 
10612 3.163272119109426e-06 6.478120491313757e-05 0 0 
10613 3.922750389306824e-06 6.43218786691015e-05 0 0 
10614 4.694048879700512e-06 6.40555825371533e-05 0 0 
10615 5.51359368677288e-06 6.380624195165704e-05 0 0 
10616 6.428180957292582e-06 6.382267037937511e-05 0 0 
10617 7.186056397154685e-06 6.441161598223575e-05 0 0 
10618 7.611739755721337e-06 6.536098125784605e-05 0 0 
10619 7.847151996312407e-06 6.638043136866545e-05 0 0 
10620 1.727112392780567e-05 6.975745365981316e-05 0 0 
10621 1.645337478711049e-05 7.01441923288766e-05 0 0 
10622 1.548575753959309e-05 7.002027981977232e-05 0 0 
10623 1.45998643804321e-05 6.968496460730517e-05 0 0 
10624 1.37594030550914e-05 6.927944075223149e-05 0 0 
10625 1.297830276981943e-05 6.866513222730013e-05 0 0 
10626 1.233485385799706e-05 6.784079340610435e-05 0 0 
10627 1.180975386135435e-05 6.685670254651928e-05 0 0 
10628 1.159487093373623e-05 6.574817505171853e-05 0 0 
10629 1.200081875211165e-05 6.483242539647002e-05 0 0 
10630 1.285351258074928e-05 6.439387203071986e-05 0 0 
10631 1.371724185301777e-05 6.422491516894682e-05 0 0 
10632 1.453530263377219e-05 6.411066537702147e-05 0 0 
10633 1.541479948146223e-05 6.421663887844496e-05 0 0 
10634 1.629036705027985e-05 6.462911294291368e-05 0 0 
10635 1.712662202340015e-05 6.524844847507977e-05 0 0 
10636 1.783929944959449e-05 6.610426515921539e-05 0 0 
10637 1.815270420949619e-05 6.71416111689083e-05 0 0 
10638 1.803550897138072e-05 6.811594180048982e-05 0 0 
10639 1.774651788179562e-05 6.898496920214899e-05 0 0 
10640 2.859660106604388e-05 6.576988039960042e-05 0 0 
10641 2.857119973284261e-05 6.666268726019528e-05 0 0 
10642 2.80385628339575e-05 6.749872267173358e-05 0 0 
10643 2.74261259386951e-05 6.821332851866828e-05 0 0 
10644 2.681917122484219e-05 6.89754522917067e-05 0 0 
10645 2.59197693130765e-05 6.968920460323598e-05 0 0 
10646 2.473846743536356e-05 7.00645356102747e-05 0 0 
10647 2.353065357724293e-05 7.005768897160249e-05 0 0 
10648 2.248746935657826e-05 6.970235084003475e-05 0 0 
10649 2.187623014327229e-05 6.897995289492497e-05 0 0 
10650 2.177748046569201e-05 6.810217518402261e-05 0 0 
10651 2.181949005805796e-05 6.730041067505307e-05 0 0 
10652 2.184669632958604e-05 6.648244478813429e-05 0 0 
10653 2.221941028237813e-05 6.560940079437057e-05 0 0 
10654 2.306321047324459e-05 6.489682507235433e-05 0 0 
10655 2.411121627117297e-05 6.440139047817517e-05 0 0 
10656 2.525006202294962e-05 6.406987168052385e-05 0 0 
10657 2.641339052843047e-05 6.405875444727321e-05 0 0 
10658 2.738227879174233e-05 6.443774146161478e-05 0 0 
10659 2.811251415483104e-05 6.5027181356501e-05 0 0 
10660 3.823339348078205e-05 6.743511726183832e-05 0 0 
10661 3.787693421662944e-05 6.816535411484801e-05 0 0 
10662 3.724797578514072e-05 6.872507144965591e-05 0 0 
10663 3.654938056559812e-05 6.921614088621502e-05 0 0 
10664 3.571848441516706e-05 6.973751093300975e-05 0 0 
10665 3.459833397372852e-05 6.998481449646653e-05 0 0 
10666 3.346099345529579e-05 6.966192497711985e-05 0 0 
10667 3.263262066607885e-05 6.896632918168663e-05 0 0 
10668 3.209101426588148e-05 6.818558044905685e-05 0 0 
10669 3.183508814228107e-05 6.737306932804745e-05 0 0 
10670 3.191850958445565e-05 6.658532431021406e-05 0 0 
10671 3.216612415472522e-05 6.585208745539951e-05 0 0 
10672 3.25322516246685e-05 6.510627752515907e-05 0 0 
10673 3.325274593700881e-05 6.450083274982524e-05 0 0 
10674 3.428743218244337e-05 6.428503200640951e-05 0 0 
10675 3.535607990728025e-05 6.435393984147362e-05 0 0 
10676 3.642485621350091e-05 6.453551383093602e-05 0 0 
10677 3.743689773035215e-05 6.497592931081279e-05 0 0 
10678 3.808508899266447e-05 6.574264725660066e-05 0 0 
10679 3.829579470631755e-05 6.661150263522525e-05 0 0 
1 0 0 0 5e-05 0 0 1 13 2 1 -2 
2 5e-05 0 0 5e-05 7.81111111111111e-05 0 1 12 2 2 -3 
3 0 7.81111111111111e-05 0 5e-05 7.81111111111111e-05 0 1 14 2 3 -8 
4 0 0 0 0 7.81111111111111e-05 0 1 12 2 8 -1 
5 5e-05 7.81111111111111e-05 0 5e-05 0.000115 0 1 12 2 3 -4 
6 0 0.000115 0 5e-05 0.000115 0 0 2 4 -7 
7 0 7.81111111111111e-05 0 0 0.000115 0 1 12 2 7 -8 
8 5e-05 0.000115 0 5e-05 0.00012 0 1 12 2 4 -5 
9 0 0.00012 0 5e-05 0.00012 0 1 11 2 5 -6 
10 0 0.000115 0 0 0.00012 0 1 12 2 6 -7 
1000 4.550013153450092e-06 7.56597278727352e-06 0 8.289167141297391e-06 9.626320894974163e-06 0 1 15 2 10000 -10005 
1001 1.764113861943865e-06 6.443195368863806e-06 0 4.550013153450092e-06 9.6151115088378e-06 0 1 15 2 10005 -10010 
1002 1.764113861943865e-06 4.338220854286531e-06 0 5.392962596671703e-06 6.443195368863806e-06 0 1 15 2 10010 -10015 
1003 5.392962596671703e-06 4.716286560422874e-06 0 8.289167141297391e-06 7.56597278727352e-06 0 1 15 2 10015 -10000 
1004 1.580958678459051e-05 5.864696290426001e-06 0 1.847296235496828e-05 9.354301942178468e-06 0 1 15 2 10020 -10025 
1005 1.138744855666349e-05 8.242267975395019e-06 0 1.580958678459051e-05 9.460770420717125e-06 0 1 15 2 10025 -10030 
1006 1.133457641643266e-05 4.889651635986026e-06 0 1.42743028768829e-05 8.242267975395019e-06 0 1 15 2 10030 -10035 
1007 1.42743028768829e-05 4.380870568405735e-06 0 1.830149624387015e-05 5.864696290426001e-06 0 1 15 2 10035 -10020 
1008 2.368547396826681e-05 9.0413832871268e-06 0 2.834658470753453e-05 1.0199120348222e-05 0 1 15 2 10040 -10045 
1009 2.099149603814821e-05 4.569791819003463e-06 0 2.368547396826681e-05 9.0413832871268e-06 0 1 15 2 10045 -10050 
1010 2.122602653339306e-05 4.103112906655018e-06 0 2.632903150072795e-05 4.936090554194684e-06 0 1 15 2 10050 -10055 
1011 2.632903150072795e-05 4.936090554194684e-06 0 2.876738466831874e-05 9.154995949656304e-06 0 1 15 2 10055 -10040 
1012 3.565357334672008e-05 6.384227908462986e-06 0 3.771989844261356e-05 9.724995699249092e-06 0 1 15 2 10060 -10065 
1013 3.230020876924805e-05 7.64752821100389e-06 0 3.565357334672008e-05 1.002102613757916e-05 0 1 15 2 10065 -10070 
1014 3.230020876924805e-05 4.018901969216925e-06 0 3.428500209471288e-05 7.64752821100389e-06 0 1 15 2 10070 -10075 
1015 3.428500209471288e-05 3.977351515190871e-06 0 3.756738789850721e-05 6.384227908462986e-06 0 1 15 2 10075 -10060 
1016 4.347339065979027e-05 8.936386675822858e-06 0 4.780044278535532e-05 9.792620637757316e-06 0 1 15 2 10080 -10085 
1017 4.161006235072335e-05 4.86470300907762e-06 0 4.347339065979027e-05 8.936386675822858e-06 0 1 15 2 10085 -10090 
1018 4.229153979787736e-05 4.257156989790039e-06 0 4.660797435426681e-05 4.960408054205032e-06 0 1 15 2 10090 -10095 
1019 4.660797435426681e-05 4.960408054205032e-06 0 4.838125049544269e-05 9.207814258497547e-06 0 1 15 2 10095 -10080 
1020 6.742615425852115e-06 1.477703698642404e-05 0 8.003433776105499e-06 1.919992476892079e-05 0 1 15 2 10100 -10105 
1021 2.270787883142471e-06 1.916187717073233e-05 0 6.742615425852115e-06 2.0350568567867e-05 0 1 15 2 10105 -10110 
1022 1.863869047791165e-06 1.48633086052002e-05 0 3.307473311148634e-06 1.916187717073233e-05 0 1 15 2 10110 -10115 
1023 3.307473311148634e-06 1.366046101033331e-05 0 7.806328534346139e-06 1.48633086052002e-05 0 1 15 2 10115 -10100 
1024 1.415099775961819e-05 1.758750932551861e-05 0 1.755688484479993e-05 2.069492170991025e-05 0 1 15 2 10120 -10125 
1025 1.228511830428282e-05 1.637618687945314e-05 0 1.415099775961819e-05 2.069492170991025e-05 0 1 15 2 10125 -10130 
1026 1.228511830428282e-05 1.344888278399049e-05 0 1.581595950034993e-05 1.637618687945314e-05 0 1 15 2 10130 -10135 
1027 1.581595950034993e-05 1.344888278399049e-05 0 1.799327479350388e-05 1.758750932551861e-05 0 1 15 2 10135 -10120 
1028 2.671617736898497e-05 1.498945932141476e-05 0 2.874810575352281e-05 1.953771598173755e-05 0 1 15 2 10140 -10145 
1029 2.169180013850625e-05 1.923723134315744e-05 0 2.671617736898497e-05 2.026132476929995e-05 0 1 15 2 10145 -10150 
1030 2.125593012923685e-05 1.435773427228031e-05 0 2.32131189315944e-05 1.923723134315744e-05 0 1 15 2 10150 -10155 
1031 2.32131189315944e-05 1.361068529100551e-05 0 2.797299178056223e-05 1.498945932141476e-05 0 1 15 2 10155 -10140 
1032 3.451790051081308e-05 1.747788710509728e-05 0 3.841232464567833e-05 2.07193879954182e-05 0 1 15 2 10160 -10165 
1033 3.147391294310035e-05 1.650618076797678e-05 0 3.451790051081308e-05 2.044240292544952e-05 0 1 15 2 10165 -10170 
1034 3.147391294310035e-05 1.310657498543667e-05 0 3.554526394828213e-05 1.650618076797678e-05 0 1 15 2 10170 -10175 
1035 3.554526394828213e-05 1.310657498543667e-05 0 3.841232464567833e-05 1.747788710509728e-05 0 1 15 2 10175 -10160 
1036 4.288967498878803e-05 1.867231665200475e-05 0 4.75112983619551e-05 2.091367659860241e-05 0 1 15 2 10180 -10185 
1037 4.176013962919417e-05 1.546549604508993e-05 0 4.288967498878803e-05 2.016905039335483e-05 0 1 15 2 10185 -10190 
1038 4.269565335383127e-05 1.302670876551233e-05 0 4.735476097012576e-05 1.546549604508993e-05 0 1 15 2 10190 -10195 
1039 4.735476097012576e-05 1.34638829853284e-05 0 4.788500423644623e-05 1.867231665200475e-05 0 1 15 2 10195 -10180 
1040 5.575268800387224e-06 2.646622641327064e-05 0 8.240920287997761e-06 3.049286733660051e-05 0 1 15 2 10200 -10205 
1041 2.132098989611825e-06 2.747233800052682e-05 0 5.575268800387224e-06 3.049286733660051e-05 0 1 15 2 10205 -10210 
1042 1.791772202883829e-06 2.349613230521343e-05 0 4.422919460932862e-06 2.747233800052682e-05 0 1 15 2 10210 -10215 
1043 4.422919460932862e-06 2.349613230521343e-05 0 8.240920287997761e-06 2.646622641327064e-05 0 1 15 2 10215 -10200 
1044 1.383659814842173e-05 2.89367979578656e-05 0 1.916431281473471e-05 3.014527233002942e-05 0 1 15 2 10220 -10225 
1045 1.104475017460071e-05 2.51640070822277e-05 0 1.383659814842173e-05 2.950143243880355e-05 0 1 15 2 10225 -10230 
1046 1.105242828546397e-05 2.366304385632258e-05 0 1.60724287358674e-05 2.51640070822277e-05 0 1 15 2 10230 -10235 
1047 1.60724287358674e-05 2.469416902288357e-05 0 1.927964316315316e-05 2.89367979578656e-05 0 1 15 2 10235 -10220 
1048 2.653954891253504e-05 2.544420162446889e-05 0 2.856148492101813e-05 3.029915802911158e-05 0 1 15 2 10240 -10245 
1049 2.157384973750587e-05 2.859880971577009e-05 0 2.653954891253504e-05 3.043372253880214e-05 0 1 15 2 10245 -10250 
1050 2.116441076346107e-05 2.3867200020824e-05 0 2.353808191102958e-05 2.859880971577009e-05 0 1 15 2 10250 -10255 
1051 2.353808191102958e-05 2.318616239093208e-05 0 2.833397962255088e-05 2.544420162446889e-05 0 1 15 2 10255 -10240 
1052 3.417231826009331e-05 2.777467684230235e-05 0 3.749724608347444e-05 2.984901925362964e-05 0 1 15 2 10260 -10265 
1053 3.211611762435173e-05 2.620620140904636e-05 0 3.417231826009331e-05 2.966811252186444e-05 0 1 15 2 10265 -10270 
1054 3.24411131015159e-05 2.42352971970263e-05 0 3.585764524829378e-05 2.620620140904636e-05 0 1 15 2 10270 -10275 
1055 3.585764524829378e-05 2.42352971970263e-05 0 3.76006167082644e-05 2.777467684230235e-05 0 1 15 2 10275 -10260 
1056 4.327056184592215e-05 2.884377445645169e-05 0 4.751477943725461e-05 2.986390068029997e-05 0 1 15 2 10280 -10285 
1057 4.161379020859494e-05 2.477061714424966e-05 0 4.327056184592215e-05 2.884377445645169e-05 0 1 15 2 10285 -10290 
1058 4.262322858820265e-05 2.426237418402595e-05 0 4.681919488816926e-05 2.506053482849032e-05 0 1 15 2 10290 -10295 
1059 4.681919488816926e-05 2.506053482849032e-05 0 4.806883207246752e-05 2.935883271549841e-05 0 1 15 2 10295 -10280 
1060 6.038374408321941e-06 3.561125535058603e-05 0 8.436906168575e-06 3.953354752860582e-05 0 1 15 2 10300 -10305 
1061 1.964006981021249e-06 3.824430168337374e-05 0 6.038374408321941e-06 4.004283312177553e-05 0 1 15 2 10305 -10310 
1062 1.920967273348016e-06 3.455180371032069e-05 0 3.996606795393084e-06 3.824430168337374e-05 0 1 15 2 10310 -10315 
1063 3.996606795393084e-06 3.407636548535179e-05 0 8.38842188924252e-06 3.561125535058603e-05 0 1 15 2 10315 -10300 
1064 1.482711423213531e-05 3.718728390504517e-05 0 1.80571038767953e-05 3.982207780243796e-05 0 1 15 2 10320 -10325 
1065 1.20510085646889e-05 3.682151459084317e-05 0 1.482711423213531e-05 3.982207780243796e-05 0 1 15 2 10325 -10330 
1066 1.20865171988317e-05 3.448465531377632e-05 0 1.515326451371251e-05 3.682151459084317e-05 0 1 15 2 10330 -10335 
1067 1.515326451371251e-05 3.449820712605999e-05 0 1.807616333682607e-05 3.718728390504517e-05 0 1 15 2 10335 -10320 
1068 2.455685439432235e-05 3.755736818872899e-05 0 2.796602850488929e-05 3.937610616022061e-05 0 1 15 2 10340 -10345 
1069 2.208201799673067e-05 3.64516605820797e-05 0 2.455685439432235e-05 3.935819432259604e-05 0 1 15 2 10345 -10350 
1070 2.208201799673067e-05 3.457564753720956e-05 0 2.53869883069825e-05 3.64516605820797e-05 0 1 15 2 10350 -10355 
1071 2.53869883069825e-05 3.494064610650563e-05 0 2.796602850488929e-05 3.755736818872899e-05 0 1 15 2 10355 -10340 
1072 3.609290040664154e-05 3.546739854272366e-05 0 3.884784326308193e-05 3.95555206158841e-05 0 1 15 2 10360 -10365 
1073 3.107868917576227e-05 3.867699769970146e-05 0 3.609290040664154e-05 3.976467284591996e-05 0 1 15 2 10365 -10370 
1074 3.097819932816575e-05 3.470928331055755e-05 0 3.402034630993336e-05 3.867699769970146e-05 0 1 15 2 10370 -10375 
1075 3.402034630993336e-05 3.396366391439067e-05 0 3.858367020105636e-05 3.546739854272366e-05 0 1 15 2 10375 -10360 
1076 4.410834380844954e-05 3.846175536649031e-05 0 4.859496073633415e-05 3.977381435733175e-05 0 1 15 2 10380 -10385 
1077 4.085788270304926e-05 3.535156541671138e-05 0 4.410834380844954e-05 3.919289018697396e-05 0 1 15 2 10385 -10390 
1078 4.094593066720429e-05 3.442767724583053e-05 0 4.590149539665427e-05 3.535156541671138e-05 0 1 15 2 10390 -10395 
1079 4.590149539665427e-05 3.47829118132541e-05 0 4.877141560139656e-05 3.846175536649031e-05 0 1 15 2 10395 -10380 
1080 5.614994343087805e-06 4.642057558676914e-05 0 7.847498353311171e-06 4.988284717982461e-05 0 1 15 2 10400 -10405 
1081 2.143817313974762e-06 4.760930603849688e-05 0 5.614994343087805e-06 5.017199259511813e-05 0 1 15 2 10405 -10410 
1082 2.143817313974762e-06 4.38462151873517e-05 0 4.327206855545871e-06 4.760930603849688e-05 0 1 15 2 10410 -10415 
1083 4.327206855545871e-06 4.38143759662556e-05 0 7.716109594142454e-06 4.642057558676914e-05 0 1 15 2 10415 -10400 
1084 1.309272592353647e-05 4.908155152496369e-05 0 1.801038321695373e-05 5.031879402482196e-05 0 1 15 2 10420 -10425 
1085 1.116307272952449e-05 4.433226013422835e-05 0 1.309272592353647e-05 4.908155152496369e-05 0 1 15 2 10425 -10430 
1086 1.20884950126833e-05 4.382467578123287e-05 0 1.700892770713034e-05 4.480750622895653e-05 0 1 15 2 10430 -10435 
1087 1.700892770713034e-05 4.480750622895653e-05 0 1.878233763777138e-05 4.975833953714735e-05 0 1 15 2 10435 -10420 
1088 2.687046614237834e-05 4.461394453935815e-05 0 2.844090762271723e-05 4.957337083084641e-05 0 1 15 2 10440 -10445 
1089 2.180749316888725e-05 4.932048792398253e-05 0 2.687046614237834e-05 5.076557295724975e-05 0 1 15 2 10445 -10450 
1090 2.140682419093103e-05 4.450059666240508e-05 0 2.31832974621924e-05 4.932048792398253e-05 0 1 15 2 10450 -10455 
1091 2.31832974621924e-05 4.327577688763378e-05 0 2.828271407008207e-05 4.461394453935815e-05 0 1 15 2 10455 -10440 
1092 3.335551341853796e-05 4.813798427889267e-05 0 3.75688216381043e-05 5.083596694623281e-05 0 1 15 2 10460 -10465 
1093 3.194089721028352e-05 4.579169658537305e-05 0 3.335551341853796e-05 5.07121714178182e-05 0 1 15 2 10465 -10470 
1094 3.227244390413785e-05 4.333900359336171e-05 0 3.65804839911123e-05 4.579169658537305e-05 0 1 15 2 10470 -10475 
1095 3.65804839911123e-05 4.343230442603537e-05 0 3.839166319575816e-05 4.813798427889267e-05 0 1 15 2 10475 -10460 
1096 4.682071908446866e-05 4.486698633267388e-05 0 4.898353850613136e-05 4.969906450001336e-05 0 1 15 2 10480 -10485 
1097 4.148146409237125e-05 4.937351329557934e-05 0 4.682071908446866e-05 5.046482941726665e-05 0 1 15 2 10485 -10490 
1098 4.101936256495172e-05 4.418973845906616e-05 0 4.310427026849443e-05 4.937351329557934e-05 0 1 15 2 10490 -10495 
1099 4.310427026849443e-05 4.33983899389421e-05 0 4.816201522609037e-05 4.486698633267388e-05 0 1 15 2 10495 -10480 
1100 4.843510362271707e-06 5.715512229659861e-05 0 8.37230819526596e-06 6.054960625219513e-05 0 1 15 2 10500 -10505 
1101 1.515921398909084e-06 5.683970613025766e-05 0 4.843510362271707e-06 6.040139145045299e-05 0 1 15 2 10505 -10510 
1102 1.515921398909084e-06 5.315295976551431e-05 0 5.176992839956915e-06 5.683970613025766e-05 0 1 15 2 10510 -10515 
1103 5.176992839956915e-06 5.315295976551431e-05 0 8.371671511830564e-06 5.715512229659861e-05 0 1 15 2 10515 -10500 
1104 1.271918083923306e-05 5.880742390034582e-05 0 1.741460341335471e-05 6.086654129192313e-05 0 1 15 2 10520 -10525 
1105 1.16874320953201e-05 5.534152274932214e-05 0 1.278437984045045e-05 6.004702938241491e-05 0 1 15 2 10525 -10530 
1106 1.278437984045045e-05 5.309187854956717e-05 0 1.754500321569166e-05 5.534152274932214e-05 0 1 15 2 10530 -10535 
1107 1.741460341335471e-05 5.360003751724649e-05 0 1.793642386336777e-05 5.880742390034582e-05 0 1 15 2 10535 -10520 
1108 2.523417489021689e-05 5.678271658225009e-05 0 2.81370873801016e-05 6.038096252555105e-05 0 1 15 2 10540 -10545 
1109 2.222398107093598e-05 5.719227481021772e-05 0 2.523417489021689e-05 6.038096252555105e-05 0 1 15 2 10545 -10550 
1110 2.201681770448393e-05 5.36083895467693e-05 0 2.476508760462693e-05 5.719227481021772e-05 0 1 15 2 10550 -10555 
1111 2.476508760462693e-05 5.36083895467693e-05 0 2.81370873801016e-05 5.678271658225009e-05 0 1 15 2 10555 -10540 
1112 3.400993122881758e-05 5.864823802847765e-05 0 3.856045549973836e-05 5.968562150001451e-05 0 1 15 2 10560 -10565 
1113 3.161910867914387e-05 5.543754825597667e-05 0 3.400993122881758e-05 5.913870553923058e-05 0 1 15 2 10565 -10570 
1114 3.16248564776643e-05 5.415293974483913e-05 0 3.591264957096341e-05 5.543754825597667e-05 0 1 15 2 10570 -10575 
1115 3.591264957096341e-05 5.502853220946988e-05 0 3.865815900261669e-05 5.864823802847765e-05 0 1 15 2 10575 -10560 
1116 4.685571475641588e-05 5.512469874781246e-05 0 4.871631323461486e-05 6.034246270854687e-05 0 1 15 2 10580 -10585 
1117 4.152887816066558e-05 5.892714551522122e-05 0 4.685571475641588e-05 6.064797189556096e-05 0 1 15 2 10585 -10590 
1118 4.099696876302078e-05 5.382607895368019e-05 0 4.32378585387673e-05 5.892714551522122e-05 0 1 15 2 10590 -10595 
1119 4.32378585387673e-05 5.299222478769526e-05 0 4.837774136949492e-05 5.512469874781246e-05 0 1 15 2 10595 -10580 
1120 4.504349709720939e-06 6.746390875048532e-05 0 7.884794622123926e-06 7.015919134896673e-05 0 1 15 2 10600 -10605 
1121 1.86027619693922e-06 6.652464035019834e-05 0 4.504349709720939e-06 7.008217788596437e-05 0 1 15 2 10605 -10610 
1122 2.043998502102034e-06 6.380624195165704e-05 0 5.51359368677288e-06 6.652464035019834e-05 0 1 15 2 10610 -10615 
1123 5.51359368677288e-06 6.377610155998172e-05 0 7.884794622123926e-06 6.746390875048532e-05 0 1 15 2 10615 -10600 
1124 1.297830276981943e-05 6.866513222730013e-05 0 1.727112392780567e-05 7.015399964750126e-05 0 1 15 2 10620 -10625 
1125 1.159493580171169e-05 6.439387203071986e-05 0 1.297830276981943e-05 6.866513222730013e-05 0 1 15 2 10625 -10630 
1126 1.285351258074928e-05 6.411352649907069e-05 0 1.712662202340015e-05 6.524844847507977e-05 0 1 15 2 10630 -10635 
1127 1.712662202340015e-05 6.524844847507977e-05 0 1.81589029931021e-05 6.975745365981316e-05 0 1 15 2 10635 -10620 
1128 2.59197693130765e-05 6.576988039960042e-05 0 2.861727903358527e-05 6.968920460323598e-05 0 1 15 2 10640 -10645 
1129 2.177748046569201e-05 6.810217518402261e-05 0 2.59197693130765e-05 7.009994009677107e-05 0 1 15 2 10645 -10650 
1130 2.177748046569201e-05 6.440139047817517e-05 0 2.411121627117297e-05 6.810217518402261e-05 0 1 15 2 10650 -10655 
1131 2.411121627117297e-05 6.402169685614989e-05 0 2.859660106604388e-05 6.576988039960042e-05 0 1 15 2 10655 -10640 
1132 3.459833397372852e-05 6.743511726183832e-05 0 3.823339348078205e-05 6.998481449646653e-05 0 1 15 2 10660 -10665 
1133 3.184706094447646e-05 6.658532431021406e-05 0 3.459833397372852e-05 6.998481449646653e-05 0 1 15 2 10665 -10670 
1134 3.191850958445565e-05 6.429437440637884e-05 0 3.535607990728025e-05 6.658532431021406e-05 0 1 15 2 10670 -10675 
1135 3.535607990728025e-05 6.435393984147362e-05 0 3.828679244278659e-05 6.743511726183832e-05 0 1 15 2 10675 -10660 
201 0 0 0 5e-05 7.81111111111111e-05 0 1 2 140 1 2 3 4 -1003 -1002 -1001 -1000 -1007 -1006 -1005 -1004 -1011 -1010 -1009 -1008 -1015 -1014 -1013 -1012 -1019 -1018 -1017 -1016 -1023 -1022 -1021 -1020 -1027 -1026 -1025 -1024 -1031 -1030 -1029 -1028 -1035 -1034 -1033 -1032 -1039 -1038 -1037 -1036 -1043 -1042 -1041 -1040 -1047 -1046 -1045 -1044 -1051 -1050 -1049 -1048 -1055 -1054 -1053 -1052 -1059 -1058 -1057 -1056 -1063 -1062 -1061 -1060 -1067 -1066 -1065 -1064 -1071 -1070 -1069 -1068 -1075 -1074 -1073 -1072 -1079 -1078 -1077 -1076 -1083 -1082 -1081 -1080 -1087 -1086 -1085 -1084 -1091 -1090 -1089 -1088 -1095 -1094 -1093 -1092 -1099 -1098 -1097 -1096 -1103 -1102 -1101 -1100 -1107 -1106 -1105 -1104 -1111 -1110 -1109 -1108 -1115 -1114 -1113 -1112 -1119 -1118 -1117 -1116 -1123 -1122 -1121 -1120 -1127 -1126 -1125 -1124 -1131 -1130 -1129 -1128 -1135 -1134 -1133 -1132 
202 0 7.81111111111111e-05 0 5e-05 0.000115 0 1 102 4 -3 5 6 7 
203 0 0.000115 0 5e-05 0.00012 0 1 101 4 -6 8 9 10 
3000 1.764113861943865e-06 4.338220854286531e-06 0 8.289167141297391e-06 9.626320894974163e-06 0 1 3 4 1000 1001 1002 1003 
3001 1.133457641643266e-05 4.380870568405735e-06 0 1.847296235496828e-05 9.460770420717125e-06 0 1 3 4 1004 1005 1006 1007 
3002 2.099149603814821e-05 4.103112906655018e-06 0 2.876738466831874e-05 1.0199120348222e-05 0 1 3 4 1008 1009 1010 1011 
3003 3.230020876924805e-05 3.977351515190871e-06 0 3.771989844261356e-05 1.002102613757916e-05 0 1 3 4 1012 1013 1014 1015 
3004 4.161006235072335e-05 4.257156989790039e-06 0 4.838125049544269e-05 9.792620637757316e-06 0 1 3 4 1016 1017 1018 1019 
3005 1.863869047791164e-06 1.366046101033331e-05 0 8.003433776105499e-06 2.0350568567867e-05 0 1 3 4 1020 1021 1022 1023 
3006 1.228511830428282e-05 1.344888278399049e-05 0 1.799327479350388e-05 2.069492170991025e-05 0 1 3 4 1024 1025 1026 1027 
3007 2.125593012923685e-05 1.361068529100551e-05 0 2.874810575352281e-05 2.026132476929995e-05 0 1 3 4 1028 1029 1030 1031 
3008 3.147391294310035e-05 1.310657498543667e-05 0 3.841232464567833e-05 2.07193879954182e-05 0 1 3 4 1032 1033 1034 1035 
3009 4.176013962919417e-05 1.302670876551233e-05 0 4.788500423644623e-05 2.091367659860241e-05 0 1 3 4 1036 1037 1038 1039 
3010 1.791772202883829e-06 2.349613230521343e-05 0 8.240920287997761e-06 3.049286733660051e-05 0 1 3 4 1040 1041 1042 1043 
3011 1.104475017460071e-05 2.366304385632258e-05 0 1.927964316315316e-05 3.014527233002942e-05 0 1 3 4 1044 1045 1046 1047 
3012 2.116441076346107e-05 2.318616239093208e-05 0 2.856148492101813e-05 3.043372253880214e-05 0 1 3 4 1048 1049 1050 1051 
3013 3.211611762435173e-05 2.42352971970263e-05 0 3.76006167082644e-05 2.984901925362964e-05 0 1 3 4 1052 1053 1054 1055 
3014 4.161379020859494e-05 2.426237418402595e-05 0 4.806883207246752e-05 2.986390068029997e-05 0 1 3 4 1056 1057 1058 1059 
3015 1.920967273348016e-06 3.407636548535179e-05 0 8.436906168575e-06 4.004283312177553e-05 0 1 3 4 1060 1061 1062 1063 
3016 1.20510085646889e-05 3.448465531377632e-05 0 1.807616333682607e-05 3.982207780243796e-05 0 1 3 4 1064 1065 1066 1067 
3017 2.208201799673067e-05 3.457564753720956e-05 0 2.796602850488929e-05 3.937610616022061e-05 0 1 3 4 1068 1069 1070 1071 
3018 3.097819932816575e-05 3.396366391439067e-05 0 3.884784326308193e-05 3.976467284591996e-05 0 1 3 4 1072 1073 1074 1075 
3019 4.085788270304926e-05 3.442767724583053e-05 0 4.877141560139656e-05 3.977381435733175e-05 0 1 3 4 1076 1077 1078 1079 
3020 2.143817313974762e-06 4.38143759662556e-05 0 7.847498353311171e-06 5.017199259511813e-05 0 1 3 4 1080 1081 1082 1083 
3021 1.116307272952449e-05 4.382467578123287e-05 0 1.878233763777138e-05 5.031879402482196e-05 0 1 3 4 1084 1085 1086 1087 
3022 2.140682419093103e-05 4.327577688763378e-05 0 2.844090762271723e-05 5.076557295724975e-05 0 1 3 4 1088 1089 1090 1091 
3023 3.194089721028352e-05 4.333900359336171e-05 0 3.839166319575816e-05 5.083596694623281e-05 0 1 3 4 1092 1093 1094 1095 
3024 4.101936256495172e-05 4.33983899389421e-05 0 4.898353850613136e-05 5.046482941726665e-05 0 1 3 4 1096 1097 1098 1099 
3025 1.515921398909084e-06 5.315295976551431e-05 0 8.37230819526596e-06 6.054960625219513e-05 0 1 3 4 1100 1101 1102 1103 
3026 1.16874320953201e-05 5.309187854956717e-05 0 1.793642386336777e-05 6.086654129192313e-05 0 1 3 4 1104 1105 1106 1107 
3027 2.201681770448393e-05 5.36083895467693e-05 0 2.81370873801016e-05 6.038096252555105e-05 0 1 3 4 1108 1109 1110 1111 
3028 3.161910867914387e-05 5.415293974483913e-05 0 3.865815900261669e-05 5.968562150001451e-05 0 1 3 4 1112 1113 1114 1115 
3029 4.099696876302078e-05 5.299222478769526e-05 0 4.871631323461486e-05 6.064797189556096e-05 0 1 3 4 1116 1117 1118 1119 
3030 1.86027619693922e-06 6.377610155998172e-05 0 7.884794622123926e-06 7.015919134896673e-05 0 1 3 4 1120 1121 1122 1123 
3031 1.159493580171169e-05 6.411352649907069e-05 0 1.81589029931021e-05 7.015399964750126e-05 0 1 3 4 1124 1125 1126 1127 
3032 2.177748046569201e-05 6.402169685614989e-05 0 2.861727903358527e-05 7.009994009677107e-05 0 1 3 4 1128 1129 1130 1131 
3033 3.184706094447646e-05 6.429437440637884e-05 0 3.828679244278659e-05 6.998481449646653e-05 0 1 3 4 1132 1133 1134 1135 
$EndEntities
$Nodes
327 9047 1 9047
0 1 0 1
1
0 0 0
0 2 0 1
2
5e-05 0 0
0 3 0 1
3
5e-05 7.81111111111111e-05 0
0 4 0 1
4
5e-05 0.000115 0
0 5 0 1
5
5e-05 0.00012 0
0 6 0 1
6
0 0.00012 0
0 7 0 1
7
0 0.000115 0
0 8 0 1
8
0 7.81111111111111e-05 0
0 10000 0 1
9
8.289167141297391e-06 7.56597278727352e-06 0
0 10005 0 1
10
4.550013153450092e-06 9.6151115088378e-06 0
0 10010 0 1
11
1.764113861943865e-06 6.443195368863806e-06 0
0 10015 0 1
12
5.392962596671703e-06 4.716286560422874e-06 0
0 10020 0 1
13
1.830149624387015e-05 5.864696290426001e-06 0
0 10025 0 1
14
1.580958678459051e-05 9.354301942178468e-06 0
0 10030 0 1
15
1.138744855666349e-05 8.242267975395019e-06 0
0 10035 0 1
16
1.42743028768829e-05 4.889651635986026e-06 0
0 10040 0 1
17
2.834658470753453e-05 9.154995949656304e-06 0
0 10045 0 1
18
2.368547396826681e-05 9.0413832871268e-06 0
0 10050 0 1
19
2.122602653339306e-05 4.569791819003463e-06 0
0 10055 0 1
20
2.632903150072795e-05 4.936090554194684e-06 0
0 10060 0 1
21
3.756738789850721e-05 6.384227908462986e-06 0
0 10065 0 1
22
3.565357334672008e-05 9.724995699249092e-06 0
0 10070 0 1
23
3.230020876924805e-05 7.64752821100389e-06 0
0 10075 0 1
24
3.428500209471288e-05 4.018901969216925e-06 0
0 10080 0 1
25
4.780044278535532e-05 9.207814258497547e-06 0
0 10085 0 1
26
4.347339065979027e-05 8.936386675822858e-06 0
0 10090 0 1
27
4.229153979787736e-05 4.86470300907762e-06 0
0 10095 0 1
28
4.660797435426681e-05 4.960408054205032e-06 0
0 10100 0 1
29
7.806328534346139e-06 1.477703698642404e-05 0
0 10105 0 1
30
6.742615425852115e-06 1.919992476892079e-05 0
0 10110 0 1
31
2.270787883142471e-06 1.916187717073233e-05 0
0 10115 0 1
32
3.307473311148634e-06 1.48633086052002e-05 0
0 10120 0 1
33
1.755688484479993e-05 1.758750932551861e-05 0
0 10125 0 1
34
1.415099775961819e-05 2.069492170991025e-05 0
0 10130 0 1
35
1.228511830428282e-05 1.637618687945314e-05 0
0 10135 0 1
36
1.581595950034993e-05 1.344888278399049e-05 0
0 10140 0 1
37
2.797299178056223e-05 1.498945932141476e-05 0
0 10145 0 1
38
2.671617736898497e-05 1.953771598173755e-05 0
0 10150 0 1
39
2.169180013850625e-05 1.923723134315744e-05 0
0 10155 0 1
40
2.32131189315944e-05 1.435773427228031e-05 0
0 10160 0 1
41
3.841232464567833e-05 1.747788710509728e-05 0
0 10165 0 1
42
3.451790051081308e-05 2.044240292544952e-05 0
0 10170 0 1
43
3.147391294310035e-05 1.650618076797678e-05 0
0 10175 0 1
44
3.554526394828213e-05 1.310657498543667e-05 0
0 10180 0 1
45
4.75112983619551e-05 1.867231665200475e-05 0
0 10185 0 1
46
4.288967498878803e-05 2.016905039335483e-05 0
0 10190 0 1
47
4.269565335383127e-05 1.546549604508993e-05 0
0 10195 0 1
48
4.735476097012576e-05 1.34638829853284e-05 0
0 10200 0 1
49
8.240920287997761e-06 2.646622641327064e-05 0
0 10205 0 1
50
5.575268800387224e-06 3.049286733660051e-05 0
0 10210 0 1
51
2.132098989611825e-06 2.747233800052682e-05 0
0 10215 0 1
52
4.422919460932862e-06 2.349613230521343e-05 0
0 10220 0 1
53
1.916431281473471e-05 2.89367979578656e-05 0
0 10225 0 1
54
1.383659814842173e-05 2.950143243880355e-05 0
0 10230 0 1
55
1.105242828546397e-05 2.51640070822277e-05 0
0 10235 0 1
56
1.60724287358674e-05 2.469416902288357e-05 0
0 10240 0 1
57
2.833397962255088e-05 2.544420162446889e-05 0
0 10245 0 1
58
2.653954891253504e-05 3.029915802911158e-05 0
0 10250 0 1
59
2.157384973750587e-05 2.859880971577009e-05 0
0 10255 0 1
60
2.353808191102958e-05 2.3867200020824e-05 0
0 10260 0 1
61
3.749724608347444e-05 2.777467684230235e-05 0
0 10265 0 1
62
3.417231826009331e-05 2.966811252186444e-05 0
0 10270 0 1
63
3.24411131015159e-05 2.620620140904636e-05 0
0 10275 0 1
64
3.585764524829378e-05 2.42352971970263e-05 0
0 10280 0 1
65
4.751477943725461e-05 2.935883271549841e-05 0
0 10285 0 1
66
4.327056184592215e-05 2.884377445645169e-05 0
0 10290 0 1
67
4.262322858820265e-05 2.477061714424966e-05 0
0 10295 0 1
68
4.681919488816926e-05 2.506053482849032e-05 0
0 10300 0 1
69
8.38842188924252e-06 3.561125535058603e-05 0
0 10305 0 1
70
6.038374408321941e-06 3.953354752860582e-05 0
0 10310 0 1
71
1.964006981021249e-06 3.824430168337374e-05 0
0 10315 0 1
72
3.996606795393084e-06 3.455180371032069e-05 0
0 10320 0 1
73
1.80571038767953e-05 3.718728390504517e-05 0
0 10325 0 1
74
1.482711423213531e-05 3.982207780243796e-05 0
0 10330 0 1
75
1.20865171988317e-05 3.682151459084317e-05 0
0 10335 0 1
76
1.515326451371251e-05 3.449820712605999e-05 0
0 10340 0 1
77
2.796602850488929e-05 3.755736818872899e-05 0
0 10345 0 1
78
2.455685439432235e-05 3.935819432259604e-05 0
0 10350 0 1
79
2.208201799673067e-05 3.64516605820797e-05 0
0 10355 0 1
80
2.53869883069825e-05 3.494064610650563e-05 0
0 10360 0 1
81
3.858367020105636e-05 3.546739854272366e-05 0
0 10365 0 1
82
3.609290040664154e-05 3.95555206158841e-05 0
0 10370 0 1
83
3.107868917576227e-05 3.867699769970146e-05 0
0 10375 0 1
84
3.402034630993336e-05 3.470928331055755e-05 0
0 10380 0 1
85
4.859496073633415e-05 3.846175536649031e-05 0
0 10385 0 1
86
4.410834380844954e-05 3.919289018697396e-05 0
0 10390 0 1
87
4.094593066720429e-05 3.535156541671138e-05 0
0 10395 0 1
88
4.590149539665427e-05 3.47829118132541e-05 0
0 10400 0 1
89
7.716109594142454e-06 4.642057558676914e-05 0
0 10405 0 1
90
5.614994343087805e-06 4.988284717982461e-05 0
0 10410 0 1
91
2.143817313974762e-06 4.760930603849688e-05 0
0 10415 0 1
92
4.327206855545871e-06 4.38462151873517e-05 0
0 10420 0 1
93
1.801038321695373e-05 4.975833953714735e-05 0
0 10425 0 1
94
1.309272592353647e-05 4.908155152496369e-05 0
0 10430 0 1
95
1.20884950126833e-05 4.433226013422835e-05 0
0 10435 0 1
96
1.700892770713034e-05 4.480750622895653e-05 0
0 10440 0 1
97
2.828271407008207e-05 4.461394453935815e-05 0
0 10445 0 1
98
2.687046614237834e-05 4.957337083084641e-05 0
0 10450 0 1
99
2.180749316888725e-05 4.932048792398253e-05 0
0 10455 0 1
100
2.31832974621924e-05 4.450059666240508e-05 0
0 10460 0 1
101
3.75688216381043e-05 4.813798427889267e-05 0
0 10465 0 1
102
3.335551341853796e-05 5.07121714178182e-05 0
0 10470 0 1
103
3.227244390413785e-05 4.579169658537305e-05 0
0 10475 0 1
104
3.65804839911123e-05 4.343230442603537e-05 0
0 10480 0 1
105
4.816201522609037e-05 4.486698633267388e-05 0
0 10485 0 1
106
4.682071908446866e-05 4.969906450001336e-05 0
0 10490 0 1
107
4.148146409237125e-05 4.937351329557934e-05 0
0 10495 0 1
108
4.310427026849443e-05 4.418973845906616e-05 0
0 10500 0 1
109
8.371671511830564e-06 5.715512229659861e-05 0
0 10505 0 1
110
4.843510362271707e-06 6.040139145045299e-05 0
0 10510 0 1
111
1.515921398909084e-06 5.683970613025766e-05 0
0 10515 0 1
112
5.176992839956915e-06 5.315295976551431e-05 0
0 10520 0 1
113
1.741460341335471e-05 5.880742390034582e-05 0
0 10525 0 1
114
1.271918083923306e-05 6.004702938241491e-05 0
0 10530 0 1
115
1.278437984045045e-05 5.534152274932214e-05 0
0 10535 0 1
116
1.754500321569166e-05 5.360003751724649e-05 0
0 10540 0 1
117
2.81370873801016e-05 5.678271658225009e-05 0
0 10545 0 1
118
2.523417489021689e-05 6.038096252555105e-05 0
0 10550 0 1
119
2.222398107093598e-05 5.719227481021772e-05 0
0 10555 0 1
120
2.476508760462693e-05 5.36083895467693e-05 0
0 10560 0 1
121
3.856045549973836e-05 5.864823802847765e-05 0
0 10565 0 1
122
3.400993122881758e-05 5.913870553923058e-05 0
0 10570 0 1
123
3.16248564776643e-05 5.543754825597667e-05 0
0 10575 0 1
124
3.591264957096341e-05 5.502853220946988e-05 0
0 10580 0 1
125
4.837774136949492e-05 5.512469874781246e-05 0
0 10585 0 1
126
4.685571475641588e-05 6.034246270854687e-05 0
0 10590 0 1
127
4.152887816066558e-05 5.892714551522122e-05 0
0 10595 0 1
128
4.32378585387673e-05 5.382607895368019e-05 0
0 10600 0 1
129
7.884794622123926e-06 6.746390875048532e-05 0
0 10605 0 1
130
4.504349709720939e-06 7.008217788596437e-05 0
0 10610 0 1
131
2.043998502102034e-06 6.652464035019834e-05 0
0 10615 0 1
132
5.51359368677288e-06 6.380624195165704e-05 0
0 10620 0 1
133
1.727112392780567e-05 6.975745365981316e-05 0
0 10625 0 1
134
1.297830276981943e-05 6.866513222730013e-05 0
0 10630 0 1
135
1.285351258074928e-05 6.439387203071986e-05 0
0 10635 0 1
136
1.712662202340015e-05 6.524844847507977e-05 0
0 10640 0 1
137
2.859660106604388e-05 6.576988039960042e-05 0
0 10645 0 1
138
2.59197693130765e-05 6.968920460323598e-05 0
0 10650 0 1
139
2.177748046569201e-05 6.810217518402261e-05 0
0 10655 0 1
140
2.411121627117297e-05 6.440139047817517e-05 0
0 10660 0 1
141
3.823339348078205e-05 6.743511726183832e-05 0
0 10665 0 1
142
3.459833397372852e-05 6.998481449646653e-05 0
0 10670 0 1
143
3.191850958445565e-05 6.658532431021406e-05 0
0 10675 0 1
144
3.535607990728025e-05 6.435393984147362e-05 0
1 1 0 59
145
146
147
148
149
150
151
152
153
154
155
156
157
158
159
160
161
162
163
164
165
166
167
168
169
170
171
172
173
174
175
176
177
178
179
180
181
182
183
184
185
186
187
188
189
190
191
192
193
194
195
196
197
198
199
200
201
202
203
8.333333333317714e-07 0 0
1.666666666663473e-06 0 0
2.499999999994847e-06 0 0
3.333333333326504e-06 0 0
4.166666666658481e-06 0 0
4.999999999990498e-06 0 0
5.833333333322513e-06 0 0
6.666666666654331e-06 0 0
7.499999999985057e-06 0 0
8.333333333315527e-06 0 0
9.166666666646285e-06 0 0
9.999999999977598e-06 0 0
1.083333333330833e-05 0 0
1.166666666663956e-05 0 0
1.249999999997054e-05 0 0
1.333333333330152e-05 0 0
1.416666666663274e-05 0 0
1.499999999996347e-05 0 0
1.58333333332941e-05 0 0
1.66666666666251e-05 0 0
1.749999999995574e-05 0 0
1.833333333328772e-05 0 0
1.916666666661836e-05 0 0
1.999999999994901e-05 0 0
2.08333333332801e-05 0 0
2.166666666661128e-05 0 0
2.249999999994255e-05 0 0
2.333333333327359e-05 0 0
2.416666666660424e-05 0 0
2.499999999993555e-05 0 0
2.583333333327043e-05 0 0
2.666666666660598e-05 0 0
2.749999999994153e-05 0 0
2.833333333327708e-05 0 0
2.916666666661263e-05 0 0
2.999999999994818e-05 0 0
3.083333333328373e-05 0 0
3.166666666661927e-05 0 0
3.249999999995482e-05 0 0
3.333333333329036e-05 0 0
3.416666666662591e-05 0 0
3.499999999996146e-05 0 0
3.583333333329701e-05 0 0
3.666666666663255e-05 0 0
3.749999999996811e-05 0 0
3.833333333330365e-05 0 0
3.91666666666392e-05 0 0
3.999999999997475e-05 0 0
4.083333333331029e-05 0 0
4.166666666664585e-05 0 0
4.24999999999814e-05 0 0
4.333333333331694e-05 0 0
4.416666666665248e-05 0 0
4.499999999998804e-05 0 0
4.583333333332358e-05 0 0
4.666666666665913e-05 0 0
4.749999999999468e-05 0 0
4.833333333333023e-05 0 0
4.916666666666577e-05 0 0
1 2 0 89
204
205
206
207
208
209
210
211
212
213
214
215
216
217
218
219
220
221
222
223
224
225
226
227
228
229
230
231
232
233
234
235
236
237
238
239
240
241
242
243
244
245
246
247
248
249
250
251
252
253
254
255
256
257
258
259
260
261
262
263
264
265
266
267
268
269
270
271
272
273
274
275
276
277
278
279
280
281
282
283
284
285
286
287
288
289
290
291
292
5e-05 8.679012345661086e-07 0
5e-05 1.735802469132232e-06 0
5e-05 2.603703703698206e-06 0
5e-05 3.47160493826392e-06 0
5e-05 4.339506172829591e-06 0
5e-05 5.207407407395655e-06 0
5e-05 6.075308641962014e-06 0
5e-05 6.943209876528372e-06 0
5e-05 7.811111111094597e-06 0
5e-05 8.679012345660721e-06 0
5e-05 9.546913580226843e-06 0
5e-05 1.041481481479261e-05 0
5e-05 1.128271604935827e-05 0
5e-05 1.215061728392362e-05 0
5e-05 1.301851851848891e-05 0
5e-05 1.388641975305457e-05 0
5e-05 1.475432098761983e-05 0
5e-05 1.562222222218501e-05 0
5e-05 1.649012345675021e-05 0
5e-05 1.735802469131633e-05 0
5e-05 1.822592592588188e-05 0
5e-05 1.909382716044706e-05 0
5e-05 1.996172839501224e-05 0
5e-05 2.082962962957743e-05 0
5e-05 2.169753086414298e-05 0
5e-05 2.25654320987091e-05 0
5e-05 2.34333333332743e-05 0
5e-05 2.430123456783948e-05 0
5e-05 2.516913580240466e-05 0
5e-05 2.603703703696984e-05 0
5e-05 2.690493827153575e-05 0
5e-05 2.777283950610154e-05 0
5e-05 2.864074074066672e-05 0
5e-05 2.95086419752319e-05 0
5e-05 3.037654320979709e-05 0
5e-05 3.124444444436227e-05 0
5e-05 3.211234567892745e-05 0
5e-05 3.298024691349263e-05 0
5e-05 3.384814814805781e-05 0
5e-05 3.4716049382623e-05 0
5e-05 3.558395061718818e-05 0
5e-05 3.645185185175336e-05 0
5e-05 3.731975308631854e-05 0
5e-05 3.818765432088372e-05 0
5e-05 3.905555555545023e-05 0
5e-05 3.992345679001973e-05 0
5e-05 4.079135802459168e-05 0
5e-05 4.165925925916236e-05 0
5e-05 4.252716049373132e-05 0
5e-05 4.33950617283004e-05 0
5e-05 4.426296296287123e-05 0
5e-05 4.513086419744079e-05 0
5e-05 4.599876543200974e-05 0
5e-05 4.686666666657976e-05 0
5e-05 4.77345679011519e-05 0
5e-05 4.860246913572188e-05 0
5e-05 4.947037037029091e-05 0
5e-05 5.033827160486238e-05 0
5e-05 5.120617283943389e-05 0
5e-05 5.207407407400295e-05 0
5e-05 5.294197530857191e-05 0
5e-05 5.380987654314241e-05 0
5e-05 5.467777777771245e-05 0
5e-05 5.55456790122814e-05 0
5e-05 5.641358024685092e-05 0
5e-05 5.72814814814229e-05 0
5e-05 5.814938271599353e-05 0
5e-05 5.901728395056247e-05 0
5e-05 5.98851851851331e-05 0
5e-05 6.075308641970508e-05 0
5e-05 6.16209876542746e-05 0
5e-05 6.248888888884726e-05 0
5e-05 6.335679012341781e-05 0
5e-05 6.422469135798674e-05 0
5e-05 6.509259259255747e-05 0
5e-05 6.596049382712994e-05 0
5e-05 6.682839506169888e-05 0
5e-05 6.769629629626783e-05 0
5e-05 6.856419753084037e-05 0
5e-05 6.943209876541103e-05 0
5e-05 7.029999999997997e-05 0
5e-05 7.116790123455057e-05 0
5e-05 7.203580246912317e-05 0
5e-05 7.290370370369212e-05 0
5e-05 7.377160493826107e-05 0
5e-05 7.463950617283348e-05 0
5e-05 7.550740740740426e-05 0
5e-05 7.637530864197321e-05 0
5e-05 7.724320987654216e-05 0
1 3 0 59
293
294
295
296
297
298
299
300
301
302
303
304
305
306
307
308
309
310
311
312
313
314
315
316
317
318
319
320
321
322
323
324
325
326
327
328
329
330
331
332
333
334
335
336
337
338
339
340
341
342
343
344
345
346
347
348
349
350
351
4.916666666666746e-05 7.81111111111111e-05 0
4.83333333333359e-05 7.81111111111111e-05 0
4.75000000000045e-05 7.81111111111111e-05 0
4.666666666667249e-05 7.81111111111111e-05 0
4.583333333334039e-05 7.81111111111111e-05 0
4.500000000000899e-05 7.81111111111111e-05 0
4.416666666667628e-05 7.81111111111111e-05 0
4.333333333334498e-05 7.81111111111111e-05 0
4.250000000001509e-05 7.81111111111111e-05 0
4.166666666668342e-05 7.81111111111111e-05 0
4.083333333335265e-05 7.81111111111111e-05 0
4.000000000002276e-05 7.81111111111111e-05 0
3.916666666669286e-05 7.81111111111111e-05 0
3.833333333336183e-05 7.81111111111111e-05 0
3.750000000003044e-05 7.81111111111111e-05 0
3.666666666670054e-05 7.81111111111111e-05 0
3.583333333336897e-05 7.81111111111111e-05 0
3.500000000003625e-05 7.81111111111111e-05 0
3.416666666670556e-05 7.81111111111111e-05 0
3.333333333337346e-05 7.81111111111111e-05 0
3.250000000004312e-05 7.81111111111111e-05 0
3.166666666671323e-05 7.81111111111111e-05 0
3.083333333338192e-05 7.81111111111111e-05 0
3.000000000005066e-05 7.81111111111111e-05 0
2.916666666671958e-05 7.81111111111111e-05 0
2.83333333333884e-05 7.81111111111111e-05 0
2.750000000005715e-05 7.81111111111111e-05 0
2.66666666667261e-05 7.81111111111111e-05 0
2.583333333339546e-05 7.81111111111111e-05 0
2.500000000006416e-05 7.81111111111111e-05 0
2.416666666672928e-05 7.81111111111111e-05 0
2.333333333339374e-05 7.81111111111111e-05 0
2.25000000000582e-05 7.81111111111111e-05 0
2.166666666672266e-05 7.81111111111111e-05 0
2.083333333338712e-05 7.81111111111111e-05 0
2.000000000005158e-05 7.81111111111111e-05 0
1.916666666671605e-05 7.81111111111111e-05 0
1.833333333338051e-05 7.81111111111111e-05 0
1.750000000004497e-05 7.81111111111111e-05 0
1.666666666670943e-05 7.81111111111111e-05 0
1.583333333337389e-05 7.81111111111111e-05 0
1.500000000003835e-05 7.81111111111111e-05 0
1.416666666670282e-05 7.81111111111111e-05 0
1.333333333336729e-05 7.81111111111111e-05 0
1.250000000003175e-05 7.81111111111111e-05 0
1.166666666669621e-05 7.81111111111111e-05 0
1.083333333336067e-05 7.81111111111111e-05 0
1.000000000002513e-05 7.81111111111111e-05 0
9.166666666689592e-06 7.81111111111111e-05 0
8.333333333354052e-06 7.81111111111111e-05 0
7.500000000018512e-06 7.81111111111111e-05 0
6.666666666682972e-06 7.81111111111111e-05 0
5.833333333347446e-06 7.81111111111111e-05 0
5.000000000011905e-06 7.81111111111111e-05 0
4.166666666676365e-06 7.81111111111111e-05 0
3.333333333340825e-06 7.81111111111111e-05 0
2.500000000005285e-06 7.81111111111111e-05 0
1.666666666669752e-06 7.81111111111111e-05 0
8.333333333342119e-07 7.81111111111111e-05 0
1 4 0 89
352
353
354
355
356
357
358
359
360
361
362
363
364
365
366
367
368
369
370
371
372
373
374
375
376
377
378
379
380
381
382
383
384
385
386
387
388
389
390
391
392
393
394
395
396
397
398
399
400
401
402
403
404
405
406
407
408
409
410
411
412
413
414
415
416
417
418
419
420
421
422
423
424
425
426
427
428
429
430
431
432
433
434
435
436
437
438
439
440
0 7.724320987654593e-05 0
0 7.637530864197854e-05 0
0 7.550740740741295e-05 0
0 7.463950617284779e-05 0
0 7.377160493828232e-05 0
0 7.29037037037134e-05 0
0 7.203580246914446e-05 0
0 7.116790123457918e-05 0
0 7.030000000001401e-05 0
0 6.943209876545149e-05 0
0 6.856419753088633e-05 0
0 6.769629629632099e-05 0
0 6.682839506175205e-05 0
0 6.596049382718311e-05 0
0 6.509259259261771e-05 0
0 6.422469135805254e-05 0
0 6.335679012349003e-05 0
0 6.248888888892486e-05 0
0 6.162098765435966e-05 0
0 6.07530864197932e-05 0
0 5.988518518522803e-05 0
0 5.901728395066419e-05 0
0 5.814938271609902e-05 0
0 5.728148148153518e-05 0
0 5.641358024697002e-05 0
0 5.554567901240355e-05 0
0 5.467777777783889e-05 0
0 5.380987654327451e-05 0
0 5.294197530870903e-05 0
0 5.207407407414286e-05 0
0 5.120617283957757e-05 0
0 5.033827160501121e-05 0
0 4.94703703704448e-05 0
0 4.860246913587955e-05 0
0 4.773456790131335e-05 0
0 4.68666666667479e-05 0
0 4.599876543218272e-05 0
0 4.513086419761756e-05 0
0 4.426296296305239e-05 0
0 4.339506172848723e-05 0
0 4.252716049392207e-05 0
0 4.16592592593569e-05 0
0 4.079135802479174e-05 0
0 3.992345679022657e-05 0
0 3.905555555566008e-05 0
0 3.818765432109059e-05 0
0 3.731975308651867e-05 0
0 3.6451851851948e-05 0
0 3.558395061737907e-05 0
0 3.471604938280999e-05 0
0 3.384814814823918e-05 0
0 3.298024691366964e-05 0
0 3.211234567910071e-05 0
0 3.124444444453072e-05 0
0 3.037654320995858e-05 0
0 2.950864197538862e-05 0
0 2.86407407408196e-05 0
0 2.777283950624814e-05 0
0 2.690493827167665e-05 0
0 2.60370370371076e-05 0
0 2.516913580253868e-05 0
0 2.430123456796819e-05 0
0 2.343333333339817e-05 0
0 2.256543209882924e-05 0
0 2.169753086425972e-05 0
0 2.082962962968777e-05 0
0 1.996172839511716e-05 0
0 1.909382716054823e-05 0
0 1.822592592597762e-05 0
0 1.735802469140566e-05 0
0 1.649012345683614e-05 0
0 1.562222222226351e-05 0
0 1.475432098769298e-05 0
0 1.388641975312406e-05 0
0 1.301851851855336e-05 0
0 1.21506172839809e-05 0
0 1.128271604941198e-05 0
0 1.041481481484305e-05 0
0 9.546913580270523e-06 0
0 8.679012345699878e-06 0
0 7.811111111130954e-06 0
0 6.943209876560376e-06 0
0 6.075308641987793e-06 0
0 5.207407407418869e-06 0
0 4.339506172849946e-06 0
0 3.471604938277539e-06 0
0 2.603703703706785e-06 0
0 1.735802469137848e-06 0
0 8.679012345689239e-07 0
1 5 0 47
441
442
443
444
445
446
447
448
449
450
451
452
453
454
455
456
457
458
459
460
461
462
463
464
465
466
467
468
469
470
471
472
473
474
475
476
477
478
479
480
481
482
483
484
485
486
487
5e-05 7.887962962962884e-05 0
5e-05 7.964814814814659e-05 0
5e-05 8.041666666666169e-05 0
5e-05 8.118518518517503e-05 0
5e-05 8.195370370369366e-05 0
5e-05 8.272222222221228e-05 0
5e-05 8.349074074072562e-05 0
5e-05 8.425925925923983e-05 0
5e-05 8.502777777775757e-05 0
5e-05 8.579629629627621e-05 0
5e-05 8.656481481479308e-05 0
5e-05 8.733333333331082e-05 0
5e-05 8.81018518518268e-05 0
5e-05 8.887037037034015e-05 0
5e-05 8.963888888885347e-05 0
5e-05 9.040740740737122e-05 0
5e-05 9.117592592588896e-05 0
5e-05 9.194444444440406e-05 0
5e-05 9.27129629629227e-05 0
5e-05 9.348148148144133e-05 0
5e-05 9.42499999999573e-05 0
5e-05 9.501851851847329e-05 0
5e-05 9.578703703698662e-05 0
5e-05 9.655555555550526e-05 0
5e-05 9.73240740740283e-05 0
5e-05 9.809259259254693e-05 0
5e-05 9.886111111106908e-05 0
5e-05 9.962962962958507e-05 0
5e-05 0.0001003981481481081 0
5e-05 0.0001011666666666329 0
5e-05 0.000101935185185148 0
5e-05 0.0001027037037036693 0
5e-05 0.0001034722222221888 0
5e-05 0.0001042407407407118 0
5e-05 0.0001050092592592349 0
5e-05 0.0001057777777777526 0
5e-05 0.0001065462962962757 0
5e-05 0.0001073148148147925 0
5e-05 0.0001080833333333138 0
5e-05 0.0001088518518518395 0
5e-05 0.0001096203703703546 0
5e-05 0.0001103888888888803 0
5e-05 0.0001111574074073963 0
5e-05 0.000111925925925914 0
5e-05 0.0001126944444444388 0
5e-05 0.0001134629629629539 0
5e-05 0.0001142314814814805 0
1 6 0 59
488
489
490
491
492
493
494
495
496
497
498
499
500
501
502
503
504
505
506
507
508
509
510
511
512
513
514
515
516
517
518
519
520
521
522
523
524
525
526
527
528
529
530
531
532
533
534
535
536
537
538
539
540
541
542
543
544
545
546
4.916666666666746e-05 0.000115 0
4.83333333333359e-05 0.000115 0
4.75000000000045e-05 0.000115 0
4.666666666667249e-05 0.000115 0
4.583333333334039e-05 0.000115 0
4.500000000000899e-05 0.000115 0
4.416666666667628e-05 0.000115 0
4.333333333334498e-05 0.000115 0
4.250000000001509e-05 0.000115 0
4.166666666668342e-05 0.000115 0
4.083333333335265e-05 0.000115 0
4.000000000002276e-05 0.000115 0
3.916666666669286e-05 0.000115 0
3.833333333336183e-05 0.000115 0
3.750000000003044e-05 0.000115 0
3.666666666670054e-05 0.000115 0
3.583333333336897e-05 0.000115 0
3.500000000003625e-05 0.000115 0
3.416666666670556e-05 0.000115 0
3.333333333337346e-05 0.000115 0
3.250000000004312e-05 0.000115 0
3.166666666671323e-05 0.000115 0
3.083333333338192e-05 0.000115 0
3.000000000005066e-05 0.000115 0
2.916666666671958e-05 0.000115 0
2.83333333333884e-05 0.000115 0
2.750000000005715e-05 0.000115 0
2.66666666667261e-05 0.000115 0
2.583333333339546e-05 0.000115 0
2.500000000006416e-05 0.000115 0
2.416666666672928e-05 0.000115 0
2.333333333339374e-05 0.000115 0
2.25000000000582e-05 0.000115 0
2.166666666672266e-05 0.000115 0
2.083333333338712e-05 0.000115 0
2.000000000005158e-05 0.000115 0
1.916666666671605e-05 0.000115 0
1.833333333338051e-05 0.000115 0
1.750000000004497e-05 0.000115 0
1.666666666670943e-05 0.000115 0
1.583333333337389e-05 0.000115 0
1.500000000003835e-05 0.000115 0
1.416666666670282e-05 0.000115 0
1.333333333336729e-05 0.000115 0
1.250000000003175e-05 0.000115 0
1.166666666669621e-05 0.000115 0
1.083333333336067e-05 0.000115 0
1.000000000002513e-05 0.000115 0
9.166666666689592e-06 0.000115 0
8.333333333354052e-06 0.000115 0
7.500000000018512e-06 0.000115 0
6.666666666682972e-06 0.000115 0
5.833333333347446e-06 0.000115 0
5.000000000011905e-06 0.000115 0
4.166666666676365e-06 0.000115 0
3.333333333340825e-06 0.000115 0
2.500000000005285e-06 0.000115 0
1.666666666669752e-06 0.000115 0
8.333333333342119e-07 0.000115 0
1 7 0 47
547
548
549
550
551
552
553
554
555
556
557
558
559
560
561
562
563
564
565
566
567
568
569
570
571
572
573
574
575
576
577
578
579
580
581
582
583
584
585
586
587
588
589
590
591
592
593
0 0.0001142314814814823 0
0 0.0001134629629629645 0
0 0.0001126944444444494 0
0 0.0001119259259259361 0
0 0.0001111574074074174 0
0 0.0001103888888888988 0
0 0.0001096203703703855 0
0 0.0001088518518518713 0
0 0.0001080833333333535 0
0 0.0001073148148148349 0
0 0.000106546296296318 0
0 0.0001057777777778003 0
0 0.0001050092592592843 0
0 0.000104240740740771 0
0 0.0001034722222222576 0
0 0.0001027037037037399 0
0 0.0001019351851852221 0
0 0.000101166666666707 0
0 0.0001003981481481884 0
0 9.962962962966978e-05 0
0 9.886111111115381e-05 0
0 9.809259259263781e-05 0
0 9.732407407412448e-05 0
0 9.655555555560585e-05 0
0 9.57870370370828e-05 0
0 9.501851851856418e-05 0
0 9.425000000004203e-05 0
0 9.348148148152603e-05 0
0 9.2712962963003e-05 0
0 9.194444444447819e-05 0
0 9.117592592596309e-05 0
0 9.040740740744181e-05 0
0 8.96388888889223e-05 0
0 8.887037037039926e-05 0
0 8.810185185187622e-05 0
0 8.733333333335847e-05 0
0 8.656481481483543e-05 0
0 8.579629629631857e-05 0
0 8.50277777777973e-05 0
0 8.42592592592716e-05 0
0 8.34907407407565e-05 0
0 8.272222222223082e-05 0
0 8.195370370371483e-05 0
0 8.11851851851971e-05 0
0 8.041666666667229e-05 0
0 7.964814814815719e-05 0
0 7.887962962963062e-05 0
1 8 0 9
594
595
596
597
598
599
600
601
602
5e-05 0.0001154999999999979 0
5e-05 0.0001159999999999926 0
5e-05 0.0001164999999999937 0
5e-05 0.0001169999999999905 0
5e-05 0.0001174999999999894 0
5e-05 0.0001179999999999937 0
5e-05 0.0001184999999999958 0
5e-05 0.0001189999999999968 0
5e-05 0.0001195000000000021 0
1 9 0 59
603
604
605
606
607
608
609
610
611
612
613
614
615
616
617
618
619
620
621
622
623
624
625
626
627
628
629
630
631
632
633
634
635
636
637
638
639
640
641
642
643
644
645
646
647
648
649
650
651
652
653
654
655
656
657
658
659
660
661
4.916666666666746e-05 0.00012 0
4.83333333333359e-05 0.00012 0
4.75000000000045e-05 0.00012 0
4.666666666667249e-05 0.00012 0
4.583333333334039e-05 0.00012 0
4.500000000000899e-05 0.00012 0
4.416666666667628e-05 0.00012 0
4.333333333334498e-05 0.00012 0
4.250000000001509e-05 0.00012 0
4.166666666668342e-05 0.00012 0
4.083333333335265e-05 0.00012 0
4.000000000002276e-05 0.00012 0
3.916666666669286e-05 0.00012 0
3.833333333336183e-05 0.00012 0
3.750000000003044e-05 0.00012 0
3.666666666670054e-05 0.00012 0
3.583333333336897e-05 0.00012 0
3.500000000003625e-05 0.00012 0
3.416666666670556e-05 0.00012 0
3.333333333337346e-05 0.00012 0
3.250000000004312e-05 0.00012 0
3.166666666671323e-05 0.00012 0
3.083333333338192e-05 0.00012 0
3.000000000005066e-05 0.00012 0
2.916666666671958e-05 0.00012 0
2.83333333333884e-05 0.00012 0
2.750000000005715e-05 0.00012 0
2.66666666667261e-05 0.00012 0
2.583333333339546e-05 0.00012 0
2.500000000006416e-05 0.00012 0
2.416666666672928e-05 0.00012 0
2.333333333339374e-05 0.00012 0
2.25000000000582e-05 0.00012 0
2.166666666672266e-05 0.00012 0
2.083333333338712e-05 0.00012 0
2.000000000005158e-05 0.00012 0
1.916666666671605e-05 0.00012 0
1.833333333338051e-05 0.00012 0
1.750000000004497e-05 0.00012 0
1.666666666670943e-05 0.00012 0
1.583333333337389e-05 0.00012 0
1.500000000003835e-05 0.00012 0
1.416666666670282e-05 0.00012 0
1.333333333336729e-05 0.00012 0
1.250000000003175e-05 0.00012 0
1.166666666669621e-05 0.00012 0
1.083333333336067e-05 0.00012 0
1.000000000002513e-05 0.00012 0
9.166666666689592e-06 0.00012 0
8.333333333354052e-06 0.00012 0
7.500000000018512e-06 0.00012 0
6.666666666682972e-06 0.00012 0
5.833333333347446e-06 0.00012 0
5.000000000011905e-06 0.00012 0
4.166666666676365e-06 0.00012 0
3.333333333340825e-06 0.00012 0
2.500000000005285e-06 0.00012 0
1.666666666669752e-06 0.00012 0
8.333333333342119e-07 0.00012 0
1 10 0 9
662
663
664
665
666
667
668
669
670
0 0.0001195000000000021 0
0 0.0001190000000000021 0
0 0.0001185000000000063 0
0 0.0001180000000000042 0
0 0.0001175000000000053 0
0 0.0001170000000000064 0
0 0.0001165000000000042 0
0 0.0001159999999999979 0
0 0.0001155000000000032 0
1 1000 0 4
671
672
673
674
7.999943592425533e-06 8.453856571414146e-06 0
7.280896971050084e-06 9.052198839958932e-06 0
6.403944478805647e-06 9.390934315120224e-06 0
5.491020594487475e-06 9.613514054421154e-06 0
1 1001 0 4
675
676
677
678
3.735120071877057e-06 9.268786742198437e-06 0
3.08197634903187e-06 8.676474259860528e-06 0
2.490480572031929e-06 8.017101317139684e-06 0
1.970666074163684e-06 7.301987492989198e-06 0
1 1002 0 4
679
680
681
682
2.008760902786994e-06 5.502062716839491e-06 0
2.613229888548139e-06 4.747422297470304e-06 0
3.497520329678043e-06 4.356226266494966e-06 0
4.469688504319607e-06 4.40191042283285e-06 0
1 1003 0 4
683
684
685
686
6.237254367696936e-06 5.006760176509022e-06 0
7.06778991356864e-06 5.330331269615948e-06 0
7.75320658313685e-06 5.89615837356247e-06 0
8.16084053482886e-06 6.684287165534925e-06 0
1 1004 0 4
687
688
689
690
1.846857545634361e-05 6.804249657740663e-06 0
1.812689992875097e-05 7.69497765036722e-06 0
1.746744113847106e-05 8.394565980637157e-06 0
1.668560500679913e-05 8.954525438386093e-06 0
1 1005 0 4
691
692
693
694
1.486214983295343e-05 9.465262619574159e-06 0
1.391961628802043e-05 9.32790490257488e-06 0
1.297915912970157e-05 9.166505374101056e-06 0
1.206352875151008e-05 8.908206383432452e-06 0
1 1006 0 4
695
696
697
698
1.136542434042724e-05 7.262861178169596e-06 0
1.179887531602031e-05 6.382720052871966e-06 0
1.247680079049451e-05 5.671870093662094e-06 0
1.333747417777204e-05 5.194964739191073e-06 0
1 1007 0 4
699
700
701
702
1.518277110438782e-05 4.593294281313684e-06 0
1.611335287625262e-05 4.380598316721146e-06 0
1.70569409134584e-05 4.491334262616359e-06 0
1.781938572358348e-05 5.043774182430253e-06 0
1 1008 0 4
703
704
705
706
2.76696073575863e-05 9.959476954950567e-06 0
2.664657481855529e-05 1.019486749440327e-05 0
2.56055684415274e-05 9.9684700727364e-06 0
2.462604160170615e-05 9.545824880986475e-06 0
1 1009 0 5
707
708
709
710
711
2.29476248230039e-05 8.490508042052812e-06 0
2.230756386396004e-05 7.830451883550137e-06 0
2.174551288691117e-05 7.101057556666749e-06 0
2.127166894908555e-05 6.312658951071255e-06 0
2.097233943085325e-05 5.448778237696844e-06 0
1 1010 0 4
712
713
714
715
2.220324372168055e-05 4.142733075949206e-06 0
2.327101503077974e-05 4.111621117487945e-06 0
2.433708157150014e-05 4.19226094910426e-06 0
2.537160655250357e-05 4.45882114044879e-06 0
1 1011 0 4
716
717
718
719
2.722550108114456e-05 5.522260148526247e-06 0
2.803884711772934e-05 6.218175128933132e-06 0
2.862292150437222e-05 7.109359732660881e-06 0
2.872144617974693e-05 8.156422175858381e-06 0
1 1012 0 3
720
721
722
3.772103970981505e-05 7.456496928233619e-06 0
3.741863316884051e-05 8.485219181635074e-06 0
3.658984929675644e-05 9.174470148423333e-06 0
1 1013 0 4
723
724
725
726
3.477191232438168e-05 1.002344215912635e-05 0
3.386036878029932e-05 9.837411924228349e-06 0
3.30930549526885e-05 9.303709434344931e-06 0
3.253703156829463e-05 8.55508547291878e-06 0
1 1014 0 3
727
728
729
3.249698765679346e-05 6.580238124896781e-06 0
3.291557988042874e-05 5.578434575270035e-06 0
3.339292713137675e-05 4.60592532503277e-06 0
1 1015 0 4
730
731
732
733
3.519410041628362e-05 3.979153202369839e-06 0
3.607132342638696e-05 4.206228991022446e-06 0
3.679744944801334e-05 4.746582631921189e-06 0
3.727289961578299e-05 5.521806936698026e-06 0
1 1016 0 4
734
735
736
737
4.701422950845848e-05 9.685227689294197e-06 0
4.61037555697085e-05 9.796422710056381e-06 0
4.520848716660373e-05 9.572380869317995e-06 0
4.434607765660319e-05 9.24059031500621e-06 0
1 1017 0 4
738
739
740
741
4.258131481520979e-05 8.443139204250834e-06 0
4.191527328831195e-05 7.677988047318946e-06 0
4.16158263278599e-05 6.714060263453007e-06 0
4.173146161930846e-05 5.70766354174859e-06 0
1 1018 0 4
742
743
744
745
4.313015094378066e-05 4.491232628136008e-06 0
4.403531577783486e-05 4.330034370758782e-06 0
4.49487071428185e-05 4.255063288921446e-06 0
4.583808721366976e-05 4.4580313347006e-06 0
1 1019 0 4
746
747
748
749
4.72718703932166e-05 5.701913985001181e-06 0
4.785589733843088e-05 6.507132331760343e-06 0
4.829508855073051e-05 7.398507166793911e-06 0
4.833220958369936e-05 8.380919799418782e-06 0
1 1020 0 4
750
751
752
753
7.969734685451964e-06 1.571169040587943e-05 0
7.966595753639635e-06 1.66575216042721e-05 0
7.705074515928948e-06 1.75676940901285e-05 0
7.268615444730927e-06 1.840974782641579e-05 0
1 1021 0 4
754
755
756
757
5.986945864602343e-06 1.991179701709911e-05 0
5.038487320395525e-06 2.031397228428083e-05 0
4.016279990380184e-06 2.025848301596696e-05 0
3.08629515892383e-06 1.980386302576985e-05 0
1 1022 0 4
758
759
760
761
1.880896004124844e-06 1.82828948342371e-05 0
1.905617265204133e-06 1.731563403364274e-05 0
2.139980686505118e-06 1.63772274970647e-05 0
2.60776381774721e-06 1.553414870490849e-05 0
1 1023 0 4
762
763
764
765
4.229018500999225e-06 1.433887995193194e-05 0
5.199604722530362e-06 1.391350733704101e-05 0
6.227752794730788e-06 1.366149554888008e-05 0
7.241092808149176e-06 1.390366660856236e-05 0
1 1024 0 4
766
767
768
769
1.7089861634834e-05 1.847812038893011e-05 0
1.666063929464798e-05 1.938619029157117e-05 0
1.603880082226523e-05 2.017117854281516e-05 0
1.515147918840214e-05 2.062966582103836e-05 0
1 1025 0 4
770
771
772
773
1.319558278107616e-05 2.030537703076878e-05 0
1.260028513834714e-05 1.946471148415092e-05 0
1.239450685191873e-05 1.844989934568865e-05 0
1.231383731858988e-05 1.741463058541028e-05 0
1 1026 0 4
774
775
776
777
1.254472136578013e-05 1.541124846306149e-05 0
1.315155677396738e-05 1.462238960862795e-05 0
1.394080167090004e-05 1.40108157529443e-05 0
1.482300815861363e-05 1.354394795685149e-05 0
1 1027 0 4
778
779
780
781
1.677179161356508e-05 1.388351773724563e-05 0
1.751536883662383e-05 1.462222034050272e-05 0
1.796155418753101e-05 1.556622111199844e-05 0
1.795278106371664e-05 1.661368428044409e-05 0
1 1028 0 5
782
783
784
785
786
2.839074863469993e-05 1.582483390925454e-05 0
2.873701097619816e-05 1.668267103047973e-05 0
2.866910055334936e-05 1.76064013679411e-05 0
2.818302997584406e-05 1.839833518089699e-05 0
2.75019104934345e-05 1.903286246857846e-05 0
1 1029 0 4
787
788
789
790
2.573650859918604e-05 1.999093758472614e-05 0
2.469070137259366e-05 2.024829861913059e-05 0
2.362078048195951e-05 2.017475278085672e-05 0
2.260963577313949e-05 1.980381806291722e-05 0
1 1030 0 5
791
792
793
794
795
2.126531352442448e-05 1.842401836622849e-05 0
2.137429441916488e-05 1.751089567397657e-05 0
2.169074393936038e-05 1.664283320430559e-05 0
2.206460433091247e-05 1.579640520541512e-05 0
2.257842671170486e-05 1.503106565993525e-05 0
1 1031 0 4
796
797
798
799
2.418828495096466e-05 1.385006576088084e-05 0
2.525620691440487e-05 1.361300567210202e-05 0
2.635202893842889e-05 1.366278268630204e-05 0
2.734914494343881e-05 1.409913004507165e-05 0
1 1032 0 5
800
801
802
803
804
3.829574905376519e-05 1.847565173495602e-05 0
3.799409263315451e-05 1.943246086261246e-05 0
3.737937327549467e-05 2.022080928558322e-05 0
3.648996461633799e-05 2.065908488088115e-05 0
3.548961497306323e-05 2.069732718022306e-05 0
1 1033 0 4
805
806
807
808
3.348686688809767e-05 2.006563708672855e-05 0
3.253898331254449e-05 1.951737867024469e-05 0
3.187826691623811e-05 1.864849518804601e-05 0
3.156895873516011e-05 1.759945744618668e-05 0
1 1034 0 5
809
810
811
812
813
3.165159336012542e-05 1.555468234230247e-05 0
3.216731603308523e-05 1.474055084847351e-05 0
3.287996893421911e-05 1.408691084422586e-05 0
3.368494141880087e-05 1.354736831118854e-05 0
3.458026764985225e-05 1.319438891339603e-05 0
1 1035 0 5
814
815
816
817
818
3.639172751447267e-05 1.347961041548452e-05 0
3.707327018942283e-05 1.409069379035787e-05 0
3.757448253141681e-05 1.486819527039683e-05 0
3.799067271087679e-05 1.569427629499398e-05 0
3.83154181010901e-05 1.655825900662366e-05 0
1 1036 0 5
819
820
821
822
823
4.695784682495179e-05 1.945026265162583e-05 0
4.628420869754172e-05 2.012410278669428e-05 0
4.548329461594724e-05 2.063989105024385e-05 0
4.457635290882234e-05 2.09205698836683e-05 0
4.36469048836461e-05 2.07432965651643e-05 0
1 1037 0 4
824
825
826
827
4.21712580922378e-05 1.939806306233694e-05 0
4.175843486562301e-05 1.844320116612175e-05 0
4.184576787235886e-05 1.739653035641804e-05 0
4.223362973606688e-05 1.641501908649438e-05 0
1 1038 0 5
828
829
830
831
832
4.318006505997727e-05 1.463215017946186e-05 0
4.382079099243127e-05 1.391486615217517e-05 0
4.461579564370584e-05 1.337574198676022e-05 0
4.553056155491785e-05 1.307889610872006e-05 0
4.648827769521955e-05 1.304915204427271e-05 0
1 1039 0 4
833
834
835
836
4.779032544856773e-05 1.444092900950551e-05 0
4.781373827559179e-05 1.551167382535976e-05 0
4.785347879216261e-05 1.658401915536656e-05 0
4.78418399806e-05 1.765189645065461e-05 0
1 1040 0 4
837
838
839
840
8.216745727754359e-06 2.754442053403034e-05 0
7.913386830178262e-06 2.857589583930119e-05 0
7.412460386319134e-06 2.952944753635077e-05 0
6.617324628748088e-06 3.024635232493051e-05 0
1 1041 0 4
841
842
843
844
4.570425513978003e-06 3.041267551286853e-05 0
3.638296083918411e-06 3.004735998343863e-05 0
2.947848714926874e-06 2.931766788554992e-05 0
2.510440712882537e-06 2.840852986344247e-05 0
1 1042 0 5
845
846
847
848
849
1.847409806910449e-06 2.658316619286778e-05 0
1.800953767424747e-06 2.565408856692952e-05 0
2.064982224489691e-06 2.476696615574665e-05 0
2.675922395944843e-06 2.406642818625694e-05 0
3.501981492974938e-06 2.364008814365484e-05 0
1 1043 0 4
850
851
852
853
5.39835983253856e-06 2.37659653510837e-05 0
6.264785108693852e-06 2.429220901648173e-05 0
7.122048059706636e-06 2.483299488755735e-05 0
7.839752248419179e-06 2.553528038779905e-05 0
1 1044 0 5
854
855
856
857
858
1.841615858969978e-05 2.953598187081304e-05 0
1.751723907628798e-05 2.986443112291877e-05 0
1.658723771527292e-05 3.010028468032278e-05 0
1.563008856838506e-05 3.013476285681281e-05 0
1.469908206769813e-05 2.992227306406326e-05 0
1 1045 0 4
859
860
861
862
1.295532021053319e-05 2.885393540708046e-05 0
1.213247760680564e-05 2.813439018537369e-05 0
1.14548141655205e-05 2.727875520056616e-05 0
1.10914531093623e-05 2.625463646876621e-05 0
1 1046 0 5
863
864
865
866
867
1.138122607686882e-05 2.422414321504281e-05 0
1.223029457374229e-05 2.371126020023617e-05 0
1.322972149600433e-05 2.371000149673325e-05 0
1.420632984851574e-05 2.394304558144631e-05 0
1.514356526819404e-05 2.430817206089716e-05 0
1 1047 0 5
868
869
870
871
872
1.69203600145113e-05 2.51278194051914e-05 0
1.768711168474058e-05 2.569038600195382e-05 0
1.835974769434615e-05 2.636392071825562e-05 0
1.892071050076465e-05 2.713212371665212e-05 0
1.930012849039922e-05 2.799904669079939e-05 0
1 1048 0 5
873
874
875
876
877
2.852902113799865e-05 2.638785974675811e-05 0
2.852252201259376e-05 2.734814575194447e-05 0
2.835964942460213e-05 2.829791587032136e-05 0
2.803676198605556e-05 2.920177190688957e-05 0
2.743148570119501e-05 2.993962496408107e-05 0
1 1049 0 5
878
879
880
881
882
2.5589385745373e-05 3.037285765023765e-05 0
2.46390154831888e-05 3.044034298339788e-05 0
2.368889407964346e-05 3.037958251264899e-05 0
2.281325791150625e-05 3.001869364791224e-05 0
2.210353050929466e-05 2.939079835627351e-05 0
1 1050 0 5
883
884
885
886
887
2.124547992725417e-05 2.769738955030126e-05 0
2.117708388302603e-05 2.674642847071681e-05 0
2.145729786669681e-05 2.583725681782444e-05 0
2.207525671511047e-05 2.51056428204203e-05 0
2.283279730439955e-05 2.451782663948227e-05 0
1 1051 0 5
888
889
890
891
892
2.435043292323024e-05 2.332119549970891e-05 0
2.531530203249243e-05 2.319174878713226e-05 0
2.625576006926929e-05 2.344930001048162e-05 0
2.710334142494815e-05 2.394078603663306e-05 0
2.781012900363442e-05 2.46149834070525e-05 0
1 1052 0 3
893
894
895
3.700493209390684e-05 2.871851005917501e-05 0
3.619102767146488e-05 2.940428668919314e-05 0
3.521205133530829e-05 2.98165568915287e-05 0
1 1053 0 4
896
897
898
899
3.339939415865114e-05 2.921012255614259e-05 0
3.267233798625778e-05 2.868803125466631e-05 0
3.219705664509466e-05 2.794236214678787e-05 0
3.21438467249587e-05 2.705310296067174e-05 0
1 1054 0 3
900
901
902
3.303168415511042e-05 2.534988815945699e-05 0
3.383628497046872e-05 2.46982972555258e-05 0
3.482867734885586e-05 2.439579861131855e-05 0
1 1055 0 4
903
904
905
906
3.673779009163988e-05 2.440727157514641e-05 0
3.731721043357662e-05 2.509093952157965e-05 0
3.753654779420939e-05 2.596929039592228e-05 0
3.759893701069888e-05 2.68732381839194e-05 0
1 1056 0 4
907
908
909
910
4.673874152424905e-05 2.984067549103578e-05 0
4.582283833208744e-05 2.982924608664908e-05 0
4.492899209550197e-05 2.961396062369297e-05 0
4.405863118928957e-05 2.931845204816058e-05 0
1 1057 0 4
911
912
913
914
4.254599894659706e-05 2.812622596803273e-05 0
4.195071175471871e-05 2.729997075111502e-05 0
4.159710588214202e-05 2.634761800762253e-05 0
4.181269001530412e-05 2.536923813031452e-05 0
1 1058 0 4
915
916
917
918
4.346738244678723e-05 2.449035632690897e-05 0
4.432830054253855e-05 2.4276024265282e-05 0
4.521254348670204e-05 2.431584169363174e-05 0
4.604680239740601e-05 2.461978105137843e-05 0
1 1059 0 4
919
920
921
922
4.75399815365142e-05 2.57060227053625e-05 0
4.798491063312904e-05 2.656008059233708e-05 0
4.805921995779518e-05 2.751835598068239e-05 0
4.79012132635823e-05 2.847218319473237e-05 0
1 1060 0 4
923
924
925
926
8.3883886119628e-06 3.65577165153067e-05 0
7.902368689501978e-06 3.737778910778955e-05 0
7.325184080900131e-06 3.813902212449497e-05 0
6.757609556715308e-06 3.890468074090953e-05 0
1 1061 0 4
927
928
929
930
5.072367848309809e-06 3.992398346209001e-05 0
4.040276057027068e-06 4.00416864410151e-05 0
3.016514004631731e-06 3.986736283575323e-05 0
2.20481655467431e-06 3.924271497360728e-05 0
1 1062 0 4
931
932
933
934
1.949682075416269e-06 3.731011498776626e-05 0
2.002295339203858e-06 3.638482245206641e-05 0
2.446985720553047e-06 3.557555621091959e-05 0
3.169689997227408e-06 3.498652361810066e-05 0
1 1063 0 4
935
936
937
938
4.940680503206724e-06 3.419995417311406e-05 0
5.938249393055623e-06 3.407569737733557e-05 0
6.915064153269437e-06 3.429378676187563e-05 0
7.768632479632608e-06 3.482110053027087e-05 0
1 1064 0 3
939
940
941
1.756535481691357e-05 3.814516676740838e-05 0
1.674299795457739e-05 3.88601174999754e-05 0
1.586975636250494e-05 3.950908993355618e-05 0
1 1065 0 4
942
943
944
945
1.392614539779597e-05 3.966181750879227e-05 0
1.314179613232155e-05 3.920420959356652e-05 0
1.251165748134187e-05 3.854311101713035e-05 0
1.210073165057697e-05 3.772990992128454e-05 0
1 1066 0 3
946
947
948
1.238254856377085e-05 3.576148685074631e-05 0
1.302832206664204e-05 3.488813839136181e-05 0
1.405429890367807e-05 3.452060168096773e-05 0
1 1067 0 4
949
950
951
952
1.607574308846825e-05 3.45773970836417e-05 0
1.696153889734752e-05 3.484152541738563e-05 0
1.767079357796699e-05 3.542353638531755e-05 0
1.803370197843424e-05 3.626459732908895e-05 0
1 1068 0 3
953
954
955
2.75500837693868e-05 3.851430649852485e-05 0
2.664175972838127e-05 3.905190946868333e-05 0
2.561860863636718e-05 3.934174325164522e-05 0
1 1069 0 3
956
957
958
2.366010037722839e-05 3.892020103841541e-05 0
2.297326475347138e-05 3.819256800477818e-05 0
2.235447134553868e-05 3.740573242929348e-05 0
1 1070 0 4
959
960
961
962
2.231627531253805e-05 3.560413568025407e-05 0
2.287327560663238e-05 3.493022033017702e-05 0
2.367823112200725e-05 3.45887946493417e-05 0
2.455657782050491e-05 3.464359143651544e-05 0
1 1071 0 3
963
964
965
2.633627838115717e-05 3.528322846940874e-05 0
2.722025063421648e-05 3.575447852941599e-05 0
2.779735285076978e-05 3.65673211765954e-05 0
1 1072 0 4
966
967
968
969
3.884611684150246e-05 3.649994256675016e-05 0
3.853812654687478e-05 3.751950006386472e-05 0
3.786075933678433e-05 3.835208130841736e-05 0
3.70357766406327e-05 3.903914776178268e-05 0
1 1073 0 4
970
971
972
973
3.504701435319128e-05 3.975612402792673e-05 0
3.398639200160507e-05 3.967984195972867e-05 0
3.292612623745726e-05 3.957662199519804e-05 0
3.18856226023262e-05 3.93634914835399e-05 0
1 1074 0 4
974
975
976
977
3.097451070351473e-05 3.758828199750358e-05 0
3.138554813811412e-05 3.657304812964042e-05 0
3.208256090230039e-05 3.572642587160503e-05 0
3.300207869722454e-05 3.512542296863149e-05 0
1 1075 0 4
978
979
980
981
3.500776471800609e-05 3.430542188967886e-05 0
3.602660939231373e-05 3.399291357401205e-05 0
3.708624068134811e-05 3.403946823466852e-05 0
3.798010467600811e-05 3.459256459322791e-05 0
1 1076 0 4
982
983
984
985
4.80912788511453e-05 3.935458642735071e-05 0
4.715345902419689e-05 3.976449518274994e-05 0
4.611519674510374e-05 3.973517110960819e-05 0
4.510047588444218e-05 3.950672861601891e-05 0
1 1077 0 4
986
987
988
989
4.314694139494872e-05 3.870763247414823e-05 0
4.229836351717639e-05 3.804580965899617e-05 0
4.152839518393671e-05 3.729351329585673e-05 0
4.091797224878274e-05 3.640962731695226e-05 0
1 1078 0 4
990
991
992
993
4.180531033358186e-05 3.476626224384784e-05 0
4.282281132965449e-05 3.454402482348994e-05 0
4.385881804669956e-05 3.442917198093246e-05 0
4.489810790767514e-05 3.449814689977592e-05 0
1 1079 0 4
994
995
996
997
4.686610247563439e-05 3.518300672823696e-05 0
4.777084057119317e-05 3.570323650665102e-05 0
4.849108738925997e-05 3.64518858780777e-05 0
4.877418572623957e-05 3.743739554986519e-05 0
1 1080 0 4
998
999
1000
1001
7.855150699601752e-06 4.732380150168565e-05 0
7.715867324627788e-06 4.822316920960005e-05 0
7.183528127767646e-06 4.895100214214381e-05 0
6.407822027567426e-06 4.942726490660335e-05 0
1 1081 0 4
1002
1003
1004
1005
4.679953836286031e-06 5.017329700348572e-05 0
3.726340688530472e-06 4.995349528221186e-05 0
2.933616548981873e-06 4.937191916424174e-05 0
2.368778930031094e-06 4.856994356378792e-05 0
1 1082 0 4
1006
1007
1008
1009
2.313238831053999e-06 4.6711008049947e-05 0
2.668321322243276e-06 4.587096711717651e-05 0
3.023617737284123e-06 4.50288866352181e-05 0
3.521963228242613e-06 4.426629167142005e-05 0
1 1083 0 4
1010
1011
1012
1013
5.284237503656259e-06 4.382853067400306e-05 0
6.200671629675547e-06 4.409058412577814e-05 0
6.949907676577896e-06 4.467806185764299e-05 0
7.429311709774404e-06 4.550587224097082e-05 0
1 1084 0 4
1014
1015
1016
1017
1.707219971118061e-05 5.023679570979985e-05 0
1.602318402235477e-05 5.028656468715333e-05 0
1.501995322954702e-05 4.995484614900273e-05 0
1.406337652389313e-05 4.950288502182399e-05 0
1 1085 0 5
1018
1019
1020
1021
1022
1.226954296263048e-05 4.856231556953752e-05 0
1.161512879147445e-05 4.78495565077036e-05 0
1.121685533085492e-05 4.696671573535203e-05 0
1.118134801897841e-05 4.599789253615976e-05 0
1.146094213489701e-05 4.507139728088117e-05 0
1 1086 0 4
1023
1024
1025
1026
1.307769409964621e-05 4.397692970506088e-05 0
1.412488734184652e-05 4.386961641267844e-05 0
1.517416293074596e-05 4.386145563925618e-05 0
1.617245726940183e-05 4.416861277288116e-05 0
1 1087 0 5
1027
1028
1029
1030
1031
1.759274578464372e-05 4.555657673927127e-05 0
1.811792275905421e-05 4.634750867301407e-05 0
1.854092421300009e-05 4.719691830133538e-05 0
1.878421743506425e-05 4.810950026420536e-05 0
1.862079013100516e-05 4.90369515382364e-05 0
1 1088 0 4
1032
1033
1034
1035
2.842393847944623e-05 4.568019190928048e-05 0
2.837601080068321e-05 4.675128588878869e-05 0
2.803711416880207e-05 4.776987138043268e-05 0
2.750327998607119e-05 4.870309908960878e-05 0
1 1089 0 5
1036
1037
1038
1039
1040
2.613724025940094e-05 5.022521349506654e-05 0
2.527088712119514e-05 5.066933132695484e-05 0
2.430165190974546e-05 5.078876806997207e-05 0
2.337319151619465e-05 5.048763619942132e-05 0
2.254441978130525e-05 4.996755947598557e-05 0
1 1090 0 4
1041
1042
1043
1044
2.140714099982334e-05 4.830666788335664e-05 0
2.148051804422294e-05 4.721231518151002e-05 0
2.178998047057643e-05 4.61604781696726e-05 0
2.23593401332171e-05 4.522755902642097e-05 0
1 1091 0 5
1045
1046
1047
1048
1049
2.407079662451299e-05 4.403608981168619e-05 0
2.499128436212951e-05 4.36417441232485e-05 0
2.595358868117464e-05 4.336674163656439e-05 0
2.694619924723922e-05 4.329952595109039e-05 0
2.783946759889679e-05 4.372371396503351e-05 0
1 1092 0 4
1050
1051
1052
1053
3.689656535222941e-05 4.897936466166009e-05 0
3.626050129795169e-05 4.984679320397836e-05 0
3.5446960487114e-05 5.054561826618371e-05 0
3.442071979221526e-05 5.084713358406791e-05 0
1 1093 0 5
1054
1055
1056
1057
1058
3.2558875859648e-05 5.02413819186269e-05 0
3.20781830094629e-05 4.94592166485562e-05 0
3.193444648795874e-05 4.854967613468129e-05 0
3.199333389505697e-05 4.762453598089026e-05 0
3.211840352703993e-05 4.670594141083393e-05 0
1 1094 0 4
1059
1060
1061
1062
3.274173784425298e-05 4.482996182103607e-05 0
3.354029167475455e-05 4.412401435963537e-05 0
3.449456170106547e-05 4.364158418277653e-05 0
3.551712944074265e-05 4.333021659396766e-05 0
1 1095 0 5
1063
1064
1065
1066
1067
3.736170791327583e-05 4.395333812903973e-05 0
3.79543660347076e-05 4.467870652590033e-05 0
3.832903157530914e-05 4.553826163873591e-05 0
3.837639454239412e-05 4.646968726212867e-05 0
3.81004881958769e-05 4.736336284217571e-05 0
1 1096 0 5
1068
1069
1070
1071
1072
4.860495080562316e-05 4.575529221582954e-05 0
4.897187824700023e-05 4.666738161834515e-05 0
4.889856459695713e-05 4.764898648713737e-05 0
4.838101674637813e-05 4.849000830086997e-05 0
4.765637650817154e-05 4.916350608335313e-05 0
1 1097 0 5
1073
1074
1075
1076
1077
4.595550357096173e-05 5.01059007342135e-05 0
4.50446564596216e-05 5.039027260979135e-05 0
4.409478221944153e-05 5.047051960272982e-05 0
4.316211382770439e-05 5.026889013573082e-05 0
4.228635803627207e-05 4.988888896514519e-05 0
1 1098 0 5
1078
1079
1080
1081
1082
4.102922360931384e-05 4.850874873581126e-05 0
4.114617153177139e-05 4.753846787569758e-05 0
4.14835497642651e-05 4.661633103637138e-05 0
4.188191430237024e-05 4.571725709167259e-05 0
4.242892232700309e-05 4.490453248641721e-05 0
1 1099 0 5
1083
1084
1085
1086
1087
4.396476463238887e-05 4.373380193113348e-05 0
4.488919284532159e-05 4.344180716701344e-05 0
4.586053998301978e-05 4.33924327154668e-05 0
4.681818491798471e-05 4.355123813845197e-05 0
4.764787085207534e-05 4.404686205397624e-05 0
1 1100 0 5
1088
1089
1090
1091
1092
8.348900961214329e-06 5.813888943318139e-05 0
8.141884356459899e-06 5.909957850624394e-05 0
7.614177916965823e-06 5.992449396204416e-05 0
6.786657656452707e-06 6.04330081520777e-05 0
5.814478165861153e-06 6.056147071991777e-05 0
1 1101 0 4
1093
1094
1095
1096
3.80358351199974e-06 6.012788309201107e-05 0
2.829126384035752e-06 5.967953634278272e-05 0
2.105530942220302e-06 5.889230626332394e-05 0
1.708254382665268e-06 5.789734291863966e-05 0
1 1102 0 5
1097
1098
1099
1100
1101
1.602505262527945e-06 5.589549489730483e-05 0
2.031308243848226e-06 5.505445437553196e-05 0
2.666807841155166e-06 5.435199832725102e-05 0
3.402746839568467e-06 5.375241095906115e-05 0
4.243811875846772e-06 5.33265488830867e-05 0
1 1103 0 4
1102
1103
1104
1105
6.201578407114142e-06 5.351454886611106e-05 0
6.986012036421748e-06 5.425452230433889e-05 0
7.612229392908792e-06 5.514254088179821e-05 0
8.132769945294307e-06 5.609622408795331e-05 0
1 1104 0 5
1106
1107
1108
1109
1110
1.681936424444118e-05 5.955346743572656e-05 0
1.610989093546792e-05 6.018898374363212e-05 0
1.528207618806751e-05 6.065973674428894e-05 0
1.436136977957769e-05 6.088998123360288e-05 0
1.344340226409699e-05 6.066188449376245e-05 0
1 1105 0 4
1111
1112
1113
1114
1.204452808765952e-05 5.923793417514765e-05 0
1.168502164459931e-05 5.826212389209106e-05 0
1.182979629614798e-05 5.722220117972132e-05 0
1.22709562225764e-05 5.626385676457906e-05 0
1 1106 0 5
1115
1116
1117
1118
1119
1.331375619430667e-05 5.453638250688007e-05 0
1.399276931575501e-05 5.385569156581033e-05 0
1.481596989576269e-05 5.336132072954882e-05 0
1.574537573984886e-05 5.311536979947442e-05 0
1.67029521416447e-05 5.313838893949573e-05 0
1 1107 0 4
1120
1121
1122
1123
1.792598781372077e-05 5.459924233308893e-05 0
1.789042863300083e-05 5.566928929796942e-05 0
1.787107876639167e-05 5.674183241088864e-05 0
1.780069078922709e-05 5.780708810345975e-05 0
1 1108 0 4
1124
1125
1126
1127
2.801707459741461e-05 5.780822228674055e-05 0
2.763515927559541e-05 5.876408865990533e-05 0
2.707194089989905e-05 5.962791333825834e-05 0
2.624958073397359e-05 6.023971753419739e-05 0
1 1109 0 4
1128
1129
1130
1131
2.428362156394543e-05 6.021415396903239e-05 0
2.342801890938347e-05 5.97821197174925e-05 0
2.283554669863971e-05 5.902451666117792e-05 0
2.250039780736795e-05 5.811863275009853e-05 0
1 1110 0 4
1132
1133
1134
1135
2.201540310709355e-05 5.614121019066701e-05 0
2.215954508911762e-05 5.508294945160159e-05 0
2.276636845325489e-05 5.421401990079701e-05 0
2.370158527065548e-05 5.370892102235162e-05 0
1 1111 0 4
1136
1137
1138
1139
2.567055957195187e-05 5.395331004571616e-05 0
2.644906277958666e-05 5.453282351704402e-05 0
2.721752502397914e-05 5.512537383784397e-05 0
2.78384419529985e-05 5.585930574314337e-05 0
1 1112 0 4
1140
1141
1142
1143
3.777654674614775e-05 5.923640126721389e-05 0
3.683874031057965e-05 5.953087472355273e-05 0
3.587083405938063e-05 5.968563174629012e-05 0
3.490017787402535e-05 5.955638461059177e-05 0
1 1113 0 4
1144
1145
1146
1147
3.325608365439471e-05 5.858690023618812e-05 0
3.255204686860384e-05 5.797345638530989e-05 0
3.197182722403469e-05 5.724353218181413e-05 0
3.165985477233925e-05 5.636919655454022e-05 0
1 1114 0 4
1148
1149
1150
1151
3.202642790841564e-05 5.451338491858057e-05 0
3.296913168587437e-05 5.415249413985179e-05 0
3.39890371005125e-05 5.428826825616706e-05 0
3.495815909026865e-05 5.463845454578091e-05 0
1 1115 0 4
1152
1153
1154
1155
3.67768544390933e-05 5.548203031514092e-05 0
3.753249181998427e-05 5.609810665572775e-05 0
3.817202370356906e-05 5.683416203766548e-05 0
3.863807844313801e-05 5.768861494417227e-05 0
1 1116 0 5
1156
1157
1158
1159
1160
4.865156282854403e-05 5.609881461735793e-05 0
4.871549497843318e-05 5.710519483018336e-05 0
4.861485096527519e-05 5.811207896278515e-05 0
4.834320880093759e-05 5.908265559218451e-05 0
4.776353506892251e-05 5.990014611323169e-05 0
1 1117 0 5
1161
1162
1163
1164
1165
4.586584611974298e-05 6.048965749644037e-05 0
4.487530277342106e-05 6.063035806103579e-05 0
4.387557280800829e-05 6.063670256489446e-05 0
4.293175715220661e-05 6.032317499938011e-05 0
4.21420620713747e-05 5.971773592273955e-05 0
1 1118 0 5
1166
1167
1168
1169
1170
4.111850650777274e-05 5.800709561054035e-05 0
4.097680847744413e-05 5.701600055018767e-05 0
4.120335853707207e-05 5.604299936709987e-05 0
4.1796776878006e-05 5.523111001122989e-05 0
4.254700031111292e-05 5.455956677840928e-05 0
1 1119 0 5
1171
1172
1173
1174
1175
4.404857607265696e-05 5.319429587754597e-05 0
4.504974256855798e-05 5.298762258154047e-05 0
4.605384683486459e-05 5.318812862721538e-05 0
4.697789553147759e-05 5.364052364232338e-05 0
4.776792200834235e-05 5.429468079359543e-05 0
1 1120 0 4
1176
1177
1178
1179
7.599250946025657e-06 6.837429077182629e-05 0
7.041197663530742e-06 6.914272695980362e-05 0
6.315790630759585e-06 6.976028794470079e-05 0
5.44917872871295e-06 7.014997934914443e-05 0
1 1121 0 4
1180
1181
1182
1183
3.577119656001197e-06 6.969716592256946e-05 0
2.690543822945998e-06 6.923401407114122e-05 0
2.04732034553861e-06 6.84838681108265e-05 0
1.848450083523181e-06 6.750841178664966e-05 0
1 1122 0 4
1184
1185
1186
1187
2.441349328873913e-06 6.568289985632383e-05 0
2.997162395061147e-06 6.493899282286635e-05 0
3.752971599913868e-06 6.440415504101727e-05 0
4.623152584672264e-06 6.407809311648674e-05 0
1 1123 0 4
1188
1189
1190
1191
6.51441844683458e-06 6.385793965805132e-05 0
7.263095086286299e-06 6.452309529618062e-05 0
7.64404338031917e-06 6.546032874771076e-05 0
7.855381694096367e-06 6.645059067762848e-05 0
1 1124 0 4
1192
1193
1194
1195
1.640977967167477e-05 7.014961651528523e-05 0
1.547015811714007e-05 7.001636104160228e-05 0
1.458024641694106e-05 6.967655918141919e-05 0
1.372511016358784e-05 6.925743968146675e-05 0
1 1125 0 4
1196
1197
1198
1199
1.232897275177474e-05 6.783168764357164e-05 0
1.182690213150062e-05 6.690369204974709e-05 0
1.158990068696097e-05 6.587818815526113e-05 0
1.19412243668363e-05 6.490145339371071e-05 0
1 1126 0 4
1200
1201
1202
1203
1.375810597506326e-05 6.421788187616373e-05 0
1.467117887111068e-05 6.411186100128784e-05 0
1.557450169433736e-05 6.427008632844439e-05 0
1.639142278760774e-05 6.469307930689819e-05 0
1 1127 0 4
1204
1205
1206
1207
1.778163188938999e-05 6.600734605762642e-05 0
1.812551326763621e-05 6.694396260098362e-05 0
1.807473732945321e-05 6.793849857995845e-05 0
1.778583480281679e-05 6.889764289656163e-05 0
1 1128 0 4
1208
1209
1210
1211
2.853822650724481e-05 6.675057787923033e-05 0
2.79840752877964e-05 6.757035833657723e-05 0
2.733908836874134e-05 6.832355127895921e-05 0
2.670378638801651e-05 6.908192228321765e-05 0
1 1129 0 4
1212
1213
1214
1215
2.489475076727557e-05 7.00342197519134e-05 0
2.381806766756967e-05 7.009256228260374e-05 0
2.276801622019045e-05 6.984882757083777e-05 0
2.196545893647946e-05 6.915154976601326e-05 0
1 1130 0 4
1216
1217
1218
1219
2.1820220831878e-05 6.713331115929959e-05 0
2.193177262915041e-05 6.617778912380078e-05 0
2.244243310229091e-05 6.536665837822706e-05 0
2.322758940896237e-05 6.480086510293002e-05 0
1 1131 0 4
1220
1221
1222
1223
2.511113006610517e-05 6.40950056483884e-05 0
2.61524453663415e-05 6.402774421553741e-05 0
2.715115345868033e-05 6.431393409348177e-05 0
2.80030960060175e-05 6.491293765742657e-05 0
1 1132 0 4
1224
1225
1226
1227
3.780357634512309e-05 6.825311949775464e-05 0
3.708961107068973e-05 6.884586303896359e-05 0
3.632547889713536e-05 6.937421266232699e-05 0
3.550970176468236e-05 6.980539481022199e-05 0
1 1133 0 4
1228
1229
1230
1231
3.365352607815586e-05 6.974495860760821e-05 0
3.285558328851835e-05 6.919820959714824e-05 0
3.223719223151243e-05 6.844718462565712e-05 0
3.186344161016619e-05 6.755149947050383e-05 0
1 1134 0 4
1232
1233
1234
1235
3.22268781535152e-05 6.569947477478448e-05 0
3.270964072592499e-05 6.490495306411546e-05 0
3.349416381628885e-05 6.441114887838219e-05 0
3.442099976354203e-05 6.428000866617668e-05 0
1 1135 0 4
1236
1237
1238
1239
3.633000201206009e-05 6.450932831533954e-05 0
3.725066679051921e-05 6.485836132987357e-05 0
3.795921969528208e-05 6.553147514989766e-05 0
3.827980466553455e-05 6.645304942816708e-05 0
2 201 0 3322
1240
1241
1242
1243
1244
1245
1246
1247
1248
1249
1250
1251
1252
1253
1254
1255
1256
1257
1258
1259
1260
1261
1262
1263
1264
1265
1266
1267
1268
1269
1270
1271
1272
1273
1274
1275
1276
1277
1278
1279
1280
1281
1282
1283
1284
1285
1286
1287
1288
1289
1290
1291
1292
1293
1294
1295
1296
1297
1298
1299
1300
1301
1302
1303
1304
1305
1306
1307
1308
1309
1310
1311
1312
1313
1314
1315
1316
1317
1318
1319
1320
1321
1322
1323
1324
1325
1326
1327
1328
1329
1330
1331
1332
1333
1334
1335
1336
1337
1338
1339
1340
1341
1342
1343
1344
1345
1346
1347
1348
1349
1350
1351
1352
1353
1354
1355
1356
1357
1358
1359
1360
1361
1362
1363
1364
1365
1366
1367
1368
1369
1370
1371
1372
1373
1374
1375
1376
1377
1378
1379
1380
1381
1382
1383
1384
1385
1386
1387
1388
1389
1390
1391
1392
1393
1394
1395
1396
1397
1398
1399
1400
1401
1402
1403
1404
1405
1406
1407
1408
1409
1410
1411
1412
1413
1414
1415
1416
1417
1418
1419
1420
1421
1422
1423
1424
1425
1426
1427
1428
1429
1430
1431
1432
1433
1434
1435
1436
1437
1438
1439
1440
1441
1442
1443
1444
1445
1446
1447
1448
1449
1450
1451
1452
1453
1454
1455
1456
1457
1458
1459
1460
1461
1462
1463
1464
1465
1466
1467
1468
1469
1470
1471
1472
1473
1474
1475
1476
1477
1478
1479
1480
1481
1482
1483
1484
1485
1486
1487
1488
1489
1490
1491
1492
1493
1494
1495
1496
1497
1498
1499
1500
1501
1502
1503
1504
1505
1506
1507
1508
1509
1510
1511
1512
1513
1514
1515
1516
1517
1518
1519
1520
1521
1522
1523
1524
1525
1526
1527
1528
1529
1530
1531
1532
1533
1534
1535
1536
1537
1538
1539
1540
1541
1542
1543
1544
1545
1546
1547
1548
1549
1550
1551
1552
1553
1554
1555
1556
1557
1558
1559
1560
1561
1562
1563
1564
1565
1566
1567
1568
1569
1570
1571
1572
1573
1574
1575
1576
1577
1578
1579
1580
1581
1582
1583
1584
1585
1586
1587
1588
1589
1590
1591
1592
1593
1594
1595
1596
1597
1598
1599
1600
1601
1602
1603
1604
1605
1606
1607
1608
1609
1610
1611
1612
1613
1614
1615
1616
1617
1618
1619
1620
1621
1622
1623
1624
1625
1626
1627
1628
1629
1630
1631
1632
1633
1634
1635
1636
1637
1638
1639
1640
1641
1642
1643
1644
1645
1646
1647
1648
1649
1650
1651
1652
1653
1654
1655
1656
1657
1658
1659
1660
1661
1662
1663
1664
1665
1666
1667
1668
1669
1670
1671
1672
1673
1674
1675
1676
1677
1678
1679
1680
1681
1682
1683
1684
1685
1686
1687
1688
1689
1690
1691
1692
1693
1694
1695
1696
1697
1698
1699
1700
1701
1702
1703
1704
1705
1706
1707
1708
1709
1710
1711
1712
1713
1714
1715
1716
1717
1718
1719
1720
1721
1722
1723
1724
1725
1726
1727
1728
1729
1730
1731
1732
1733
1734
1735
1736
1737
1738
1739
1740
1741
1742
1743
1744
1745
1746
1747
1748
1749
1750
1751
1752
1753
1754
1755
1756
1757
1758
1759
1760
1761
1762
1763
1764
1765
1766
1767
1768
1769
1770
1771
1772
1773
1774
1775
1776
1777
1778
1779
1780
1781
1782
1783
1784
1785
1786
1787
1788
1789
1790
1791
1792
1793
1794
1795
1796
1797
1798
1799
1800
1801
1802
1803
1804
1805
1806
1807
1808
1809
1810
1811
1812
1813
1814
1815
1816
1817
1818
1819
1820
1821
1822
1823
1824
1825
1826
1827
1828
1829
1830
1831
1832
1833
1834
1835
1836
1837
1838
1839
1840
1841
1842
1843
1844
1845
1846
1847
1848
1849
1850
1851
1852
1853
1854
1855
1856
1857
1858
1859
1860
1861
1862
1863
1864
1865
1866
1867
1868
1869
1870
1871
1872
1873
1874
1875
1876
1877
1878
1879
1880
1881
1882
1883
1884
1885
1886
1887
1888
1889
1890
1891
1892
1893
1894
1895
1896
1897
1898
1899
1900
1901
1902
1903
1904
1905
1906
1907
1908
1909
1910
1911
1912
1913
1914
1915
1916
1917
1918
1919
1920
1921
1922
1923
1924
1925
1926
1927
1928
1929
1930
1931
1932
1933
1934
1935
1936
1937
1938
1939
1940
1941
1942
1943
1944
1945
1946
1947
1948
1949
1950
1951
1952
1953
1954
1955
1956
1957
1958
1959
1960
1961
1962
1963
1964
1965
1966
1967
1968
1969
1970
1971
1972
1973
1974
1975
1976
1977
1978
1979
1980
1981
1982
1983
1984
1985
1986
1987
1988
1989
1990
1991
1992
1993
1994
1995
1996
1997
1998
1999
2000
2001
2002
2003
2004
2005
2006
2007
2008
2009
2010
2011
2012
2013
2014
2015
2016
2017
2018
2019
2020
2021
2022
2023
2024
2025
2026
2027
2028
2029
2030
2031
2032
2033
2034
2035
2036
2037
2038
2039
2040
2041
2042
2043
2044
2045
2046
2047
2048
2049
2050
2051
2052
2053
2054
2055
2056
2057
2058
2059
2060
2061
2062
2063
2064
2065
2066
2067
2068
2069
2070
2071
2072
2073
2074
2075
2076
2077
2078
2079
2080
2081
2082
2083
2084
2085
2086
2087
2088
2089
2090
2091
2092
2093
2094
2095
2096
2097
2098
2099
2100
2101
2102
2103
2104
2105
2106
2107
2108
2109
2110
2111
2112
2113
2114
2115
2116
2117
2118
2119
2120
2121
2122
2123
2124
2125
2126
2127
2128
2129
2130
2131
2132
2133
2134
2135
2136
2137
2138
2139
2140
2141
2142
2143
2144
2145
2146
2147
2148
2149
2150
2151
2152
2153
2154
2155
2156
2157
2158
2159
2160
2161
2162
2163
2164
2165
2166
2167
2168
2169
2170
2171
2172
2173
2174
2175
2176
2177
2178
2179
2180
2181
2182
2183
2184
2185
2186
2187
2188
2189
2190
2191
2192
2193
2194
2195
2196
2197
2198
2199
2200
2201
2202
2203
2204
2205
2206
2207
2208
2209
2210
2211
2212
2213
2214
2215
2216
2217
2218
2219
2220
2221
2222
2223
2224
2225
2226
2227
2228
2229
2230
2231
2232
2233
2234
2235
2236
2237
2238
2239
2240
2241
2242
2243
2244
2245
2246
2247
2248
2249
2250
2251
2252
2253
2254
2255
2256
2257
2258
2259
2260
2261
2262
2263
2264
2265
2266
2267
2268
2269
2270
2271
2272
2273
2274
2275
2276
2277
2278
2279
2280
2281
2282
2283
2284
2285
2286
2287
2288
2289
2290
2291
2292
2293
2294
2295
2296
2297
2298
2299
2300
2301
2302
2303
2304
2305
2306
2307
2308
2309
2310
2311
2312
2313
2314
2315
2316
2317
2318
2319
2320
2321
2322
2323
2324
2325
2326
2327
2328
2329
2330
2331
2332
2333
2334
2335
2336
2337
2338
2339
2340
2341
2342
2343
2344
2345
2346
2347
2348
2349
2350
2351
2352
2353
2354
2355
2356
2357
2358
2359
2360
2361
2362
2363
2364
2365
2366
2367
2368
2369
2370
2371
2372
2373
2374
2375
2376
2377
2378
2379
2380
2381
2382
2383
2384
2385
2386
2387
2388
2389
2390
2391
2392
2393
2394
2395
2396
2397
2398
2399
2400
2401
2402
2403
2404
2405
2406
2407
2408
2409
2410
2411
2412
2413
2414
2415
2416
2417
2418
2419
2420
2421
2422
2423
2424
2425
2426
2427
2428
2429
2430
2431
2432
2433
2434
2435
2436
2437
2438
2439
2440
2441
2442
2443
2444
2445
2446
2447
2448
2449
2450
2451
2452
2453
2454
2455
2456
2457
2458
2459
2460
2461
2462
2463
2464
2465
2466
2467
2468
2469
2470
2471
2472
2473
2474
2475
2476
2477
2478
2479
2480
2481
2482
2483
2484
2485
2486
2487
2488
2489
2490
2491
2492
2493
2494
2495
2496
2497
2498
2499
2500
2501
2502
2503
2504
2505
2506
2507
2508
2509
2510
2511
2512
2513
2514
2515
2516
2517
2518
2519
2520
2521
2522
2523
2524
2525
2526
2527
2528
2529
2530
2531
2532
2533
2534
2535
2536
2537
2538
2539
2540
2541
2542
2543
2544
2545
2546
2547
2548
2549
2550
2551
2552
2553
2554
2555
2556
2557
2558
2559
2560
2561
2562
2563
2564
2565
2566
2567
2568
2569
2570
2571
2572
2573
2574
2575
2576
2577
2578
2579
2580
2581
2582
2583
2584
2585
2586
2587
2588
2589
2590
2591
2592
2593
2594
2595
2596
2597
2598
2599
2600
2601
2602
2603
2604
2605
2606
2607
2608
2609
2610
2611
2612
2613
2614
2615
2616
2617
2618
2619
2620
2621
2622
2623
2624
2625
2626
2627
2628
2629
2630
2631
2632
2633
2634
2635
2636
2637
2638
2639
2640
2641
2642
2643
2644
2645
2646
2647
2648
2649
2650
2651
2652
2653
2654
2655
2656
2657
2658
2659
2660
2661
2662
2663
2664
2665
2666
2667
2668
2669
2670
2671
2672
2673
2674
2675
2676
2677
2678
2679
2680
2681
2682
2683
2684
2685
2686
2687
2688
2689
2690
2691
2692
2693
2694
2695
2696
2697
2698
2699
2700
2701
2702
2703
2704
2705
2706
2707
2708
2709
2710
2711
2712
2713
2714
2715
2716
2717
2718
2719
2720
2721
2722
2723
2724
2725
2726
2727
2728
2729
2730
2731
2732
2733
2734
2735
2736
2737
2738
2739
2740
2741
2742
2743
2744
2745
2746
2747
2748
2749
2750
2751
2752
2753
2754
2755
2756
2757
2758
2759
2760
2761
2762
2763
2764
2765
2766
2767
2768
2769
2770
2771
2772
2773
2774
2775
2776
2777
2778
2779
2780
2781
2782
2783
2784
2785
2786
2787
2788
2789
2790
2791
2792
2793
2794
2795
2796
2797
2798
2799
2800
2801
2802
2803
2804
2805
2806
2807
2808
2809
2810
2811
2812
2813
2814
2815
2816
2817
2818
2819
2820
2821
2822
2823
2824
2825
2826
2827
2828
2829
2830
2831
2832
2833
2834
2835
2836
2837
2838
2839
2840
2841
2842
2843
2844
2845
2846
2847
2848
2849
2850
2851
2852
2853
2854
2855
2856
2857
2858
2859
2860
2861
2862
2863
2864
2865
2866
2867
2868
2869
2870
2871
2872
2873
2874
2875
2876
2877
2878
2879
2880
2881
2882
2883
2884
2885
2886
2887
2888
2889
2890
2891
2892
2893
2894
2895
2896
2897
2898
2899
2900
2901
2902
2903
2904
2905
2906
2907
2908
2909
2910
2911
2912
2913
2914
2915
2916
2917
2918
2919
2920
2921
2922
2923
2924
2925
2926
2927
2928
2929
2930
2931
2932
2933
2934
2935
2936
2937
2938
2939
2940
2941
2942
2943
2944
2945
2946
2947
2948
2949
2950
2951
2952
2953
2954
2955
2956
2957
2958
2959
2960
2961
2962
2963
2964
2965
2966
2967
2968
2969
2970
2971
2972
2973
2974
2975
2976
2977
2978
2979
2980
2981
2982
2983
2984
2985
2986
2987
2988
2989
2990
2991
2992
2993
2994
2995
2996
2997
2998
2999
3000
3001
3002
3003
3004
3005
3006
3007
3008
3009
3010
3011
3012
3013
3014
3015
3016
3017
3018
3019
3020
3021
3022
3023
3024
3025
3026
3027
3028
3029
3030
3031
3032
3033
3034
3035
3036
3037
3038
3039
3040
3041
3042
3043
3044
3045
3046
3047
3048
3049
3050
3051
3052
3053
3054
3055
3056
3057
3058
3059
3060
3061
3062
3063
3064
3065
3066
3067
3068
3069
3070
3071
3072
3073
3074
3075
3076
3077
3078
3079
3080
3081
3082
3083
3084
3085
3086
3087
3088
3089
3090
3091
3092
3093
3094
3095
3096
3097
3098
3099
3100
3101
3102
3103
3104
3105
3106
3107
3108
3109
3110
3111
3112
3113
3114
3115
3116
3117
3118
3119
3120
3121
3122
3123
3124
3125
3126
3127
3128
3129
3130
3131
3132
3133
3134
3135
3136
3137
3138
3139
3140
3141
3142
3143
3144
3145
3146
3147
3148
3149
3150
3151
3152
3153
3154
3155
3156
3157
3158
3159
3160
3161
3162
3163
3164
3165
3166
3167
3168
3169
3170
3171
3172
3173
3174
3175
3176
3177
3178
3179
3180
3181
3182
3183
3184
3185
3186
3187
3188
3189
3190
3191
3192
3193
3194
3195
3196
3197
3198
3199
3200
3201
3202
3203
3204
3205
3206
3207
3208
3209
3210
3211
3212
3213
3214
3215
3216
3217
3218
3219
3220
3221
3222
3223
3224
3225
3226
3227
3228
3229
3230
3231
3232
3233
3234
3235
3236
3237
3238
3239
3240
3241
3242
3243
3244
3245
3246
3247
3248
3249
3250
3251
3252
3253
3254
3255
3256
3257
3258
3259
3260
3261
3262
3263
3264
3265
3266
3267
3268
3269
3270
3271
3272
3273
3274
3275
3276
3277
3278
3279
3280
3281
3282
3283
3284
3285
3286
3287
3288
3289
3290
3291
3292
3293
3294
3295
3296
3297
3298
3299
3300
3301
3302
3303
3304
3305
3306
3307
3308
3309
3310
3311
3312
3313
3314
3315
3316
3317
3318
3319
3320
3321
3322
3323
3324
3325
3326
3327
3328
3329
3330
3331
3332
3333
3334
3335
3336
3337
3338
3339
3340
3341
3342
3343
3344
3345
3346
3347
3348
3349
3350
3351
3352
3353
3354
3355
3356
3357
3358
3359
3360
3361
3362
3363
3364
3365
3366
3367
3368
3369
3370
3371
3372
3373
3374
3375
3376
3377
3378
3379
3380
3381
3382
3383
3384
3385
3386
3387
3388
3389
3390
3391
3392
3393
3394
3395
3396
3397
3398
3399
3400
3401
3402
3403
3404
3405
3406
3407
3408
3409
3410
3411
3412
3413
3414
3415
3416
3417
3418
3419
3420
3421
3422
3423
3424
3425
3426
3427
3428
3429
3430
3431
3432
3433
3434
3435
3436
3437
3438
3439
3440
3441
3442
3443
3444
3445
3446
3447
3448
3449
3450
3451
3452
3453
3454
3455
3456
3457
3458
3459
3460
3461
3462
3463
3464
3465
3466
3467
3468
3469
3470
3471
3472
3473
3474
3475
3476
3477
3478
3479
3480
3481
3482
3483
3484
3485
3486
3487
3488
3489
3490
3491
3492
3493
3494
3495
3496
3497
3498
3499
3500
3501
3502
3503
3504
3505
3506
3507
3508
3509
3510
3511
3512
3513
3514
3515
3516
3517
3518
3519
3520
3521
3522
3523
3524
3525
3526
3527
3528
3529
3530
3531
3532
3533
3534
3535
3536
3537
3538
3539
3540
3541
3542
3543
3544
3545
3546
3547
3548
3549
3550
3551
3552
3553
3554
3555
3556
3557
3558
3559
3560
3561
3562
3563
3564
3565
3566
3567
3568
3569
3570
3571
3572
3573
3574
3575
3576
3577
3578
3579
3580
3581
3582
3583
3584
3585
3586
3587
3588
3589
3590
3591
3592
3593
3594
3595
3596
3597
3598
3599
3600
3601
3602
3603
3604
3605
3606
3607
3608
3609
3610
3611
3612
3613
3614
3615
3616
3617
3618
3619
3620
3621
3622
3623
3624
3625
3626
3627
3628
3629
3630
3631
3632
3633
3634
3635
3636
3637
3638
3639
3640
3641
3642
3643
3644
3645
3646
3647
3648
3649
3650
3651
3652
3653
3654
3655
3656
3657
3658
3659
3660
3661
3662
3663
3664
3665
3666
3667
3668
3669
3670
3671
3672
3673
3674
3675
3676
3677
3678
3679
3680
3681
3682
3683
3684
3685
3686
3687
3688
3689
3690
3691
3692
3693
3694
3695
3696
3697
3698
3699
3700
3701
3702
3703
3704
3705
3706
3707
3708
3709
3710
3711
3712
3713
3714
3715
3716
3717
3718
3719
3720
3721
3722
3723
3724
3725
3726
3727
3728
3729
3730
3731
3732
3733
3734
3735
3736
3737
3738
3739
3740
3741
3742
3743
3744
3745
3746
3747
3748
3749
3750
3751
3752
3753
3754
3755
3756
3757
3758
3759
3760
3761
3762
3763
3764
3765
3766
3767
3768
3769
3770
3771
3772
3773
3774
3775
3776
3777
3778
3779
3780
3781
3782
3783
3784
3785
3786
3787
3788
3789
3790
3791
3792
3793
3794
3795
3796
3797
3798
3799
3800
3801
3802
3803
3804
3805
3806
3807
3808
3809
3810
3811
3812
3813
3814
3815
3816
3817
3818
3819
3820
3821
3822
3823
3824
3825
3826
3827
3828
3829
3830
3831
3832
3833
3834
3835
3836
3837
3838
3839
3840
3841
3842
3843
3844
3845
3846
3847
3848
3849
3850
3851
3852
3853
3854
3855
3856
3857
3858
3859
3860
3861
3862
3863
3864
3865
3866
3867
3868
3869
3870
3871
3872
3873
3874
3875
3876
3877
3878
3879
3880
3881
3882
3883
3884
3885
3886
3887
3888
3889
3890
3891
3892
3893
3894
3895
3896
3897
3898
3899
3900
3901
3902
3903
3904
3905
3906
3907
3908
3909
3910
3911
3912
3913
3914
3915
3916
3917
3918
3919
3920
3921
3922
3923
3924
3925
3926
3927
3928
3929
3930
3931
3932
3933
3934
3935
3936
3937
3938
3939
3940
3941
3942
3943
3944
3945
3946
3947
3948
3949
3950
3951
3952
3953
3954
3955
3956
3957
3958
3959
3960
3961
3962
3963
3964
3965
3966
3967
3968
3969
3970
3971
3972
3973
3974
3975
3976
3977
3978
3979
3980
3981
3982
3983
3984
3985
3986
3987
3988
3989
3990
3991
3992
3993
3994
3995
3996
3997
3998
3999
4000
4001
4002
4003
4004
4005
4006
4007
4008
4009
4010
4011
4012
4013
4014
4015
4016
4017
4018
4019
4020
4021
4022
4023
4024
4025
4026
4027
4028
4029
4030
4031
4032
4033
4034
4035
4036
4037
4038
4039
4040
4041
4042
4043
4044
4045
4046
4047
4048
4049
4050
4051
4052
4053
4054
4055
4056
4057
4058
4059
4060
4061
4062
4063
4064
4065
4066
4067
4068
4069
4070
4071
4072
4073
4074
4075
4076
4077
4078
4079
4080
4081
4082
4083
4084
4085
4086
4087
4088
4089
4090
4091
4092
4093
4094
4095
4096
4097
4098
4099
4100
4101
4102
4103
4104
4105
4106
4107
4108
4109
4110
4111
4112
4113
4114
4115
4116
4117
4118
4119
4120
4121
4122
4123
4124
4125
4126
4127
4128
4129
4130
4131
4132
4133
4134
4135
4136
4137
4138
4139
4140
4141
4142
4143
4144
4145
4146
4147
4148
4149
4150
4151
4152
4153
4154
4155
4156
4157
4158
4159
4160
4161
4162
4163
4164
4165
4166
4167
4168
4169
4170
4171
4172
4173
4174
4175
4176
4177
4178
4179
4180
4181
4182
4183
4184
4185
4186
4187
4188
4189
4190
4191
4192
4193
4194
4195
4196
4197
4198
4199
4200
4201
4202
4203
4204
4205
4206
4207
4208
4209
4210
4211
4212
4213
4214
4215
4216
4217
4218
4219
4220
4221
4222
4223
4224
4225
4226
4227
4228
4229
4230
4231
4232
4233
4234
4235
4236
4237
4238
4239
4240
4241
4242
4243
4244
4245
4246
4247
4248
4249
4250
4251
4252
4253
4254
4255
4256
4257
4258
4259
4260
4261
4262
4263
4264
4265
4266
4267
4268
4269
4270
4271
4272
4273
4274
4275
4276
4277
4278
4279
4280
4281
4282
4283
4284
4285
4286
4287
4288
4289
4290
4291
4292
4293
4294
4295
4296
4297
4298
4299
4300
4301
4302
4303
4304
4305
4306
4307
4308
4309
4310
4311
4312
4313
4314
4315
4316
4317
4318
4319
4320
4321
4322
4323
4324
4325
4326
4327
4328
4329
4330
4331
4332
4333
4334
4335
4336
4337
4338
4339
4340
4341
4342
4343
4344
4345
4346
4347
4348
4349
4350
4351
4352
4353
4354
4355
4356
4357
4358
4359
4360
4361
4362
4363
4364
4365
4366
4367
4368
4369
4370
4371
4372
4373
4374
4375
4376
4377
4378
4379
4380
4381
4382
4383
4384
4385
4386
4387
4388
4389
4390
4391
4392
4393
4394
4395
4396
4397
4398
4399
4400
4401
4402
4403
4404
4405
4406
4407
4408
4409
4410
4411
4412
4413
4414
4415
4416
4417
4418
4419
4420
4421
4422
4423
4424
4425
4426
4427
4428
4429
4430
4431
4432
4433
4434
4435
4436
4437
4438
4439
4440
4441
4442
4443
4444
4445
4446
4447
4448
4449
4450
4451
4452
4453
4454
4455
4456
4457
4458
4459
4460
4461
4462
4463
4464
4465
4466
4467
4468
4469
4470
4471
4472
4473
4474
4475
4476
4477
4478
4479
4480
4481
4482
4483
4484
4485
4486
4487
4488
4489
4490
4491
4492
4493
4494
4495
4496
4497
4498
4499
4500
4501
4502
4503
4504
4505
4506
4507
4508
4509
4510
4511
4512
4513
4514
4515
4516
4517
4518
4519
4520
4521
4522
4523
4524
4525
4526
4527
4528
4529
4530
4531
4532
4533
4534
4535
4536
4537
4538
4539
4540
4541
4542
4543
4544
4545
4546
4547
4548
4549
4550
4551
4552
4553
4554
4555
4556
4557
4558
4559
4560
4561
4.933283960879039e-05 7.154106231122227e-05 0
4.282140560515238e-05 7.731616391500687e-05 0
4.936018967625159e-05 6.809702430021371e-05 0
3.878554073998323e-05 6.818546294544496e-05 0
1.043523818587945e-05 7.734160581831757e-05 0
3.957371809670059e-05 7.743579723425471e-05 0
2.965136645350562e-05 7.740714470858145e-05 0
4.456040809931696e-05 6.156528554652907e-05 0
4.537574670608727e-05 7.74731916944279e-05 0
1.961041229672096e-05 7.728587744412436e-05 0
1.286527993078058e-05 6.958092362656352e-05 0
3.711210188324147e-05 6.978295668816096e-05 0
7.027683178458109e-06 7.019754695969775e-05 0
3.209969842341968e-05 7.741776279206467e-05 0
1.290612338348183e-05 7.744739960811252e-05 0
3.633968852968785e-05 7.73244290670105e-05 0
2.71039835766774e-05 7.741655548181352e-05 0
3.286404848060931e-05 7.019122879342998e-05 0
2.684819532269862e-05 7.004915350523212e-05 0
4.924837548288665e-05 6.552654320984372e-05 0
7.889233304362822e-06 7.739150643900001e-05 0
1.555579257994164e-05 7.735879383903052e-05 0
4.583333333344135e-06 7.738942327462215e-05 0
2.210721401620902e-05 7.732321878925323e-05 0
2.465642990733796e-05 7.744932500958277e-05 0
1.720074034423967e-05 7.0700517959482e-05 0
1.467759186665342e-05 7.060150104659196e-05 0
3.525883998124752e-05 7.059634402926338e-05 0
2.274485271497532e-05 3.909094842749682e-05 0
2.832063149296245e-05 3.011538051518424e-05 0
3.881828617894636e-05 6.595143282016367e-05 0
2.246165429574893e-05 5.987774972804378e-05 0
4.944939079982783e-06 7.092861272268443e-05 0
4.923212636406136e-05 7.413009750077041e-05 0
7.092673743419012e-07 7.426193919959068e-05 0
3.279984045962383e-05 6.383551849931494e-05 0
4.231085744967482e-05 2.916045294670491e-05 0
1.788096270598265e-05 2.468909658550682e-05 0
4.291962648593321e-05 1.385314212039079e-05 0
1.779576557409337e-05 1.355878261855269e-05 0
9.579889095688187e-06 6.547103962984084e-07 0
1.223304571217115e-05 4.960203187381378e-05 0
1.236071211736738e-05 3.948013452764793e-05 0
2.311567056245899e-05 7.085853942144755e-05 0
3.240807794574987e-05 5.886989785503027e-05 0
4.214550402843957e-05 3.885931574967483e-05 0
2.284164701961243e-05 9.371008915146474e-06 0
3.95605765946436e-05 8.135741869340938e-07 0
2.206031535286121e-05 3.47509800404559e-05 0
4.167001833816245e-05 2.439785106783267e-05 0
2.214352788800402e-05 4.419179207770498e-05 0
3.826587478500606e-05 4.37868233612247e-05 0
1.723960779489655e-05 6.433456362770951e-05 0
3.04144525152574e-05 6.633808153380834e-07 0
7.092988570470069e-06 4.371995823520783e-05 0
1.78027073104312e-05 3.919172516937142e-05 0
3.167005538843287e-05 5.028700160464987e-05 0
8.134159545352868e-06 9.412468682556836e-06 0
8.322984669604791e-06 1.396895137649261e-05 0
1.781709608957578e-05 3.451467407285853e-05 0
8.065212382956314e-06 5.415829526071999e-05 0
3.247565864680718e-05 2.944638289428371e-05 0
2.816124435398501e-05 2.37597674712285e-05 0
4.200063534183938e-05 6.067366259035255e-05 0
2.197041137247572e-05 3.028125255392692e-05 0
4.155164319681051e-05 5.436646233205852e-05 0
2.728877383100454e-05 5.404577572902006e-05 0
3.797611824563638e-05 3.349171623053917e-05 0
3.202489471116696e-05 1.380684139774784e-05 0
2.174198663041279e-05 2.028187178034218e-05 0
3.762432988474436e-05 9.506223653811705e-06 0
3.799111508179086e-05 1.410833124077572e-05 0
1.776242730706355e-05 5.969541995747613e-05 0
7.01579069193467e-06 2.021296314179104e-05 0
3.770631778742067e-05 4.84862761670002e-06 0
1.286966604371577e-05 2.98939969046011e-05 0
3.194340910436604e-05 3.463895013433372e-05 0
1.702690078970692e-05 2.027740381856947e-05 0
2.818640986847033e-05 6.406489186445287e-05 0
7.925904392860001e-06 5.007887396991777e-06 0
2.227946511690598e-05 1.417989724654087e-05 0
2.236044555203953e-05 6.438056618639039e-05 0
4.648439686376696e-05 6.123569926801402e-05 0
2.15265842045831e-05 5.026535166158446e-05 0
7.637474653998274e-06 3.904794017278189e-05 0
1.229793125503787e-05 9.829319646220341e-06 0
3.762582612613154e-05 2.428207593293856e-05 0
1.838964024557191e-05 8.63237484182414e-06 0
2.799829392490888e-05 5.987043827423522e-05 0
1.257600483579435e-05 4.732490986774317e-06 0
7.766741432812576e-07 1.163850878096397e-05 0
3.825143521359861e-05 2.050861971965857e-05 0
3.292706086897677e-05 2.427656000982684e-05 0
2.832583563682508e-05 1.93629124236982e-05 0
3.663980861312361e-05 5.456433593043493e-05 0
7.04864407396818e-06 6.790531147848183e-07 0
3.239150993849941e-05 4.681564794942997e-06 0
1.13144112992609e-05 2.325261868208322e-05 0
1.1661272865816e-05 6.018746299848751e-05 0
1.958333333328369e-05 7.216878364847078e-07 0
2.79095331719651e-05 7.073777239799434e-07 0
8.751093138199913e-06 3.467991207558098e-05 0
3.729122918892518e-05 4.996747303086252e-05 0
3.740732251207221e-05 6.022122631168486e-05 0
2.722539004640553e-05 3.470921857899623e-05 0
4.259827099652684e-05 9.42434106638964e-06 0
3.801279999777846e-05 3.94682793957601e-05 0
1.712456029643411e-05 4.382868279144503e-05 0
8.11888149181886e-06 4.904137845188536e-05 0
3.077522680214337e-05 3.973049226869588e-05 0
4.930556196376459e-05 3.255265219181586e-05 0
1.311933421100005e-05 5.366816019944493e-05 0
2.864961552017115e-05 1.026126382013461e-05 0
1.113011928784652e-05 4.414780211744184e-05 0
1.377120106844438e-05 8.381078902910294e-07 0
2.823051772373327e-05 6.857145764892752e-05 0
4.215174149067641e-05 4.396621158084625e-05 0
7.216473519829175e-07 3.250652784292402e-05 0
4.710864707560703e-05 7.020376114572912e-07 0
2.820158809545113e-05 5.190105489835355e-06 0
2.215968037201081e-05 2.418374435325254e-05 0
3.813874105613622e-06 1.010649459555917e-05 0
4.210102305215652e-05 3.377238629319282e-05 0
4.229495761316797e-05 3.951245261860295e-06 0
1.830183018810314e-05 3.054567305885972e-05 0
1.154204856229237e-05 1.929075030473738e-05 0
4.145700204692934e-05 5.026649140554299e-05 0
3.803896955477803e-05 2.861971615015301e-05 0
4.694291461959927e-05 2.420288368230341e-05 0
2.161985010644039e-05 5.400709101712961e-05 0
3.41297517379228e-05 6.008726740935541e-05 0
7.44037535387397e-07 7.252829114849527e-05 0
4.923216286009372e-05 6.988211569936573e-05 0
4.713267189607392e-05 7.731847338648513e-05 0
7.655513446121379e-06 3.063610703806709e-05 0
1.127635600841654e-05 7.446119395592451e-07 0
4.13409486987034e-05 7.745134351193355e-05 0
3.460129242186711e-05 7.7436263591674e-05 0
3.791646457462285e-05 7.735777850454697e-05 0
5.380594763013896e-06 6.693061720418545e-07 0
6.241636277135939e-06 7.740798688652754e-05 0
1.79522852689728e-05 7.731154195441906e-05 0
2.941239063415184e-06 7.745546900845689e-05 0
3.797891413594436e-05 8.144272894916193e-07 0
1.790396008422784e-05 6.562252104838955e-07 0
4.927907172093828e-05 6.381813276178628e-05 0
3.285956797006172e-05 7.327623367876935e-07 0
1.631214272964785e-05 6.787631011865923e-07 0
4.43268428735715e-05 3.014569508185956e-05 0
3.748948181514045e-06 6.276524241930482e-07 0
4.624513109655415e-05 3.06178992987284e-05 0
2.737995758540763e-05 3.959963037996992e-05 0
2.69970345568156e-05 5.05831159437981e-05 0
2.626270844580144e-05 6.667966367939337e-07 0
3.251429878886542e-05 4.378547463710328e-05 0
4.183382931534387e-05 2.025029410234607e-05 0
1.221746322469474e-05 1.455899399104548e-05 0
7.629494613315404e-06 6.346098396967945e-05 0
4.928924302313903e-05 2.212984287435734e-05 0
7.276996871573425e-07 6.217797638951377e-05 0
1.788900826654983e-05 4.064414741542207e-06 0
3.407739213497524e-05 3.376986247635729e-05 0
4.371305982095385e-05 6.560852241132626e-07 0
4.919373212550405e-05 2.983251964716891e-06 0
7.143158467087307e-06 2.405874458090765e-05 0
6.887248658243721e-07 4.210812700830534e-05 0
2.522876453014874e-05 3.407373213735935e-05 0
4.531326399923151e-05 6.299794591718093e-07 0
4.127834315827243e-05 6.786400987806936e-07 0
7.516245171125709e-07 2.169753086422316e-06 0
4.168236536466512e-05 1.547313262694435e-05 0
5.910102105659952e-06 4.318039104368134e-06 0
7.083356747920927e-07 5.164779244130254e-05 0
1.208718251413936e-05 6.39153907395499e-05 0
3.628624982120287e-05 6.858016835113091e-07 0
3.318711088019452e-05 1.036293825832298e-05 0
8.482397259057492e-06 6.816510676191842e-05 0
2.415595466182998e-05 4.298789392954834e-05 0
3.596054326598729e-05 6.361574344519231e-05 0
1.495067553647225e-05 3.077182461385153e-05 0
3.102312600717718e-05 5.462031883748283e-05 0
1.660177924487637e-05 1.006669158072228e-05 0
2.840265299227621e-05 1.405051623663278e-05 0
1.852020683793565e-05 4.544896762277322e-05 0
2.11988666184584e-05 7.446531284443092e-07 0
3.701880227473728e-06 4.331696149274523e-05 0
3.25736343033204e-05 2.059474655083679e-05 0
2.883849589159257e-05 4.371588920832657e-05 0
2.153569799549241e-05 5.795307350910543e-05 0
3.450617975734772e-05 7.350731045492856e-07 0
1.183456363680251e-05 5.502289552528234e-05 0
4.942294019692195e-05 5.160195744199686e-05 0
3.710035387959031e-06 3.10473607739065e-05 0
2.710976079938189e-06 2.328749252691678e-05 0
2.455342641836969e-05 8.289490171261823e-07 0
6.95634940392117e-06 1.28653391599699e-05 0
2.142097939549908e-05 3.708504209553526e-05 0
8.797137231658112e-06 3.739234762387919e-05 0
1.805471517872561e-05 7.035585146830759e-05 0
1.795815754163448e-05 7.124848960143378e-05 0
1.712569467704836e-05 7.164944995910478e-05 0
1.786527240029389e-05 7.216999747004758e-05 0
1.70229293174743e-05 7.256444174308039e-05 0
1.774917135770009e-05 7.308906754705229e-05 0
1.860606981919125e-05 7.270726165341398e-05 0
1.690784633960586e-05 7.346410801294292e-05 0
1.847129909566167e-05 7.363336466117992e-05 0
1.934284460629461e-05 7.326567862824545e-05 0
1.947808813587198e-05 7.232436911466103e-05 0
2.020572246003353e-05 7.292111491519737e-05 0
2.008830869872373e-05 7.38249061576817e-05 0
2.095956911514528e-05 7.349165987771157e-05 0
1.618699740391222e-05 7.29450561452022e-05 0
1.607733090600031e-05 7.383376422098265e-05 0
1.535743617640239e-05 7.331636775518531e-05 0
1.525598612206807e-05 7.420018898101241e-05 0
1.454114326599656e-05 7.368193357413309e-05 0
4.436204995845197e-05 4.279498914381348e-05 0
1.316149802530263e-05 3.381344254710741e-05 0
1.444250057589879e-05 7.456660617358464e-05 0
1.373358472871427e-05 7.405419855472361e-05 0
1.396758037568728e-05 1.298159681954189e-05 0
1.678853985168212e-05 7.435663990476004e-05 0
2.296101372497623e-05 8.520140842908372e-07 0
1.112437133535027e-05 6.431838685324287e-05 0
1.121446461187158e-05 6.335898440683254e-05 0
8.666252087686584e-06 1.738469322539065e-05 0
1.443501538161363e-05 3.913540067499537e-06 0
1.597822222298516e-05 2.3746087084978e-05 0
3.240094453824057e-06 1.378904168109511e-05 0
1.60177460457023e-05 6.11656930580174e-05 0
3.137745219877003e-05 5.374562549262812e-05 0
4.449012308630044e-05 1.015288698848974e-05 0
2.084158898912569e-05 7.438530900791141e-05 0
2.169602659903445e-05 7.404746331467075e-05 0
6.187760051228695e-06 5.028939486003519e-05 0
3.845671387364979e-05 8.875184378658888e-06 0
3.860497758677302e-05 9.881310649431288e-06 0
4.088313650354087e-05 2.491607845574456e-05 0
4.08077626515826e-05 2.39279778187861e-05 0
2.922254632193706e-05 2.57150177916872e-05 0
4.625419953802944e-05 2.116817856162001e-05 0
1.38329023477121e-05 7.3145545944034e-05 0
1.3015658803901e-05 7.352410936568065e-05 0
1.292250962565304e-05 7.44156333653391e-05 0
1.220496102319811e-05 7.390204986007997e-05 0
1.229580585030842e-05 7.301178876066889e-05 0
1.148211563143709e-05 7.339425396990264e-05 0
1.157595602482534e-05 7.250856074360417e-05 0
1.075398380863509e-05 7.288664379610357e-05 0
1.084991832040956e-05 7.199864627641526e-05 0
1.066779518680949e-05 7.377419061921373e-05 0
9.933394162986726e-06 7.326678147611539e-05 0
9.85693707907141e-06 7.415319547916978e-05 0
9.118638474224335e-06 7.364875169823626e-05 0
9.193327201332382e-06 7.275569050434198e-05 0
8.375908390816242e-06 7.314515105531071e-05 0
8.30740181727965e-06 7.403439030136336e-05 0
7.562564362469589e-06 7.353887513159381e-05 0
7.498106726779168e-06 7.44228557098243e-05 0
6.744261173409521e-06 7.393495478527915e-05 0
1.211842460679543e-05 7.478504773377617e-05 0
3.62689977437564e-05 1.25305257411665e-05 0
2.072597334018905e-05 1.917801584958262e-05 0
3.932261151868489e-06 6.3430935960221e-05 0
5.824669624780086e-06 4.052174032779199e-05 0
1.540627857644573e-05 4.055211500470721e-05 0
3.621016652288832e-05 3.037251403571351e-05 0
2.422051304780141e-05 3.121931567328398e-05 0
2.840114958020037e-05 4.281976342338488e-05 0
2.941145952909896e-05 4.290221633768675e-05 0
8.475627968041471e-06 6.016127162453365e-05 0
2.142680334459852e-05 7.874514126328349e-06 0
1.340099781496934e-05 4.302102748128828e-05 0
4.667454425832444e-05 4.086919523726914e-06 0
3.045177252504645e-05 5.383776689303975e-05 0
3.19045404851803e-06 3.422521507192737e-05 0
2.609745937197367e-05 3.103534243462078e-05 0
1.213481835793123e-05 3.416467043170397e-05 0
2.845971422596575e-05 4.883478549430578e-05 0
2.615256815812468e-05 3.748824107212331e-06 0
4.084460625039908e-05 6.175900007546463e-06 0
4.928177119138073e-05 4.210693571110117e-05 0
2.116160548720042e-05 1.58952441225694e-05 0
4.434155895358274e-05 3.364440240117621e-05 0
1.057672971677829e-05 2.369723704135882e-05 0
1.049027601599389e-05 2.280541726467827e-05 0
4.661066659711802e-05 3.404920729154877e-05 0
4.928801730849295e-05 7.599477421060165e-05 0
6.681054904930824e-07 7.59789527245871e-05 0
1.876392641165868e-05 6.617813065754678e-05 0
4.930482404992895e-05 1.17511031788757e-05 0
2.43557800563638e-05 6.341470021590979e-05 0
3.339239699740687e-05 3.561511655881718e-06 0
1.852423954517548e-05 5.376854944589372e-05 0
1.570640723791719e-05 3.364578255784209e-05 0
6.818516400573361e-07 9.850731859374112e-06 0
3.831868209970356e-05 2.650816741558143e-05 0
3.104730412441242e-05 5.711371864955456e-05 0
3.424497671446496e-06 5.281463430377617e-05 0
2.031361844214016e-05 7.200819093390801e-05 0
4.439652848343658e-05 3.495012523468526e-06 0
4.160688642687062e-05 2.341340232169594e-05 0
4.078470209977955e-05 2.292827795946228e-05 0
3.858281125790962e-05 5.5913079025264e-05 0
2.507424346361208e-06 7.003972349564772e-05 0
4.378972380537295e-05 2.365996832397677e-05 0
9.466904142412237e-06 3.537599214676883e-05 0
1.237929700052633e-05 3.311685030646418e-05 0
2.10308070020924e-05 6.883128419302238e-05 0
7.302641403441774e-07 2.124367135786545e-05 0
4.931490232028858e-05 6.205286963250393e-05 0
2.903758517212848e-05 2.802790621214804e-05 0
1.419432264089479e-05 5.057129723729844e-05 0
2.659950657602353e-05 2.051949303915255e-05 0
1.995255002726559e-05 7.475271537848545e-05 0
1.107427027974192e-05 2.827672354028594e-05 0
2.639802282383409e-05 4.254445689359929e-05 0
4.14911721492069e-05 4.361955108910306e-06 0
1.802648445041729e-05 5.060665855003628e-05 0
3.335858224106247e-05 4.038311970361736e-05 0
6.818489637275711e-06 7.304834426315892e-05 0
5.994350399225505e-06 7.3441115310645e-05 0
5.944925271319992e-06 7.431799514323998e-05 0
5.194159490293026e-06 7.38239133362601e-05 0
5.145329417410786e-06 7.469888241461419e-05 0
4.408763406793448e-06 7.419275898617144e-05 0
6.441133669830354e-07 3.07875602190475e-05 0
4.159930011011448e-05 3.459488627352968e-06 0
4.079096300218413e-05 3.755598721025228e-06 0
2.131022337022958e-05 3.546115243994584e-06 0
4.75816259338979e-05 3.020652800584211e-05 0
8.192560900758644e-06 4.558577319690077e-05 0
3.135010373136076e-05 6.841483344212614e-05 0
3.710281388364831e-05 2.352636799961113e-05 0
3.800390498362867e-05 2.340674065069074e-05 0
3.455096095377387e-05 3.055049646279279e-05 0
4.08506165527445e-05 2.697460173588998e-05 0
4.023506834395969e-06 3.51310720603463e-06 0
2.452654385900963e-05 1.058500188395309e-05 0
6.918019097288951e-07 4.384081436749105e-05 0
3.080469797692728e-05 5.297153352498869e-05 0
2.988038462620131e-05 5.308695356092838e-05 0
2.028362090692947e-05 1.837169101201917e-05 0
1.9795176860031e-05 1.91327571821593e-05 0
8.243219505913804e-06 7.491460116331526e-05 0
1.089636482881662e-05 6.505827516912547e-06 0
1.059710672198092e-05 4.778666851458069e-05 0
1.137788842588755e-05 3.347498268876024e-05 0
1.159670384353341e-05 3.242581827116371e-05 0
1.059792106948709e-05 3.275819453429812e-05 0
1.081703879271939e-05 3.174400288559733e-05 0
4.674009424366595e-05 5.065104199744685e-05 0
4.23757411219278e-05 2.984667598404726e-06 0
4.344141506718287e-06 7.506847934761575e-05 0
3.619938204912596e-06 7.455058309138984e-05 0
3.685221343928708e-06 7.368203033037422e-05 0
3.151089709980461e-05 4.608923188628718e-05 0
3.147222102475332e-05 8.321459475930511e-06 0
2.788735691923748e-05 1.104234018557898e-05 0
2.901239152991622e-05 1.122759383584581e-05 0
2.895222652061949e-05 4.201468148423863e-05 0
3.892463065124285e-05 1.591068283711983e-05 0
3.937244589417228e-05 9.248753663844176e-06 0
3.953909474831933e-05 1.021128069645759e-05 0
3.880019693881302e-05 1.087158423787079e-05 0
3.975096938322847e-05 1.116738469202413e-05 0
3.583466779624166e-05 3.357926787095226e-06 0
2.351717955443269e-05 2.288205762332832e-05 0
3.524477793754609e-05 5.158907436255691e-05 0
1.876795362630708e-05 5.611227027111532e-05 0
7.744201601446449e-07 6.385556693424921e-05 0
3.470854315307371e-05 2.142789927651805e-05 0
4.657891708233794e-05 4.265490674685845e-05 0
2.967063305334825e-05 1.046845108113721e-05 0
3.004287883287031e-05 1.134668099223897e-05 0
3.020158851728868e-05 5.21876163805337e-05 0
2.927674375874485e-05 5.234731291754195e-05 0
2.961580749248232e-05 5.140307244886223e-05 0
1.239252869244348e-05 7.212625680550975e-05 0
1.441157794252014e-05 1.018758189892759e-05 0
3.130282959531949e-05 6.585501126966333e-05 0
4.056309543827285e-05 4.920860298079796e-05 0
4.055549576778241e-05 5.05032338776736e-05 0
4.308586223393694e-05 5.274826209944698e-05 0
6.340339681326217e-06 3.130819535081451e-05 0
3.613887894560476e-05 4.250157253847719e-05 0
1.371849167890758e-05 6.149792020405817e-05 0
2.980893793183848e-05 4.381331805863959e-05 0
8.612221059617539e-06 6.589401084080498e-05 0
2.113093289972287e-05 3.626544763058058e-05 0
1.721546759158453e-05 3.522868624537819e-06 0
1.802639522009782e-05 3.175381466085516e-06 0
1.876980149246101e-05 3.668334587782539e-06 0
1.134079655280928e-05 1.700817735757917e-05 0
7.351803307735329e-06 3.161731167967174e-05 0
4.928670926852354e-05 2.039180779838981e-05 0
2.993925514511102e-05 4.209163052134847e-05 0
2.580034798332026e-05 6.115323637317166e-05 0
2.158436937994847e-05 7.493944258961575e-05 0
2.243344849572478e-05 7.45932009285061e-05 0
2.253263714668651e-05 7.37012141720936e-05 0
2.328145293053352e-05 7.424065912495524e-05 0
2.31717837625946e-05 7.51227574109118e-05 0
2.403045504298539e-05 7.475365499510421e-05 0
2.410291662510783e-05 7.371890503352185e-05 0
2.488364901372819e-05 7.437122716951396e-05 0
2.503516280108388e-05 7.347987011926068e-05 0
2.575779727893928e-05 7.403870980516726e-05 0
2.591017666750427e-05 7.313947812005127e-05 0
2.662474828901297e-05 7.369692317484535e-05 0
2.647560203650925e-05 7.459832837567404e-05 0
2.733727864961381e-05 7.425516322423076e-05 0
2.748317600385286e-05 7.335080438973087e-05 0
2.819412317743982e-05 7.391023974141317e-05 0
2.833723851920745e-05 7.300367613807453e-05 0
2.905069439131226e-05 7.356596192778389e-05 0
2.917996741957547e-05 7.265806877527109e-05 0
2.988999611739542e-05 7.322268685503816e-05 0
2.976130906543906e-05 7.412675841416564e-05 0
3.060365562663294e-05 7.378352861898463e-05 0
3.00169263402686e-05 7.231889343954376e-05 0
3.047524928195137e-05 7.46845201919659e-05 0
3.132527859468229e-05 7.434097734017627e-05 0
3.144278568011557e-05 7.34433356523257e-05 0
3.216408790676019e-05 7.40058831963588e-05 0
2.931187445223377e-05 7.174613053768866e-05 0
3.227666090516698e-05 7.310526437420238e-05 0
3.300137692498941e-05 7.36831037742642e-05 0
3.288875315164574e-05 7.456847644720491e-05 0
3.372214412724988e-05 7.425427840582865e-05 0
2.804710067289178e-05 7.481523745772894e-05 0
3.384787614497676e-05 7.338364687988742e-05 0
3.455690529717324e-05 7.395530895939994e-05 0
3.014439209288694e-05 7.141669560089964e-05 0
3.442591434355581e-05 7.48077690294801e-05 0
3.52564934582328e-05 7.449872029093182e-05 0
3.538476781476786e-05 7.365574713752809e-05 0
3.608551700807384e-05 7.418768165288938e-05 0
3.62094243369874e-05 7.334915049153898e-05 0
3.691559177217588e-05 7.386964627641504e-05 0
3.703372281211253e-05 7.30380794756467e-05 0
3.774441616564213e-05 7.354588555880318e-05 0
3.78572772910547e-05 7.271770045049245e-05 0
3.856387008159168e-05 7.322066275192984e-05 0
3.867618759799231e-05 7.238668695358746e-05 0
3.938409542868721e-05 7.290484796597235e-05 0
3.95256857341553e-05 7.204048194898732e-05 0
4.021200563302993e-05 7.25804954487926e-05 0
4.035291957717874e-05 7.172509796742058e-05 0
4.105060221443644e-05 7.225771745667599e-05 0
4.117959082464748e-05 7.138861852506247e-05 0
4.186937344737608e-05 7.193154077379395e-05 0
4.197371244601538e-05 7.104727181380925e-05 0
4.269017633803629e-05 7.161513710851576e-05 0
4.282171324147437e-05 7.073916518781395e-05 0
4.351507761243037e-05 7.13030517848294e-05 0
4.365411288893084e-05 7.043206881155695e-05 0
4.297194800965966e-05 6.987378596807666e-05 0
4.379776074098391e-05 6.955642299421682e-05 0
4.338517790185374e-05 7.216924509970088e-05 0
4.311782200761741e-05 6.900085281022683e-05 0
4.393566577632594e-05 6.867676856529729e-05 0
4.322981017303621e-05 6.812904678365377e-05 0
4.406932236568373e-05 6.778893048056113e-05 0
4.333537825802308e-05 6.723097061464879e-05 0
4.421589053070935e-05 6.688832288356223e-05 0
4.420112602931155e-05 7.186145213596156e-05 0
4.350143844575541e-05 6.63094471937502e-05 0
4.407141032646518e-05 7.272013144734828e-05 0
4.437804041995136e-05 6.597906221385061e-05 0
4.488136729483848e-05 7.241530147068165e-05 0
4.462627681800779e-05 6.923587670614862e-05 0
4.093637245421428e-05 7.312155528298427e-05 0
4.508364974884925e-05 6.655637124267143e-05 0
4.525283513603595e-05 6.56557091394116e-05 0
4.475128483138589e-05 7.3268480196154e-05 0
4.394622395267025e-05 7.357457661189034e-05 0
4.367348633242111e-05 6.53866173097601e-05 0
4.555532952827777e-05 7.296485077750551e-05 0
4.568841132655574e-05 7.210927070020658e-05 0
4.25052385242542e-05 6.762218809114057e-05 0
4.542637193950695e-05 7.381547704619174e-05 0
3.929725728169721e-05 7.375757315914091e-05 0
4.115633418130451e-05 7.044606764139152e-05 0
4.281475545282341e-05 6.570784775434258e-05 0
4.295907699537625e-05 6.47847389768001e-05 0
4.594934199936401e-05 6.623142493509081e-05 0
4.611858930648918e-05 6.534018809075354e-05 0
4.635668059047647e-05 7.266408952374502e-05 0
4.649228301240428e-05 7.180656277555968e-05 0
4.543471215728553e-05 6.475948736293692e-05 0
4.629591739781091e-05 6.446519092586514e-05 0
3.763755453417575e-05 7.439549660130686e-05 0
4.207650677809695e-05 6.511694769614678e-05 0
4.222022496594884e-05 6.418183884069473e-05 0
3.964659073316722e-05 7.108197814527029e-05 0
4.578267351032537e-05 6.71274546870239e-05 0
4.664644320659066e-05 6.680119201526535e-05 0
4.647276935622079e-05 6.769713615314365e-05 0
4.128220531716801e-05 6.454827035839482e-05 0
4.146341538840871e-05 6.358302537271652e-05 0
4.057410078079982e-05 6.391974638237546e-05 0
4.072605527383769e-05 6.29605272759352e-05 0
3.982111372146433e-05 6.330141138732255e-05 0
3.996285957348691e-05 6.236529585747103e-05 0
3.906239368048451e-05 6.2723027113201e-05 0
7.416324965921065e-07 1.354860245656121e-05 0
1.120504955624195e-05 6.771035388540957e-05 0
4.924990441603623e-05 2.385893698333461e-05 0
4.313889768015592e-05 6.383938968979909e-05 0
3.179157896597548e-05 5.28303596230291e-05 0
6.084246788645917e-06 1.023004588223061e-05 0
9.283893630990167e-06 5.64685466576801e-05 0
3.118784767212941e-05 4.814558325623122e-05 0
2.880187102919375e-05 5.605014361258697e-05 0
3.595579601634282e-05 7.503555000258413e-05 0
1.116563414719953e-05 9.169183230685448e-06 0
1.138116206201781e-05 1.014390694242966e-05 0
1.025544256191368e-05 6.380223917578153e-05 0
1.032365976010561e-05 6.283681415113319e-05 0
3.02056617314919e-06 6.077007032179156e-05 0
4.093138637449928e-05 4.582620891785471e-05 0
4.563934186266079e-05 6.387380890901931e-05 0
7.446262585026969e-06 7.529478966000217e-05 0
4.113133014958495e-05 6.560363277605737e-05 0
4.08976679200889e-05 2.934695283859209e-06 0
4.009145174319718e-05 3.247277592283886e-06 0
4.000252777874927e-05 4.083550370127845e-06 0
4.656342851438249e-05 1.053209449828141e-05 0
1.515023143211103e-05 7.508142502155832e-05 0
1.433887031694228e-05 7.544516317539845e-05 0
1.435176144126753e-05 4.051180977003876e-05 0
8.443478404088771e-06 7.224442867240899e-05 0
4.715048469018939e-05 7.236979490615916e-05 0
4.702598588051663e-05 7.321810293638213e-05 0
4.728706163280781e-05 7.150974792215304e-05 0
4.664137457696079e-05 7.094143521900863e-05 0
2.505759599263567e-05 4.024364792438953e-05 0
2.903514544360049e-06 5.042369189241562e-05 0
1.125985402640004e-05 2.230779766353225e-05 0
1.044108964621936e-05 2.184111316477577e-05 0
9.615577394926547e-06 2.239439465549612e-05 0
9.550075452493749e-06 2.134623732914487e-05 0
8.724831120127718e-06 2.196530701590459e-05 0
2.378327131044394e-05 3.289822119163516e-06 0
2.058108360369881e-05 3.689431298813101e-05 0
2.083029706249246e-05 3.76654199624994e-05 0
2.026083579594632e-05 3.607644131708208e-05 0
2.945902697736899e-05 7.08235199056814e-05 0
5.036187601215967e-06 6.136891400455258e-05 0
3.119984166834645e-05 7.5230856489459e-05 0
3.714246206243035e-05 7.222167479057988e-05 0
1.129434368580174e-05 3.71187757834047e-05 0
2.090150225936525e-06 6.122033063826091e-07 0
7.098865318434724e-07 3.428502693358758e-05 0
5.858438094363923e-06 1.263339075289162e-05 0
2.762560092817279e-05 7.244392856202437e-05 0
3.536428093247697e-06 4.081300027728296e-05 0
3.395319526945195e-05 1.263425415332366e-05 0
1.521371789703978e-05 6.343087516085003e-05 0
2.288707607796345e-05 3.414183947531028e-05 0
2.204879017265095e-05 3.378696451467721e-05 0
2.129312699780883e-05 3.419510158706661e-05 0
2.125175939418886e-05 3.33385486041522e-05 0
2.201762738627194e-05 3.290564741703764e-05 0
2.048502475553274e-05 3.376885411734736e-05 0
2.045720709889554e-05 3.291098255512086e-05 0
3.704417792931456e-05 3.293074210194601e-05 0
3.802057923173486e-05 3.245705703125738e-05 0
3.891940827328884e-05 3.301604147171617e-05 0
3.893458147563827e-05 3.200155535927222e-05 0
3.595292508532735e-05 3.281750967969673e-05 0
8.957112958591663e-06 8.245061921041428e-06 0
3.1525509291481e-05 2.640444093261365e-05 0
4.546719539181266e-05 4.049559242837816e-05 0
3.917836286715367e-05 1.794564872783879e-05 0
4.649794039042623e-05 6.362597475264351e-05 0
3.980077175627551e-05 3.259604077522183e-05 0
3.985815118787524e-05 3.156695033391918e-05 0
4.696770823553132e-05 6.502157343288242e-05 0
3.413117163956565e-05 2.959064546444255e-06 0
4.975430759839982e-06 2.277569741022853e-05 0
3.114987175104924e-06 3.434591549266686e-06 0
2.310127502419019e-05 5.302782308990465e-05 0
2.165573384130772e-05 5.296795643653622e-05 0
1.888092100563365e-05 2.817904854270159e-06 0
4.790830890686943e-06 4.303150286800319e-05 0
2.520698549102461e-05 7.258372514834055e-05 0
4.004048998775644e-05 2.450292352563354e-05 0
2.808504165909552e-05 3.547294914977795e-05 0
2.832406936722154e-05 3.449782732984533e-05 0
2.764575566920005e-05 3.374325547185545e-05 0
2.860693059992191e-05 3.356331100508019e-05 0
2.792663613154929e-05 3.283461473897158e-05 0
2.888133099341932e-05 3.263242388102527e-05 0
2.906836027290054e-05 3.519832225481217e-05 0
2.955085347687571e-05 3.337183709188186e-05 0
2.984006441671867e-05 3.243908315848457e-05 0
2.925720880061633e-05 1.593090875435778e-05 0
2.558529604277163e-05 5.297559616286304e-05 0
1.969137577316242e-05 3.333217027329563e-05 0
1.968751967743812e-05 3.249857477615829e-05 0
1.886309285472339e-05 3.293388767755508e-05 0
1.464592242766678e-05 2.147125066409222e-05 0
6.166492042054262e-07 5.33882163774379e-05 0
2.682070840372022e-05 6.105029684695544e-05 0
3.362327871132294e-05 5.341930241683577e-05 0
4.067791873756158e-05 3.22495682437545e-05 0
4.924492222160548e-05 3.41985487249997e-05 0
7.613928611657555e-06 6.09056867910223e-05 0
8.67797422842385e-06 6.110394086905717e-05 0
4.727964104946894e-05 1.248456724262895e-05 0
3.904685742946152e-05 1.182527140365868e-05 0
3.99502319207216e-05 1.212539683952544e-05 0
4.069648345038143e-05 1.146500151895964e-05 0
4.085843985787263e-05 1.246006284812532e-05 0
4.162257612945536e-05 1.180990644284206e-05 0
4.011041178141279e-05 1.308137736900878e-05 0
2.854598293491227e-05 3.84054658739243e-05 0
1.727760461538584e-05 2.658611518767833e-06 0
2.100723730929944e-05 5.512998012881637e-05 0
1.484038713413977e-05 4.132078089015221e-05 0
1.589267202967154e-05 4.140239581485818e-05 0
4.919728573663467e-05 4.688348037803229e-06 0
3.026945158928974e-05 7.051676514972503e-05 0
3.928828152225467e-05 8.261742729361398e-06 0
1.369820959928151e-05 2.138579575593895e-05 0
4.484997970702395e-05 1.24139416050044e-05 0
3.142407663345531e-05 7.212452608206328e-06 0
3.102897099382285e-05 1.849286738688773e-05 0
3.24130304476416e-06 2.0837547380804e-05 0
2.90769404890865e-06 7.403955340987126e-05 0
2.966235631403158e-06 7.317625560791544e-05 0
2.836397863712245e-06 7.490063459387742e-05 0
3.741403381640698e-06 7.282060590437428e-05 0
2.475613402756053e-05 7.528865667483545e-05 0
2.088202043055442e-05 4.963582075299527e-05 0
2.056899773527697e-05 5.061766009776844e-05 0
3.896947452752859e-05 3.095321121512724e-05 0
3.994249595415839e-05 3.037626434492068e-05 0
1.341440966189552e-05 3.275167835134997e-05 0
2.697500489393231e-05 3.302072756086323e-05 0
5.085343820781818e-06 7.559146090546692e-05 0
2.043382844908453e-05 3.201149941473152e-05 0
2.410489738892188e-05 4.031281493847937e-05 0
2.301016497766703e-05 6.070336191503535e-05 0
2.210011141169151e-05 6.080635838430449e-05 0
2.152819069459839e-05 6.005002557796546e-05 0
2.117531794386494e-05 6.096530226882494e-05 0
2.057537267476259e-05 6.024196993785883e-05 0
2.024063962467808e-05 6.113145789843418e-05 0
2.084063530580897e-05 6.185316143460088e-05 0
1.989846690621839e-05 6.199192513788942e-05 0
2.049962450088467e-05 6.271984130063565e-05 0
1.952874536354818e-05 6.284408977274016e-05 0
2.014509964813897e-05 6.358731360643142e-05 0
1.895351014185737e-05 6.210758828881438e-05 0
2.267590296436458e-05 6.15712875998337e-05 0
2.048921529647668e-05 2.600818474389257e-05 0
1.172722174427038e-05 4.33907209683395e-05 0
1.080525097160397e-05 4.324138611611127e-05 0
1.142219582813278e-05 4.250053585286689e-05 0
1.048821201853223e-05 4.23382949946426e-05 0
9.896407672552847e-06 4.30724607048246e-05 0
9.540649695749221e-06 4.217705294450742e-05 0
1.0161307946816e-05 4.142781161048628e-05 0
9.208362367543518e-06 4.124083962245722e-05 0
9.831664840680252e-06 4.051376611028346e-05 0
8.60026169467442e-06 4.198784281479802e-05 0
8.255480481317993e-06 4.103741775242183e-05 0
7.590792449174583e-06 4.178355197241857e-05 0
3.923418071994245e-05 6.176544535011695e-05 0
3.8256701426443e-05 6.208683194193867e-05 0
3.850050200603487e-05 4.816922952825824e-05 0
2.016103163342725e-06 4.044684842019476e-06 0
2.956066165523611e-05 5.394744382438777e-05 0
3.070460165268597e-05 1.060557060672063e-05 0
3.099140618448687e-05 1.144446502360114e-05 0
3.043576734183293e-05 1.22068610138134e-05 0
3.92608814754744e-05 3.631209908183901e-06 0
3.937626333005954e-05 2.733925530106032e-06 0
3.853384542665086e-05 3.098582459222912e-06 0
4.781503828467818e-05 7.293364221861157e-05 0
2.101028590637753e-05 6.656762314473366e-05 0
3.71206123443954e-05 4.255410065943589e-05 0
3.544607613717445e-05 1.218833480097745e-05 0
3.622527226734794e-05 1.166230666267396e-05 0
2.874620505379062e-05 3.69250978082186e-05 0
5.4237018829676e-06 3.326643660121028e-05 0
3.731422674530311e-05 2.121019757640771e-05 0
3.837946405926505e-05 2.144826745912809e-05 0
3.917860750079102e-05 2.091945902799671e-05 0
7.283406968690753e-07 4.990432098772805e-05 0
3.920434865664702e-05 6.74145931436084e-05 0
3.968522101758016e-05 6.815008382835298e-05 0
3.926656740252613e-05 6.89665979432837e-05 0
4.010969581005815e-05 6.732935236021452e-05 0
4.059327778509646e-05 6.809811484907456e-05 0
4.745455320618192e-05 7.063490620657002e-05 0
4.681005625098361e-05 7.005915534238753e-05 0
9.54760573963887e-06 6.045281571443531e-05 0
2.1650740895818e-06 4.010220365721248e-05 0
1.12609486159492e-05 6.232350163738011e-05 0
3.021157787318758e-06 7.231122168908931e-05 0
3.434743746717558e-05 7.085941307468442e-05 0
3.499876123056741e-05 7.142554191527638e-05 0
3.03400881448985e-05 7.559433501508788e-05 0
4.733244831343393e-05 6.737195913636487e-05 0
6.796114663067592e-06 6.299863010166888e-05 0
8.72223029495191e-06 1.491467406277812e-05 0
9.350369609835698e-06 1.415235408296802e-05 0
9.049473901352804e-06 1.319212594938829e-05 0
1.002959180423665e-05 1.340636729452339e-05 0
9.781563942561584e-06 1.24659716135343e-05 0
1.072427505563412e-05 1.271652005614341e-05 0
8.789253792056139e-06 1.220454274782976e-05 0
9.734624501333466e-06 1.505572982442807e-05 0
9.51308305092354e-06 1.151579038996352e-05 0
2.122187096670794e-05 6.564142494086797e-05 0
2.571406288719876e-05 1.273345248284813e-05 0
1.965098908057945e-05 3.423128085169262e-05 0
4.761643833419925e-05 1.038182985044066e-05 0
1.629676124356749e-05 2.113636648061538e-05 0
1.738870361913932e-05 2.125344635047535e-05 0
1.799444489851704e-05 2.047787619346958e-05 0
1.835417965514571e-05 2.137646064066748e-05 0
1.7832608227154e-05 2.211459298256553e-05 0
1.87467709005868e-05 2.225634074345832e-05 0
1.929201651162659e-05 2.152298931927128e-05 0
1.965049743777531e-05 2.240055609397363e-05 0
3.370135332988556e-05 6.351883774426794e-05 0
3.296994274410101e-05 6.292769940227136e-05 0
3.206352344377236e-05 6.31645489935499e-05 0
3.22708222929576e-05 6.22981202711877e-05 0
3.136815835989077e-05 6.250182419126296e-05 0
3.159702388912657e-05 6.162537777426435e-05 0
3.070218222042321e-05 6.183578548153419e-05 0
3.094457311007268e-05 6.093467784757815e-05 0
3.112678958261031e-05 6.336908375124466e-05 0
3.384235904792065e-05 6.258939142060653e-05 0
3.005317635030688e-05 6.115537348366663e-05 0
3.029354492170944e-05 6.025111347306611e-05 0
2.979244655760909e-05 6.206267526570036e-05 0
1.8876198460058e-05 1.602228033420424e-05 0
7.781228594884881e-07 6.031782293054142e-05 0
1.891787858319211e-05 1.506191325613797e-05 0
2.079647269669269e-05 4.640055897356816e-05 0
9.850130457830918e-06 3.202924712668322e-05 0
1.007028128475909e-05 3.108980376682516e-05 0
5.839089969094961e-06 7.105977466613155e-05 0
1.860698013790771e-05 3.855499433121566e-05 0
1.880251397889522e-05 3.954886602275477e-05 0
1.806934610088815e-05 4.021472898668876e-05 0
1.90408242570887e-05 4.056312557385294e-05 0
1.833371533907286e-05 4.125433029930512e-05 0
1.927672935708809e-05 4.158465062418268e-05 0
1.999706875785893e-05 4.088867482961376e-05 0
2.02332996737867e-05 4.18563897536891e-05 0
2.097769156880073e-05 4.120270597415693e-05 0
1.957696797763327e-05 4.25490182187512e-05 0
2.077677200431292e-05 4.020877390761104e-05 0
8.560809436993565e-06 4.789355466527624e-05 0
9.073032987490888e-06 4.875364907626447e-05 0
8.853281482069761e-06 4.971074179620536e-05 0
9.755148066664284e-06 4.949091375709407e-05 0
9.475603730354077e-06 5.039706202179621e-05 0
8.576529662476404e-06 5.061948622638963e-05 0
9.198782050078453e-06 5.130398848625011e-05 0
1.012718221373567e-05 5.108933859240993e-05 0
9.836027298039497e-06 5.201170222086917e-05 0
1.079138593028753e-05 5.17896119446336e-05 0
1.049086187585374e-05 5.27250227981145e-05 0
8.277740667769445e-06 5.148563667151632e-05 0
3.506455015313818e-05 4.234180993398544e-05 0
8.813826527367754e-06 2.557033734278323e-05 0
4.023458206878279e-05 9.587661755235904e-06 0
5.949747212956555e-06 5.252560077501004e-05 0
2.909267563063201e-05 5.703509318502153e-05 0
2.907475590116623e-05 5.802056645703303e-05 0
3.405585179828655e-05 4.253624970995839e-05 0
2.112204360052986e-05 6.976387591768929e-05 0
2.028075786420703e-05 6.954220947194423e-05 0
7.873356000638846e-07 7.078574884854159e-05 0
1.046373040417699e-05 4.483163853468727e-05 0
4.766066067963078e-05 6.97589596849511e-05 0
4.788727900573948e-05 4.034106532772809e-05 0
1.911931266898815e-05 2.31490116290284e-05 0
2.916021299166431e-05 6.135839912303018e-05 0
2.840842993081928e-06 4.360061670975937e-05 0
2.898590548441826e-06 4.275131897828765e-05 0
2.853439838652523e-06 3.072760000054894e-05 0
2.970993659335334e-06 3.16513518466494e-05 0
4.005684030749124e-05 2.545594616420653e-05 0
3.530644799858521e-06 2.73034198608936e-06 0
4.521026678175199e-06 2.653471088038771e-06 0
2.650656569136304e-06 2.628473397845376e-06 0
2.001321158030059e-05 2.327074609196197e-05 0
2.05196710759489e-05 2.254360504090615e-05 0
1.950758434414794e-05 2.399197167417578e-05 0
8.615416478677923e-06 5.944881433127827e-06 0
8.862169676807331e-06 4.968002447418411e-06 0
8.4083327298819e-06 4.207149074303726e-06 0
9.228921324645782e-06 4.164522792893694e-06 0
8.78955208916725e-06 3.444048413186798e-06 0
9.64978151035226e-06 3.40654418024155e-06 0
1.014968888588901e-05 4.221197170618786e-06 0
1.052338387137644e-05 3.326814233997771e-06 0
7.94041038514932e-06 3.46113597211264e-06 0
8.325178155975984e-06 2.735238072918938e-06 0
7.438281753639461e-06 2.768151396980401e-06 0
1.006041221581405e-05 2.628882363610223e-06 0
1.093940988361071e-05 2.535949331487473e-06 0
1.890001672931612e-05 6.767164004295793e-05 0
4.926930178515375e-05 1.248078740034383e-06 0
1.811074155960999e-05 5.297060799824069e-05 0
1.9083783225084e-05 5.310516193640443e-05 0
3.679030139995278e-05 4.170709850762162e-05 0
3.773373388451165e-05 4.170987262810029e-05 0
1.65368746928892e-05 2.995786876414482e-06 0
6.697765688069083e-07 2.299463125410809e-05 0
4.794734578122464e-06 1.283193516019761e-05 0
4.011959428585873e-05 6.139686416326938e-05 0
3.937984131265183e-05 6.080912123980516e-05 0
3.330071938600724e-05 2.596400585060427e-06 0
9.25819695510284e-06 5.948111390439909e-05 0
4.103156336491247e-05 1.344477312285794e-05 0
4.024707586455486e-05 1.401134805264644e-05 0
7.907421575373353e-07 4.556056253776025e-05 0
3.158671748956717e-05 2.011865720577413e-05 0
3.160884186581742e-05 2.113378287020709e-05 0
3.071194046155538e-05 2.062719768125057e-05 0
3.071650524678388e-05 2.165696549162665e-05 0
2.985862079731707e-05 2.118037943370038e-05 0
3.250671955183874e-05 2.159051103587976e-05 0
2.981554892161285e-05 2.219773640654731e-05 0
3.071479710359819e-05 2.266523756441742e-05 0
2.89759600459969e-05 2.164659131458484e-05 0
3.13501584799197e-05 2.735756733287448e-05 0
3.126740821959382e-05 2.824738330551502e-05 0
4.404290339998372e-05 2.18087944868002e-05 0
4.494718537194479e-05 2.186188786479249e-05 0
5.086258101199542e-06 5.211421849755552e-05 0
1.913016549775804e-05 6.371843301441222e-05 0
4.167511899174043e-05 2.234527727031212e-05 0
4.77059513213499e-05 7.376180465555699e-05 0
4.801106696672943e-05 5.334286304214593e-05 0
3.096079596626557e-05 7.110792500664923e-05 0
1.130062814712815e-05 2.136180755081488e-05 0
3.674181271732332e-05 3.594063969892492e-06 0
3.644624055590381e-05 2.698575268411613e-06 0
3.561582001476822e-05 2.516048196831837e-06 0
1.53540880505574e-05 1.257572438939104e-05 0
1.623020535767374e-05 1.24968695141745e-05 0
1.579721080906612e-05 1.172841664923597e-05 0
1.909766958124695e-05 7.81457621819404e-06 0
1.931365956868317e-05 8.88779859141354e-06 0
1.867612796949142e-05 9.525529263983281e-06 0
1.960090426431508e-05 9.777637048658303e-06 0
1.899833645064965e-05 1.041760820028925e-05 0
1.988438857912637e-05 1.066910210080972e-05 0
1.924840942554354e-05 1.131218146628598e-05 0
2.016725363151846e-05 1.155803553265525e-05 0
2.078933658542439e-05 1.09116710780703e-05 0
2.110194866161303e-05 1.178886368669503e-05 0
2.044996733467094e-05 1.2425600736035e-05 0
1.83380909759645e-05 1.102072851424675e-05 0
2.168884943549107e-05 1.112198755637294e-05 0
2.206695452834836e-05 1.19532404809557e-05 0
2.271417974589522e-05 1.114805185464192e-05 0
2.043642520604193e-05 6.158452744713701e-06 0
2.016869755955651e-05 5.462559933233176e-06 0
3.518517471768861e-05 2.347010824806024e-05 0
1.283011480632424e-05 7.529394624187249e-05 0
1.203756453088755e-05 7.565895025115826e-05 0
1.079205711339951e-05 4.069196760532575e-05 0
1.045795063102168e-05 3.980551968718249e-05 0
1.043075879368608e-05 4.628377216379903e-05 0
1.05913558679413e-05 7.465640830938268e-05 0
9.78588971313648e-06 7.503540509356899e-05 0
1.052287750268842e-05 7.553564145875994e-05 0
9.71974325573221e-06 7.591449800402835e-05 0
2.375002783922829e-05 3.366658913661292e-05 0
3.082349685466502e-05 6.757990255025622e-05 0
2.472007085746911e-05 2.242460784418072e-05 0
3.247056182975234e-05 6.145088292796029e-05 0
4.752904742423998e-05 6.647176486632678e-05 0
2.948737178349457e-05 4.121637505980369e-05 0
1.998947641725372e-06 2.925136741457222e-05 0
3.252900597072455e-05 3.138048835943819e-06 0
3.052509694801571e-05 3.314477043716877e-05 0
3.082122184771156e-05 3.221858129278982e-05 0
3.017800859951071e-05 3.14959202469374e-05 0
3.111568870484491e-05 3.130084322309284e-05 0
3.176814222266938e-05 3.201406837466124e-05 0
3.048539257041951e-05 3.047862730398414e-05 0
8.574925949073417e-06 2.083726364827252e-05 0
9.56090618286689e-06 2.032914730906246e-05 0
8.719852683694413e-06 1.979420331263503e-05 0
9.632729689102902e-06 1.935958281859258e-05 0
2.601814652131654e-05 2.245061110171294e-05 0
1.09584466804115e-05 5.76660354568847e-05 0
5.897760403667704e-06 2.099268907535761e-05 0
6.935394946577259e-06 2.129254497384335e-05 0
4.690030133203868e-05 7.406385411281403e-05 0
4.756931205729754e-05 7.460795065197603e-05 0
4.676251377975767e-05 7.49097292134532e-05 0
4.741430872127193e-05 7.545725890968696e-05 0
4.662206208669273e-05 7.575655631094007e-05 0
4.596956970593597e-05 7.520769161942684e-05 0
2.078993646509937e-05 5.619470774216046e-05 0
4.051133073270971e-05 5.88256645635006e-05 0
1.978070547966946e-05 6.443951642934698e-05 0
1.508854113459378e-05 5.248081202391176e-05 0
2.146280230964291e-05 6.260160082770933e-05 0
2.786193900724891e-05 3.088276647388436e-05 0
2.229760347152462e-06 8.845262417832741e-06 0
1.54494628578592e-05 7.241560354183702e-05 0
3.040781894612308e-05 6.830164165173069e-05 0
4.598162995364764e-05 7.036872124619023e-05 0
9.509501459397972e-06 3.961531165577802e-05 0
1.012743129897414e-05 3.896716489433173e-05 0
4.165000944234957e-05 6.260159311886699e-05 0
4.761418288655838e-05 4.306544566578148e-05 0
3.826664306043966e-05 6.454017667443641e-05 0
2.785018657904096e-05 1.303288800878282e-05 0
3.770749126913087e-05 2.939583090104087e-05 0
4.12702095635201e-05 1.942389945628963e-05 0
3.633001563209054e-05 2.144364573199051e-05 0
3.048872086441788e-05 5.542178916457877e-05 0
7.658627325933851e-07 1.527247044245097e-05 0
4.588613144426629e-05 6.299916747149766e-05 0
8.612256404153467e-06 1.123327815685256e-05 0
1.108724245587033e-05 3.4510568573548e-05 0
4.202454159657329e-06 2.255091809579955e-05 0
1.962359937594092e-05 6.044015258565791e-05 0
1.998910818852261e-05 5.942756381610787e-05 0
3.051038259253023e-05 7.739893885227876e-06 0
3.046908596768981e-05 6.797767446752242e-06 0
2.638576194647628e-05 6.186662776238489e-05 0
1.935013553436971e-05 1.828256283039057e-05 0
2.119781201966184e-05 4.226636425524979e-05 0
2.195343193764138e-05 4.147469321909797e-05 0
9.273491703761469e-06 7.185213680723017e-05 0
2.922008569589047e-05 4.62410320138969e-05 0
2.605807019923228e-05 7.22393630710407e-05 0
4.231967090677242e-05 6.930633003457374e-05 0
2.893212883845491e-05 6.47379894016683e-05 0
9.196383738097962e-06 7.411632150480814e-06 0
3.58277353709245e-06 5.096551699114039e-05 0
2.789037153045789e-06 5.1353238980607e-05 0
5.255599724924284e-06 7.291059425787146e-05 0
4.919163994845691e-05 3.085020170795433e-05 0
2.943476027434029e-05 6.63338449356344e-05 0
2.298174921120281e-05 1.332953608900787e-05 0
2.382814199089871e-05 1.286993600963544e-05 0
9.157253993663811e-06 2.702361368604426e-05 0
2.470849978760755e-05 5.245095556959309e-05 0
2.857741295111168e-05 7.116634775101104e-05 0
3.84493400180714e-05 6.861663723661987e-06 0
1.8781781770285e-05 7.084725218344215e-05 0
8.753262298084453e-06 2.30691651598969e-05 0
3.705738541056565e-05 1.202433595177338e-05 0
3.171396972068703e-05 4.444046513682305e-05 0
4.707356743616391e-05 4.080880077718338e-05 0
3.41097862548803e-05 1.066291763877347e-05 0
1.14708649835663e-05 5.250499219574198e-05 0
1.175319362511149e-05 5.155229715644338e-05 0
1.116083686181111e-05 5.343597477100001e-05 0
1.016971208039025e-05 5.366929310576228e-05 0
2.965643087312475e-05 1.68143601230292e-05 0
3.156033831329533e-05 4.340298085775994e-05 0
2.982668950148812e-05 2.323433016142956e-05 0
3.068505468773604e-05 2.365832638266144e-05 0
4.614129699392705e-05 6.948355933493438e-05 0
4.497385616858132e-05 6.323802240498815e-05 0
3.979912067837783e-05 3.375521642497251e-05 0
9.244691116364175e-06 1.059237324123405e-05 0
8.460166257261038e-06 2.979717732905603e-05 0
8.969499767632689e-06 2.891769525811855e-05 0
6.397241323052671e-06 4.305363802847057e-05 0
2.028248381552657e-05 1.999727523456213e-05 0
1.1035960592578e-05 3.077825869399331e-05 0
1.28659796398015e-05 6.119615771197464e-05 0
1.305451983258112e-05 6.210657232249527e-05 0
1.896151861009387e-05 4.989704604136504e-05 0
1.894375589579808e-05 5.094734070846156e-05 0
1.698843844513676e-05 5.126875093385986e-05 0
8.116730948106307e-06 3.397334386509388e-05 0
3.409293902720351e-05 7.166797352084376e-05 0
3.622846873722332e-05 5.133796951590649e-05 0
3.602596862222976e-05 5.2234403990973e-05 0
3.699784304917589e-05 5.193395134508698e-05 0
3.236404308515395e-05 4.273403963051395e-05 0
1.138332984042182e-05 3.277625708435111e-06 0
1.182513339615886e-05 2.473552347493113e-06 0
8.507831816801415e-06 7.134434119267177e-05 0
9.361377019614121e-06 7.092832494874431e-05 0
7.679515372602661e-06 7.172114587655545e-05 0
4.152370750883273e-05 1.072153511126463e-05 0
4.239904985521894e-05 1.125801916196292e-05 0
2.459669828690949e-05 4.108640784223445e-05 0
1.964364941384801e-05 3.323182680776228e-06 0
1.974195951494421e-05 2.449243471827676e-06 0
9.420204502152982e-06 6.32617400435637e-05 0
3.910859229951804e-05 1.995002531795853e-05 0
3.246838805957226e-05 2.235084394244828e-06 0
3.167994327405279e-05 2.773277428188387e-06 0
2.361625408987546e-05 6.146247489793957e-05 0
2.952859661646023e-05 6.981992580340756e-05 0
2.869152741744272e-05 5.157606242687709e-05 0
2.82898908263743e-05 5.255193781616361e-05 0
2.909496367663718e-05 5.065088013423531e-05 0
4.675720364239525e-06 1.043135177037744e-05 0
3.949535423127669e-06 1.106389552296982e-05 0
3.08471294381803e-06 1.0659437879986e-05 0
3.198934053829307e-06 1.165719312802602e-05 0
1.981790537436492e-05 1.745140370271588e-05 0
2.159620249235838e-06 4.465010515866978e-05 0
4.922215485499929e-05 4.996988125796318e-05 0
3.168949442959784e-05 4.039954217196146e-05 0
8.18441367496559e-06 7.578176885244708e-05 0
3.866991350473307e-05 2.215858165727163e-06 0
4.58790434697539e-05 3.65850608320121e-06 0
4.669285730358955e-05 3.214735453134946e-06 0
4.578786203044449e-05 2.686870468355963e-06 0
4.752936895002048e-05 3.726729006493464e-06 0
4.753392311753515e-05 2.819032453110198e-06 0
3.922998225579389e-05 2.185929537574189e-05 0
4.01853322002199e-05 2.131130457034359e-05 0
4.92168302278103e-05 1.343516983371571e-05 0
3.239973366543504e-05 5.118757120791233e-05 0
3.801048491730856e-06 3.199211132738648e-05 0
2.356329754486946e-05 5.137633269775962e-05 0
2.274034327590303e-05 3.081650975734695e-05 0
3.809028005640699e-05 2.505419009333143e-05 0
3.030319123104175e-05 9.654872318244425e-06 0
1.167729839813744e-05 1.53338018212207e-05 0
4.587706458497305e-05 5.225272858986349e-05 0
1.95809783565259e-05 3.156233659426581e-05 0
4.279654920075349e-05 6.122726035235265e-05 0
1.46001654442683e-05 6.175675480271937e-05 0
4.923153800080899e-05 9.981969817886639e-06 0
4.929139799283328e-05 1.853497536303518e-05 0
3.108704771876109e-05 7.610220600319369e-05 0
3.192183598575035e-05 7.576898128859481e-05 0
8.060520429550106e-06 6.179444735281843e-05 0
3.749392227972477e-05 6.389329506879083e-05 0
4.038737890250162e-05 3.745617900154917e-05 0
2.363796748954579e-06 1.12444546712058e-05 0
2.422411814946241e-06 1.218585484451431e-05 0
1.831499788694156e-05 5.88576359669409e-05 0
1.895425338801166e-05 5.809405384939112e-05 0
6.400849938510321e-07 6.53948030680685e-05 0
3.116511430959762e-05 7.018524254439988e-05 0
1.488270568998288e-05 1.16868443156776e-05 0
4.269898648531814e-06 7.594428253543327e-05 0
2.076902700508731e-05 2.507202898670058e-05 0
1.224406854362197e-05 3.24143379455019e-06 0
1.268949126448603e-05 2.419967422097262e-06 0
1.027126791206207e-05 6.485985519594565e-05 0
8.547222196555263e-06 2.470980360192937e-05 0
2.138754313336724e-05 1.029614483261416e-05 0
3.200659503395186e-05 9.258450711835219e-06 0
7.887016524066838e-07 8.29587556469076e-06 0
2.216096399984593e-05 3.097882134350431e-06 0
2.138923135156819e-05 2.582542923391563e-06 0
2.091860821200461e-06 6.488654918389355e-05 0
1.929411781486965e-05 3.002707365113727e-05 0
4.03896500876287e-05 4.786824784568133e-05 0
1.871319628090417e-05 6.464339833796613e-05 0
7.837223905901367e-06 4.4258902210167e-05 0
4.92606045780297e-05 2.556360935933519e-05 0
1.952494081601204e-05 5.391164862411467e-05 0
3.506415561946641e-05 6.043747057098621e-05 0
3.597879662826349e-05 6.073600330634767e-05 0
3.527938413267668e-05 6.140798472104261e-05 0
3.61793514243451e-05 6.167187407804325e-05 0
2.038561546908634e-05 3.113409390748418e-05 0
2.916438410261271e-05 2.481620682251696e-05 0
1.710412150017269e-05 3.40272144359485e-05 0
1.857114455190804e-05 3.564752262527424e-05 0
4.074605741990053e-05 7.119792661951766e-06 0
6.963255787298999e-06 5.28058152146507e-05 0
3.91220106140679e-05 4.613265557400906e-05 0
3.917722614456608e-05 4.512210997630944e-05 0
1.172810308480684e-05 5.209732117186455e-06 0
4.86488331775033e-05 7.738413862902876e-05 0
1.274466585076878e-06 7.747412873152053e-05 0
3.831855394299891e-06 4.240581861830785e-05 0
4.75643430534976e-06 4.198390750188951e-05 0
4.651482865915226e-05 1.202938081520849e-05 0
1.142095153042709e-05 3.61908115364675e-05 0
1.038607452733017e-05 3.667052888856462e-05 0
1.333387639087979e-05 4.044591449236033e-05 0
4.305348828615253e-05 2.159545312919698e-05 0
3.922414221150627e-05 4.52772077822105e-06 0
4.746006934648433e-05 6.107798696786072e-05 0
3.112068590564599e-05 4.957249710898418e-05 0
4.024624881293147e-05 5.619534338136739e-05 0
4.047473537406496e-05 5.536275564217136e-05 0
2.996471918709844e-05 2.51194272064654e-05 0
2.920427244312744e-05 6.382606810185511e-05 0
1.377676691621162e-05 4.126815292178511e-05 0
1.27153953144737e-05 4.110500401048002e-05 0
2.853347482145586e-05 4.115982194889696e-05 0
2.904406041824539e-05 4.036412185358429e-05 0
3.113622137768612e-05 3.545135837212483e-05 0
7.402137188247529e-06 7.614602380626005e-05 0
6.653230983610957e-06 7.569275822419465e-05 0
3.169253756044781e-05 2.319867790321406e-05 0
6.61357925413967e-06 1.183038534209387e-05 0
4.710890113667231e-05 6.19835751553693e-05 0
3.357492958325965e-05 2.365314134445461e-05 0
4.437017499598278e-05 5.22239236106751e-05 0
3.334752365941953e-05 5.163999093685478e-05 0
7.905241944092457e-07 2.821057090787979e-05 0
4.820008640466114e-05 6.705688509891421e-05 0
4.099105965555222e-05 6.730630968883299e-05 0
2.221099309507262e-05 2.188982110457078e-06 0
2.140603346771112e-05 4.489342491524233e-05 0
6.792181573371372e-06 4.027809566907518e-05 0
4.561987692403209e-05 6.802258163141013e-05 0
4.778593935084132e-05 4.127143760864891e-05 0
2.005975785299138e-05 2.93541041875254e-05 0
1.108422749932578e-05 4.854779686709947e-05 0
2.196796158475226e-06 7.353421622674042e-05 0
3.163328300851749e-05 1.898198633558936e-06 0
3.084758887035351e-05 2.37700976705697e-06 0
3.088967266951603e-05 3.311315136955602e-06 0
3.003965735426617e-05 2.882804696370835e-06 0
3.008446380141027e-05 3.807382766868926e-06 0
2.921628632112302e-05 3.381429605049151e-06 0
2.919738172719962e-05 2.456714190409719e-06 0
2.836985920711818e-05 2.978006241570557e-06 0
1.947969461588578e-05 4.875182000953739e-05 0
3.8501173470868e-05 2.785185688572161e-05 0
3.899776302883642e-05 2.859541464190112e-05 0
3.142949487268288e-05 5.121211748290492e-05 0
1.664387585454709e-05 1.169180546925314e-05 0
4.843554874088299e-05 6.084544717673179e-05 0
1.972916595049777e-05 3.679655092982486e-05 0
1.457455839080561e-06 3.554451121165626e-05 0
1.897815202630829e-05 1.97113244954263e-06 0
4.924390490778855e-05 4.38347234766622e-05 0
4.84537029683199e-05 2.90891094133456e-05 0
7.879257170217766e-06 2.051351953819453e-06 0
6.999866134192658e-06 2.070041713130534e-06 0
8.746394101404591e-06 2.02013211452279e-06 0
3.717906516503604e-05 3.188400060076321e-05 0
6.421086663759534e-06 3.328979557483333e-05 0
2.136301604779348e-05 5.120414641627909e-05 0
2.068361391665416e-05 5.156702368888847e-05 0
4.715054757615257e-05 6.826722624702187e-05 0
1.686540017578165e-06 6.936731157523481e-05 0
3.332168210629557e-05 1.123748302951171e-05 0
2.432006067248337e-05 7.104337721745788e-05 0
2.341611367512602e-05 7.18457244369587e-05 0
2.22714779432057e-05 7.154540806940785e-05 0
3.046030922943533e-05 2.674157808507352e-05 0
3.215346239059085e-05 2.471428839617873e-05 0
1.956859075695056e-06 3.475619233330894e-05 0
2.536470498891609e-05 6.214357049707766e-05 0
2.025399770744417e-05 9.172057842382622e-06 0
2.734798883972518e-05 6.1735690292655e-05 0
8.133154137836497e-06 6.90258410500911e-05 0
8.995189471177261e-06 6.899140627841845e-05 0
9.49787324845553e-06 6.807450347050465e-05 0
1.412975604553473e-05 6.331242060174406e-05 0
2.681875432283928e-06 6.417271278547017e-05 0
3.155963968481675e-05 7.254145631029261e-05 0
3.238316271369549e-05 7.217670122884795e-05 0
4.780897819441916e-05 1.937589633309704e-05 0
4.474489000982952e-05 2.341013357592577e-05 0
4.022975871815976e-05 6.044563193601557e-05 0
2.598556210900455e-05 4.033253806480852e-05 0
2.386718025658826e-05 2.188520689887355e-05 0
2.292587994294121e-05 2.212090926001596e-05 0
3.20331755647052e-05 3.11356060304981e-05 0
3.267085942893821e-05 3.183084373893123e-05 0
3.246296917163512e-05 3.268573826160451e-05 0
4.08683078276835e-05 1.771131113766756e-05 0
9.85470322815227e-06 8.047585375899427e-06 0
9.630426926630732e-06 9.015074765660122e-06 0
1.860399127079788e-05 1.198738058021115e-05 0
3.367421280405983e-05 3.026812671480968e-05 0
3.584201505929915e-05 7.117837985521799e-05 0
2.28206500353938e-06 1.031530709250988e-05 0
7.130267674821184e-07 4.816996299357825e-05 0
7.490729759340172e-07 1.950839986022913e-05 0
1.873494413083109e-05 1.903925583010217e-05 0
2.887551392266561e-05 1.305599219745097e-05 0
2.952611193434597e-05 1.405899738913103e-05 0
2.432551700539531e-06 1.441097398016119e-05 0
1.965155677000951e-05 4.777844796969694e-05 0
2.895015179226248e-05 2.957378349437335e-05 0
6.53992840411931e-06 2.815120486532272e-06 0
6.115556244239851e-06 2.072390221643847e-06 0
1.503664289679906e-05 7.594998068273825e-05 0
1.585206752134333e-05 7.559620630599498e-05 0
1.424014812881071e-05 7.632315598900902e-05 0
1.058475490457203e-05 6.658023746853288e-05 0
2.986036502404476e-05 2.017189783369385e-05 0
1.093655227863497e-05 5.950754297822954e-05 0
2.991592819841582e-05 6.448789178217868e-05 0
1.034050633518523e-05 6.186197654904093e-05 0
1.272892204319963e-05 2.284833936084979e-05 0
9.460651589589767e-06 5.585556138200817e-06 0
1.619260599100504e-05 4.326630084883666e-05 0
1.726155807201221e-05 4.267163736849707e-05 0
8.22334903235888e-06 6.413503065546318e-05 0
3.701151626144649e-05 1.110324127366856e-05 0
1.24243318217691e-05 5.223422771462847e-05 0
3.119566573633393e-05 6.000944090700124e-05 0
3.054230904165556e-05 5.936325832199666e-05 0
4.584308467470076e-05 7.603289492302577e-05 0
4.517263128822486e-05 7.549341447871345e-05 0
1.224149087255315e-05 1.67128461316162e-06 0
3.421764596923039e-05 6.113471734313184e-05 0
1.809962197777138e-05 4.348566954057218e-05 0
4.411424136261658e-05 1.262895528753657e-05 0
4.414691933409912e-05 1.176755188558434e-05 0
4.510788548650556e-05 1.152126169246861e-05 0
2.358148897908721e-05 4.120130281978614e-05 0
1.15617870046851e-05 3.844069835813766e-05 0
4.284790717313351e-05 4.331579621686651e-05 0
4.186231041808221e-05 4.304824813305404e-05 0
4.253888488541298e-05 4.233633288420265e-05 0
4.156578527601916e-05 4.209920352614383e-05 0
4.090213068607459e-05 4.282218419185349e-05 0
4.061644688813868e-05 4.187677206076001e-05 0
4.221458467266322e-05 4.136927860256633e-05 0
3.994763072600216e-05 4.263414748148889e-05 0
3.967326623948253e-05 4.165939683298686e-05 0
4.032484761985614e-05 4.09067170159226e-05 0
4.024117782790912e-05 4.353644794569718e-05 0
4.319889655183137e-05 4.159509385108392e-05 0
4.284648804910343e-05 4.062486819932033e-05 0
3.923302992433994e-05 4.07117603774308e-05 0
4.002843534327052e-05 3.992595092384385e-05 0
4.670043589063198e-05 5.254841003455943e-05 0
1.045165378721008e-05 1.840327131700375e-06 0
2.134866434868753e-06 5.08340488310635e-05 0
3.401964664397475e-05 2.079090064907314e-06 0
9.1724423053715e-06 3.379797786003169e-05 0
8.53598435513975e-06 3.310480231927079e-05 0
2.910266747558122e-05 1.867786450434903e-05 0
1.590091791329376e-05 3.09770536345984e-05 0
1.524582918094564e-05 3.17021429194486e-05 0
1.617666772457911e-05 3.19428540684917e-05 0
3.12666418571784e-05 5.79772905149133e-05 0
3.134448473060338e-05 1.459072955826081e-05 0
4.350868121973094e-05 5.181639716510212e-05 0
2.91517982547887e-05 4.725851955187321e-05 0
1.657693369107752e-05 2.135229619163719e-06 0
1.578226617209051e-05 2.492082752031039e-06 0
1.510362238921195e-06 4.696827011912243e-05 0
1.406484948579619e-05 5.259186190171398e-05 0
1.270064654218586e-05 5.127901295131483e-05 0
3.077556092978132e-05 5.034896549481174e-05 0
3.022443805076013e-05 4.958616777514091e-05 0
2.017069012678329e-05 5.562505785274812e-05 0
8.113936319682517e-07 4.726701051309428e-06 0
2.321491357171325e-05 6.229134665086896e-05 0
1.952965642236722e-05 3.888111936393047e-05 0
3.734631206877269e-05 4.096313341992307e-05 0
3.071470748099297e-05 1.525572551318301e-05 0
9.235917521561138e-06 5.757502105919594e-05 0
5.688718146371032e-06 1.164493632271553e-05 0
2.848788603138148e-05 5.514330943441366e-05 0
2.607268348104705e-05 5.133273161803784e-05 0
2.710816438199039e-05 5.168849938508651e-05 0
3.924888510495773e-05 6.4661215831093e-05 0
2.116704684223132e-05 3.158160657302687e-05 0
4.249697337042652e-05 2.300209824936503e-05 0
3.809428127583702e-06 7.192349835078194e-05 0
2.542906374454001e-05 2.161699614798415e-05 0
3.786955060637566e-05 2.556158868526599e-06 0
3.927841946649959e-05 1.68820183786436e-05 0
3.975718227965068e-05 1.607798888804981e-05 0
7.977295176710436e-06 4.337705373202755e-05 0
8.688155501910833e-06 4.397350463950723e-05 0
3.040858822415442e-05 3.608471034729897e-05 0
1.215303344993331e-05 6.896791161560475e-05 0
1.198203557262503e-05 6.988602207025326e-05 0
1.126634929700037e-05 6.933405871781847e-05 0
1.110890437689772e-05 7.021211675727965e-05 0
1.26793199834235e-05 7.045793491289824e-05 0
1.432159048684207e-05 3.140441957428393e-05 0
2.685489275234396e-05 2.295736528495823e-05 0
3.94134761824554e-05 2.782166148960122e-05 0
3.999005788461424e-05 2.859611002227207e-05 0
1.32078988679109e-05 3.269598291068678e-06 0
1.352772411160396e-05 2.366403712725099e-06 0
2.889672485218893e-05 5.885726461246855e-06 0
8.021054888639315e-06 2.25013739203329e-05 0
6.625095147224259e-06 6.122993877412245e-05 0
2.84890971458582e-05 6.316582591162529e-05 0
2.148405091503469e-06 3.132550218949531e-05 0
2.236372785667096e-06 3.226626540380826e-05 0
4.250819095221007e-05 1.213908050625738e-05 0
8.816322965248778e-06 1.889540817184163e-05 0
9.638318505498836e-06 1.851804346844345e-05 0
2.235007848398637e-05 4.237812392950314e-05 0
3.397891968060957e-05 3.121769436229995e-05 0
3.484157915393193e-05 3.147396795972808e-05 0
4.566203748043545e-05 2.359920265093872e-05 0
2.303279373026223e-06 2.028437352061839e-05 0
2.228996537224317e-06 2.125475740404489e-05 0
1.867173220213594e-05 6.858338734865241e-05 0
1.610052432511229e-05 6.359604406878648e-05 0
1.581130384624369e-05 6.272229286027734e-05 0
1.6668645637198e-05 6.284579749470955e-05 0
4.09055792642445e-05 8.196903122938116e-06 0
4.023375873557559e-05 5.780611098345856e-05 0
6.516242884518074e-06 5.192237059102172e-05 0
3.848220523922639e-05 5.925422546707678e-06 0
3.924259848436253e-05 6.292882689416717e-06 0
3.023211244958124e-05 3.897018035570771e-05 0
2.609794595316432e-05 7.07653694689019e-05 0
2.692988184146808e-05 7.100869941294005e-05 0
1.980489306085391e-05 2.544323278617628e-05 0
1.05289529044631e-05 3.759089919295803e-05 0
9.21364920721472e-06 3.876055910131157e-05 0
2.870983900159995e-05 3.098040449276545e-05 0
9.37680720142586e-06 2.485763972631165e-05 0
8.901491144326725e-06 5.545821369469106e-05 0
9.940851715787458e-06 5.564114202163225e-05 0
1.545793500954679e-05 1.026678810759191e-05 0
8.618748094628187e-06 4.7000271199538e-05 0
3.143428909159569e-05 1.220172643440446e-05 0
2.029766765536212e-05 6.594420734202164e-05 0
7.43811137820542e-06 9.977999502993511e-06 0
3.129557378950748e-05 6.187828518409371e-06 0
9.149574773106187e-06 1.582207224834977e-05 0
2.112869044779715e-05 4.389236872578027e-05 0
2.037880640891539e-05 4.450510791421177e-05 0
4.51043908520993e-05 4.23786140518288e-05 0
4.925503482581979e-05 1.605014752763296e-05 0
1.014635556345121e-05 1.59362732422621e-05 0
3.949791736572583e-05 5.993206182354912e-05 0
7.098782749425878e-07 3.942586714223977e-05 0
1.556930795656649e-05 7.086992399154623e-05 0
3.022348472170297e-06 1.956548105352512e-06 0
2.960618530755899e-05 5.956726569086909e-05 0
4.766021884386016e-05 2.470436237409022e-05 0
4.773098119959483e-05 2.381484153186847e-05 0
4.704227717412695e-05 2.329093600376618e-05 0
4.781071780737087e-05 2.292423230602887e-05 0
4.710889894918851e-05 2.244321217401286e-05 0
4.78651936300344e-05 2.208055288209618e-05 0
3.901880091603081e-05 4.720465894659912e-05 0
4.82334593368804e-05 7.515298474363478e-05 0
4.802679868280716e-05 7.599036983516095e-05 0
1.681500875410761e-05 3.121045266866299e-05 0
1.709873738262046e-05 3.215190990994265e-05 0
2.037521030021456e-05 7.045658035196808e-05 0
2.101221536749649e-06 4.308662209577744e-05 0
2.068449943032894e-06 4.22647338101359e-05 0
4.137850110038259e-05 2.791936058834054e-05 0
3.468081328124498e-05 6.30692600099785e-05 0
2.725701738859852e-05 3.221601863647454e-05 0
2.536090989820578e-05 3.266623086771646e-06 0
2.607170663811345e-05 2.75962952428456e-06 0
2.529833174197894e-05 2.324822871760375e-06 0
1.279370552608568e-05 1.382033788392382e-05 0
4.291977026184746e-05 2.986178691609929e-05 0
4.203118905336298e-05 3.007201126470994e-05 0
4.270719488177072e-05 3.078192879863917e-05 0
5.403164723127733e-06 5.079916671955208e-05 0
3.505321165135772e-05 5.256877339783473e-05 0
3.578091986752053e-05 5.316131888564608e-05 0
1.420691231130468e-05 2.238405095828196e-05 0
1.520988686261416e-05 2.223703142701739e-05 0
2.079210674426973e-05 6.424034360100641e-05 0
3.972240849490793e-05 4.66808694402059e-05 0
5.288192306386376e-06 3.143254948544168e-05 0
1.032107792157478e-05 3.017547302650356e-05 0
2.441379716099048e-06 5.333769351219238e-05 0
2.001143670682324e-05 5.319029290814527e-05 0
1.917687980686798e-06 2.38374336429862e-05 0
9.131206709289088e-06 3.135547413875463e-05 0
4.094224300598902e-05 4.017791704613429e-05 0
4.064670562250583e-05 3.918552684927811e-05 0
3.971272997057769e-05 3.8971227548678e-05 0
2.779516851685531e-05 4.983239086141612e-05 0
1.874922186659525e-05 5.303008214938732e-06 0
3.160172483800205e-05 6.498270939526402e-05 0
1.040039221336235e-05 6.962197869865768e-05 0
4.948823391869347e-05 2.819903196215459e-05 0
3.09072241871777e-05 4.241147565684705e-06 0
2.971602315507522e-06 2.179097598171761e-05 0
2.689878266202277e-05 6.253515003657269e-05 0
1.969817445580802e-05 1.556203888781211e-05 0
1.972928968094265e-05 1.461541755553663e-05 0
4.920329510988276e-05 6.641104498654402e-06 0
1.978187870407877e-05 2.724557793509341e-05 0
3.745840821223815e-05 2.270994879592676e-05 0
4.382060778302889e-05 4.083096915674144e-05 0
4.714439332198073e-05 2.057082238299164e-05 0
3.938440385048516e-05 1.361469118062257e-05 0
3.550430293308661e-05 7.281968795139984e-05 0
3.9026685788922e-05 4.248735804621442e-05 0
3.011055733456111e-05 4.676065353928752e-05 0
3.568303849860761e-05 4.051413304609928e-05 0
8.312725636203693e-06 1.349577579763373e-06 0
4.00127820520297e-05 4.889134713680679e-06 0
7.385317358682305e-06 4.971876661523321e-05 0
8.611451653159059e-06 7.045774701599993e-05 0
3.243643723184016e-05 1.100160480582851e-05 0
1.128841381290507e-05 1.445235419604459e-05 0
6.674287548298599e-07 2.473904827648081e-05 0
5.01608990296769e-06 2.122653179940612e-05 0
3.006946492826991e-05 4.830267176141843e-06 0
3.338319923114263e-05 3.2478148361458e-05 0
4.592236870086121e-06 3.328994273671736e-05 0
1.526722798674246e-05 4.278398376831731e-05 0
7.075399764132537e-06 4.557766905615463e-06 0
2.836666251477699e-05 2.046230252053814e-06 0
2.917672270687963e-05 1.476733908526269e-06 0
2.575169531531045e-05 1.095454503734126e-05 0
2.496079461475973e-05 1.17074941910036e-05 0
1.959663148308928e-05 6.823461215154817e-05 0
1.69774933546871e-05 6.061654961057563e-05 0
1.798633943906591e-05 6.063573525082425e-05 0
1.756906683852874e-05 6.140248885129007e-05 0
3.429454845852725e-05 4.161806397261974e-05 0
3.047095549950974e-05 5.778771556092454e-05 0
3.744766665896717e-05 1.337957253860658e-05 0
3.506913454729885e-05 1.090814246436587e-05 0
2.93869795350834e-05 2.660288529409453e-05 0
3.658462134502187e-05 2.282552088983544e-05 0
6.49811460787876e-07 3.765956892371792e-05 0
1.590614137229943e-05 5.127735220663882e-05 0
4.179544034894934e-05 3.100643923505669e-05 0
4.252493489713991e-05 3.173210040073612e-05 0
4.344781899380272e-05 3.147815334840187e-05 0
4.323087216838866e-05 3.241093977504654e-05 0
4.416492956192362e-05 3.214338809083075e-05 0
2.758615439619809e-05 2.551257098694291e-06 0
1.27385453473055e-05 7.615407027510685e-05 0
1.196624229262234e-05 7.652795258424099e-05 0
3.291766276568167e-05 1.297394505315595e-05 0
4.546894357730457e-05 3.363678731436749e-05 0
4.641294541199404e-05 3.306297809229135e-05 0
4.734744302859125e-05 3.336618042017341e-05 0
4.708376044949761e-05 3.24402366505494e-05 0
4.617697937083564e-05 3.216369325404929e-05 0
4.760456893317008e-05 3.428373029484681e-05 0
3.086846490744473e-05 1.297472530957418e-05 0
2.154972175041879e-06 1.902141570431509e-06 0
2.760086953980703e-05 2.011927048778718e-05 0
2.734204720019116e-05 2.118764399064383e-05 0
2.847120934274082e-05 2.01843926318556e-05 0
2.318322641709305e-05 6.380951001902621e-05 0
2.761340983660666e-05 3.542703333204546e-06 0
3.233451701997646e-06 1.266283534275972e-05 0
8.85559455363249e-06 6.187755147316454e-05 0
4.504775436768307e-05 7.629536148546801e-05 0
4.437379270480521e-05 7.580008723636826e-05 0
4.425215428583667e-05 7.669068627386201e-05 0
4.356911248193852e-05 7.609244231661206e-05 0
4.369902927599046e-05 7.526501915930803e-05 0
4.290029915915073e-05 7.557479828601416e-05 0
4.30254479449433e-05 7.473544838084517e-05 0
4.222765460469026e-05 7.504801631359216e-05 0
4.233804258528717e-05 7.419663439044249e-05 0
4.153631956330959e-05 7.450857543761099e-05 0
4.143544572283177e-05 7.535467017067355e-05 0
4.073952305540334e-05 7.481959816204952e-05 0
4.065334041697712e-05 7.565325564839158e-05 0
3.994819229883737e-05 7.513345641923695e-05 0
3.98954875833766e-05 7.595013671569777e-05 0
3.91574510950739e-05 7.547378842994278e-05 0
3.918061941692098e-05 7.627338779854701e-05 0
3.8301235334434e-05 7.591830341497342e-05 0
4.869420886188054e-05 5.382330916886374e-05 0
3.760801154543546e-05 5.496009963271173e-05 0
3.874825189530402e-05 5.479630555767714e-05 0
3.800141728296922e-05 5.390996694845227e-05 0
3.908438157943472e-05 5.384616069767721e-05 0
3.849718265830348e-05 5.307674510294166e-05 0
3.945470533388149e-05 5.297170858366073e-05 0
3.883386543943984e-05 5.221574407124479e-05 0
3.982823382471548e-05 5.210618079966662e-05 0
4.043541574493478e-05 5.283916506456964e-05 0
4.081598250813065e-05 5.198296171321065e-05 0
4.141318781347012e-05 5.26949738500523e-05 0
4.179535123362454e-05 5.184474972664168e-05 0
3.923465568313339e-05 5.13624531592225e-05 0
3.71192664624032e-05 5.346516602151118e-05 0
3.811312152190062e-05 5.142670281782997e-05 0
3.873876469080691e-05 5.058376641419793e-05 0
1.286539361993676e-05 2.132763955221182e-05 0
1.537306263170645e-06 1.09894201110632e-05 0
4.133133080204896e-05 4.482811383432077e-05 0
4.859268537511034e-05 4.083196985305239e-05 0
4.130019390143214e-05 7.617110656224712e-05 0
1.935883515507056e-05 6.859670053381105e-06 0
2.001057181354979e-05 7.492639390103943e-06 0
2.921292788043587e-05 4.524561393699094e-05 0
1.108564233508845e-05 5.672908616524808e-05 0
6.255312839789304e-06 2.193155616617906e-05 0
2.632222816216425e-05 3.242588097408478e-05 0
3.022960461399858e-05 3.40935172304214e-05 0
1.972931915595153e-06 4.937751832161643e-05 0
2.116110823191142e-06 2.213524184158742e-05 0
4.081597902468019e-05 2.031464106267465e-05 0
1.947021412418185e-05 4.687098780480272e-05 0
1.045616758521722e-05 1.980290025894713e-05 0
3.147201634070432e-05 4.23818752046776e-05 0
2.364232001011638e-05 9.909590371935928e-06 0
2.524210119911806e-05 4.257349206959465e-05 0
2.589917319392512e-05 4.175794734838156e-05 0
2.693089226177117e-05 4.162140979917393e-05 0
3.948488149567892e-05 1.830414078905626e-06 0
1.796816436495206e-06 5.421079673073336e-05 0
3.041433704863766e-05 4.126179472984717e-05 0
3.018277077668187e-05 7.658346739143458e-05 0
2.947433773007369e-05 7.593430300527711e-05 0
3.098509043881415e-05 7.68502847874557e-05 0
4.805756612388208e-05 7.121765912477003e-05 0
3.960485174809964e-05 1.530012314353245e-05 0
1.74191393175166e-05 1.842854540151073e-06 0
3.955875157269395e-06 6.122786689221634e-05 0
3.02001502931974e-06 6.176842587443702e-05 0
2.270642158805544e-06 6.134494573614862e-05 0
2.312802887677359e-06 6.23474559120349e-05 0
4.51710828036401e-06 6.217169692481854e-05 0
5.394324308770059e-06 6.22531793960958e-05 0
4.138837274475079e-05 2.938453603503583e-05 0
8.784254303194531e-06 6.706040024722103e-05 0
7.912433104764717e-07 6.810932027921452e-05 0
4.81281013723908e-05 5.651000980437257e-06 0
2.94459162579718e-05 6.725247238632928e-05 0
4.129484601088006e-05 1.68727490361385e-05 0
2.011846276587261e-05 6.6780599730689e-05 0
5.615645036957991e-06 2.800199301386589e-06 0
3.221225564175878e-05 4.184599240666777e-05 0
4.227124488143409e-05 1.463181764016945e-05 0
2.139798856564994e-05 7.07547813506614e-05 0
2.25437843061805e-05 2.071752062671882e-05 0
2.171072404431063e-05 2.123551946967938e-05 0
9.497911899603018e-06 6.626111344205853e-05 0
4.158083901506385e-05 6.806094722895746e-05 0
4.104085088210468e-05 6.883587147172618e-05 0
2.65299972395557e-05 5.336649945280865e-05 0
4.863653079141164e-05 1.506436494323186e-05 0
4.396354663912958e-05 2.281568684415013e-05 0
3.05068207541186e-05 2.775653658045603e-05 0
3.048179013235555e-05 2.864649030943985e-05 0
3.113237445991964e-05 2.912614584258754e-05 0
7.827433121060857e-07 1.782057574500787e-05 0
4.802223532383426e-05 2.05474028471313e-05 0
2.20914667479121e-05 1.336690702551275e-05 0
2.140723485416994e-05 1.38378395250276e-05 0
1.438098467147214e-05 3.249300009606048e-05 0
1.068046837814605e-05 6.03551642920908e-05 0
1.388388714930735e-06 1.667308357454457e-05 0
1.30835718067438e-05 6.360601257214419e-05 0
4.140368464940208e-05 2.125518981377746e-05 0
1.477801954331447e-05 3.361485792851094e-05 0
1.641172392858559e-05 4.063702819147988e-05 0
1.841191554779736e-05 2.54503972659851e-05 0
4.833075136664954e-05 1.284611189154583e-05 0
4.798989349784521e-05 1.193966296991928e-05 0
4.525555066640423e-05 3.044747497031692e-05 0
4.858285168988648e-05 3.545861601993839e-05 0
3.954280475445574e-05 3.562809658532284e-05 0
1.249296499448875e-05 5.432581269393224e-05 0
4.757656670285651e-05 4.747303564237517e-06 0
4.834707748059054e-05 4.171825452234222e-06 0
1.586299422348527e-05 3.414245862191048e-06 0
1.496877841973644e-05 2.993426734603452e-06 0
1.506454835994228e-05 1.943207357447611e-06 0
2.682439678020016e-05 1.121690955909998e-05 0
4.058539611645195e-05 6.650129187216262e-05 0
1.645661137024763e-06 2.60745749031115e-06 0
7.679374270739828e-07 5.521347375824123e-05 0
3.31420034008405e-05 5.967590180032125e-05 0
1.054727954451896e-05 6.861120109682222e-05 0
1.721284623304252e-05 1.244951439040193e-05 0
4.799119864890858e-05 6.181646466267625e-05 0
4.777656117840355e-05 6.282591134953575e-05 0
1.120641670430399e-05 6.11975929051511e-05 0
2.943435466841956e-05 5.534677238137997e-05 0
1.974821230891758e-06 5.173024599401085e-05 0
1.184470801314945e-05 2.923943916018901e-05 0
3.621804951929106e-05 1.874348694142523e-06 0
3.540578646645364e-05 1.666565851511625e-06 0
1.899504175707114e-05 1.762939800797792e-05 0
9.514610343596131e-06 4.765268309978421e-05 0
2.110733902058433e-05 2.962216954076803e-05 0
2.59881496616617e-05 1.894164982748654e-06 0
1.879227131998154e-05 7.007908396121703e-05 0
1.294259539146276e-06 7.087488150545472e-06 0
1.009786621792998e-05 1.081384977518101e-05 0
3.099362461672593e-06 7.141325122947305e-05 0
2.295813582602383e-06 7.180250603948279e-05 0
4.88796011131538e-05 5.298794540011351e-05 0
4.828999418659924e-05 5.251840684551442e-05 0
3.086529510263494e-05 2.564483451159654e-05 0
4.027996243154109e-05 4.504354463539022e-05 0
3.543881193915319e-05 6.232580728087164e-05 0
3.63410023037442e-05 6.270608931885443e-05 0
2.783639162570619e-05 6.091686347459632e-05 0
2.289289127191931e-06 1.329126395364223e-05 0
1.723769504230175e-06 1.263676823490728e-05 0
6.646702891754666e-06 4.117492341018665e-05 0
4.09744512163256e-05 3.408534373822286e-05 0
1.634546094195036e-05 3.286071910134105e-05 0
2.194813832092903e-05 8.754872158001279e-06 0
1.092851467668091e-05 5.441009680477144e-05 0
2.536904467924368e-05 7.157549437677941e-05 0
4.850497360154727e-05 6.612411182367966e-05 0
1.768758118591761e-05 1.939606302329179e-05 0
1.059409006550734e-05 3.558856471406618e-05 0
4.760430535640134e-05 5.014039966613112e-05 0
4.758510227355756e-05 5.111195627851353e-05 0
4.840728311946472e-05 5.064117092701386e-05 0
9.631090920238545e-06 1.680539599909498e-05 0
9.66733632007062e-06 2.562735061156542e-05 0
3.900083118191769e-05 3.006096287335629e-05 0
2.220058180343162e-05 6.343146113836092e-05 0
2.992265963393757e-06 4.172467743287613e-05 0
3.87720190156999e-05 1.359709281281184e-06 0
4.029813191388139e-05 1.506430944137301e-06 0
4.884098582502291e-05 2.69789743882751e-05 0
2.291181637440064e-05 3.312748818059698e-05 0
2.395886227959057e-05 3.27204977478382e-05 0
2.321823074772223e-05 3.2208246175171e-05 0
2.260467224914259e-05 2.283807375981485e-05 0
1.688420600225826e-05 2.418328931411747e-05 0
1.680013077810583e-05 2.322158834604144e-05 0
1.765313155609725e-05 2.362097544010354e-05 0
5.337293530812222e-06 7.190496175218426e-05 0
6.192099101377393e-06 7.177013804342962e-05 0
4.798337002325382e-05 3.273587891517314e-05 0
4.777136291549657e-05 3.186578394266369e-05 0
2.088626949514335e-05 2.339218519671893e-05 0
2.081332039473746e-05 3.544743444256396e-05 0
3.840134631857808e-05 7.495319462995365e-05 0
2.051512387324331e-05 2.977639258911457e-06 0
2.062849613226364e-05 2.082032445519947e-06 0
2.042097155903152e-05 3.875589003576535e-06 0
3.862051486744475e-05 1.492100037824196e-05 0
3.307929982728162e-05 3.417981936444107e-05 0
1.126633479027657e-06 6.670423974438491e-05 0
3.770799802477792e-05 3.391227848855411e-06 0
3.626082063161223e-05 7.033001335822684e-05 0
3.71728084896251e-05 7.064194534571049e-05 0
3.794593857164385e-05 7.021789314768078e-05 0
3.79677819746894e-05 7.10644066325749e-05 0
5.014945995044591e-06 7.655852711568433e-05 0
5.85658435939877e-06 3.23622592939712e-05 0
5.990720183812193e-06 2.293461238538542e-05 0
2.838751793655313e-05 1.20867258071455e-05 0
1.765604328678792e-05 9.4768013463496e-06 0
2.758415277948309e-05 6.933047194828289e-05 0
1.18735732953873e-06 3.635405876414537e-05 0
4.714238060486911e-05 1.141321757452246e-05 0
3.90340888102417e-05 5.68740613940478e-05 0
4.849946505088194e-05 7.350599138304726e-05 0
4.858208792162545e-05 7.265882303362454e-05 0
4.870194222739045e-05 1.699040362194601e-05 0
2.274922736822673e-05 5.105982458088297e-05 0
3.845284924870745e-05 1.327675582722816e-05 0
3.787682392281895e-05 6.929169655141762e-05 0
3.444850889081192e-05 1.160808799708555e-05 0
1.390654500166878e-05 3.049029563390223e-05 0
1.295543822832653e-05 3.096856777172539e-05 0
2.602452859008737e-05 3.337313728215847e-05 0
2.538726828457202e-05 3.255980171018927e-05 0
2.121527375516323e-06 4.14501020848454e-05 0
2.4239438922818e-05 6.228819601932043e-05 0
4.121161393041402e-05 1.462615795773063e-05 0
9.352179720255948e-06 3.668257840937138e-05 0
1.730786073139485e-06 4.598834687478205e-05 0
1.126701360248908e-05 1.807729478419571e-05 0
3.24816005517571e-05 1.196471195327848e-05 0
3.357362577778901e-05 2.11809629425075e-05 0
3.403006634740739e-05 2.21372747568041e-05 0
4.658241787128782e-06 4.087653046780906e-05 0
1.312464739190467e-05 5.025181576452796e-05 0
4.54407891667597e-05 1.054259645682281e-05 0
1.299995932107712e-06 5.855745009385395e-06 0
7.735458854182901e-07 5.850427908280887e-05 0
1.818261042734846e-05 5.153167806260935e-05 0
1.025399878496858e-05 2.74005076435461e-05 0
8.507704125294844e-06 6.268011665292838e-05 0
8.105257720939865e-07 2.655693938917893e-05 0
2.502753000797405e-05 5.150698577101568e-05 0
1.773527820425367e-05 3.145548519309371e-05 0
2.198947989831572e-05 2.222540106411737e-05 0
1.687011190769332e-05 4.162726987796989e-05 0
2.744090709110438e-05 5.313142669772251e-05 0
2.816015814470918e-05 5.365710430813844e-05 0
4.3613016901614e-05 3.583757500943097e-06 0
4.401124105038855e-05 2.786355016810092e-06 0
4.479236836952783e-05 2.688145809186493e-06 0
4.4414138136632e-05 2.013271065980482e-06 0
4.363268949243626e-05 2.087549086463176e-06 0
4.524192132069174e-05 1.952165833734879e-06 0
4.608630547871992e-05 1.733160538197199e-06 0
1.936708699352503e-05 3.777685820277396e-05 0
7.748019058413255e-06 1.186596321373587e-05 0
2.329072960632666e-05 4.040340728005335e-05 0
4.239521969813188e-05 5.083714477325929e-05 0
1.888916895898928e-05 1.406419797663084e-05 0
1.976036356405622e-05 1.370385373687949e-05 0
1.811761026416232e-05 3.351610218666079e-05 0
4.569173425184306e-05 5.118290432618434e-05 0
4.914677941016741e-05 3.939267464367428e-05 0
2.380772752749151e-05 1.140542230790194e-05 0
1.216148030400994e-05 2.006217240452664e-05 0
7.137105336660888e-06 1.099470370426251e-05 0
4.002551010739348e-05 7.428969222295003e-05 0
1.367425509067442e-05 7.025049111752577e-05 0
1.393697357603052e-05 7.115859190397548e-05 0
1.238751879611542e-05 4.268374161709613e-05 0
3.086039164306377e-05 6.918405984773633e-05 0
9.115292599335494e-06 2.400954552429511e-05 0
1.04418351297498e-05 1.740630267767075e-05 0
2.024126545677155e-05 2.810440161284898e-05 0
1.609652708122409e-06 7.041010530559963e-05 0
7.802346128025187e-06 1.926975568471027e-05 0
3.325938734066287e-05 4.192157802058161e-05 0
1.807614696769138e-05 6.383676003810278e-05 0
2.206713777409022e-05 3.840212719827244e-05 0
2.165471427245778e-05 3.940631026209883e-05 0
1.571856432564903e-05 7.645853824436238e-05 0
1.655817452237595e-05 7.611553144552872e-05 0
1.638944232107706e-05 7.693735692048741e-05 0
1.725233438794129e-05 7.664236280322212e-05 0
1.736500601910447e-05 7.576593804892554e-05 0
1.80633625416557e-05 7.628280827314893e-05 0
1.815665969117683e-05 7.542315644295405e-05 0
1.885780209967711e-05 7.593308097296263e-05 0
1.906535910325493e-05 7.508216914551768e-05 0
1.873951653456181e-05 7.686459564562739e-05 0
6.820567393566087e-06 7.114286528784306e-05 0
4.058232033120899e-05 1.558997817827986e-05 0
3.934498124855677e-05 3.472977401401747e-05 0
1.437620780027504e-05 5.168769096864344e-05 0
4.552325224217386e-05 6.139575164149475e-05 0
2.629884282904845e-05 5.234996394112286e-05 0
1.482706957049031e-05 7.162999861079212e-05 0
1.399595912046555e-05 7.211056454030419e-05 0
1.92494268999953e-06 3.034438640421389e-05 0
4.626161070979495e-05 2.281684981376708e-05 0
4.64541343144154e-05 7.660459035581458e-05 0
2.511484939327781e-05 3.11680004235646e-05 0
1.430960670984255e-05 4.221228392776766e-05 0
2.30078363207135e-05 4.337220607154577e-05 0
1.346626930769823e-05 4.240356635722472e-06 0
3.790176509283968e-05 4.900889138675147e-05 0
3.88554869973519e-05 4.899846053691953e-05 0
2.150958763875411e-05 1.602606347115881e-06 0
2.639867882984054e-05 2.145418153572599e-05 0
1.754188876439155e-05 1.056168671388843e-05 0
2.151193252348955e-05 1.488482180247568e-05 0
4.322860724128972e-05 3.349756610807172e-05 0
9.764660215814875e-06 5.466406487591966e-05 0
9.157055508078496e-06 5.384203638872351e-05 0
2.889466726305094e-05 1.499252201897419e-05 0
4.144855646792947e-05 6.64928930058962e-05 0
4.024919188652072e-05 6.575938602813103e-05 0
2.616963396326679e-05 3.437186447293714e-05 0
3.33987186570709e-05 7.103886100620902e-05 0
3.244926724884819e-05 7.113042199267028e-05 0
2.336438898656716e-05 4.229511219647715e-05 0
1.953527782916647e-05 2.637527435157024e-05 0
4.278439551431393e-05 7.641349148360306e-05 0
3.803678726431223e-05 1.162293631123377e-05 0
3.8758711888082e-05 7.0656326179729e-05 0
3.211325746243631e-05 5.980825527401983e-05 0
2.945480489700972e-05 8.923239208896818e-06 0
3.968989491388257e-06 7.087382325984174e-05 0
4.164181235088994e-05 7.365716111648486e-05 0
4.245125964762932e-05 7.334178053271627e-05 0
1.663762270042015e-06 5.978241143920372e-05 0
4.347112712155837e-05 9.99647938478651e-06 0
4.297655611568933e-05 2.382506787704394e-05 0
1.901390712534667e-05 5.171414964010517e-05 0
3.716329483286163e-05 6.18847740947989e-05 0
3.841662604648848e-05 2.249004473038136e-05 0
3.888999753899699e-05 2.337862642429216e-05 0
1.575820936093207e-06 1.49006741039803e-05 0
4.531524980260793e-05 2.272667913050314e-05 0
1.847850064598762e-05 4.239636506324212e-05 0
2.959791574519425e-05 1.777782838724216e-05 0
1.046869062156977e-05 7.641437554630579e-05 0
9.650573470773475e-06 7.678778436189036e-05 0
1.801219076128385e-05 4.457236998892663e-05 0
1.870731250598073e-05 4.408161170268661e-05 0
2.081782144286996e-05 7.079857960480743e-06 0
3.608556701919558e-05 1.069992700086661e-05 0
1.960206200728424e-05 5.977956533337554e-06 0
3.894972167131728e-05 6.376587663229233e-05 0
1.149585704828979e-05 3.990509682894888e-05 0
4.45170789998696e-05 3.11627958991213e-05 0
4.514932151660344e-05 3.205274828326825e-05 0
3.270822894336257e-05 2.330533149756557e-05 0
4.904337623272574e-05 6.682825075933428e-05 0
2.46170254371311e-05 6.119495562812225e-05 0
1.20330281426536e-05 5.056519983013084e-05 0
1.132588537805764e-05 4.995326482307361e-05 0
1.334814522109262e-05 1.022580711208192e-05 0
1.237608942099761e-05 1.075378132539762e-05 0
1.157503416242834e-05 1.124844934784188e-05 0
1.240289745029336e-05 1.176057371897655e-05 0
1.322329723244416e-05 1.131761911887663e-05 0
3.063331239330602e-05 6.513597026101689e-05 0
4.142174021089099e-05 3.300708476361511e-05 0
3.736638269928464e-05 6.287611239132869e-05 0
4.169100515519586e-05 8.962201840903335e-06 0
3.221979673529009e-06 6.275129856945763e-05 0
3.493534361303493e-05 2.243478252789993e-05 0
2.06871280139818e-05 1.681700061608658e-05 0
1.170945079303486e-05 4.087259359047068e-05 0
2.180142846423443e-05 5.901846974420168e-05 0
2.080807646104513e-05 5.86314034733973e-05 0
2.061140051609245e-05 5.77299207108389e-05 0
1.988013494362023e-05 5.837201257708487e-05 0
1.006236055733935e-05 4.858403560702226e-05 0
2.526870854289797e-05 1.493596582911964e-06 0
2.449231138529843e-05 1.813937140421763e-06 0
2.375533123628632e-05 1.361920789654544e-06 0
2.376720955894877e-05 2.272610168649555e-06 0
1.532874051814655e-06 1.408420630081007e-05 0
2.888142677169326e-06 9.600384148985631e-06 0
1.022447156079087e-05 7.09783677966294e-06 0
4.382400016518191e-05 1.088689654211672e-05 0
3.326370700479935e-05 1.605604012940629e-06 0
9.836275764267999e-06 9.989477032261742e-06 0
3.780350402160274e-05 6.110557110767151e-05 0
3.014859508864581e-05 5.696254165510957e-05 0
3.941435362788742e-05 5.844560755349882e-05 0
3.004528142542769e-05 4.574992725716058e-05 0
7.602065015210202e-06 5.067425635027519e-05 0
2.852881693094799e-05 6.95375570690546e-05 0
2.911726269311051e-05 6.882043088915022e-05 0
2.960325767156035e-05 7.420118242360178e-06 0
1.743564388155032e-06 6.399767981316892e-05 0
4.216068194807944e-05 5.346032017099386e-05 0
1.738621219178242e-05 5.222727702150654e-05 0
3.946016856171952e-05 5.553110738264034e-05 0
4.821590346713621e-06 6.311457748988025e-05 0
3.910050825354806e-05 2.503091562950396e-05 0
3.71302298200448e-05 2.062475174683518e-06 0
3.001510229087971e-05 1.975080470181558e-06 0
4.109541423436382e-05 5.989023920933146e-05 0
8.37724105645776e-06 3.82814957106102e-05 0
3.480545551023659e-05 7.226360708247054e-05 0
2.01314281484673e-05 4.345479485637487e-05 0
5.843065416908701e-06 7.607993794340292e-05 0
2.067172058929411e-05 6.772840657172316e-05 0
1.230595038328489e-05 6.291363518064931e-05 0
3.924713375795452e-05 2.616230330848897e-05 0
3.925191089930114e-05 7.246626437313665e-06 0
3.0399440555049e-05 2.953996551328668e-05 0
2.634708394267818e-06 5.225330154178414e-05 0
1.777498176832304e-06 5.259075737701054e-05 0
3.01076266322512e-05 4.788404866080473e-05 0
1.811699725385743e-05 3.243195682277478e-05 0
1.867795942900503e-05 3.43204137711705e-05 0
4.092211139589662e-05 5.11443907999545e-06 0
1.99903731373775e-05 4.967791102628099e-05 0
2.269018586510256e-05 7.269498354828889e-05 0
2.17972422345712e-05 7.234909363750572e-05 0
2.372548266129362e-05 7.279621395158263e-05 0
8.565503261317819e-06 3.934371367053076e-05 0
1.877561375776279e-05 5.982624251755193e-05 0
1.123044223470463e-05 7.687383677182092e-05 0
4.102596520687156e-05 6.100370620402053e-05 0
3.036140356303927e-05 6.599905973804256e-05 0
5.678335802643783e-06 4.152722631548375e-05 0
6.550230759174844e-06 4.211932304270907e-05 0
3.827622765113083e-05 4.09538746350728e-05 0
7.794343708470023e-06 4.005582894935065e-05 0
4.117294410961933e-05 4.374731946609363e-05 0
4.021660633462287e-05 2.380210976312706e-06 0
4.109013013175281e-05 2.047298079431741e-06 0
8.912328952763587e-06 7.6296895808674e-05 0
8.816414219752526e-06 7.725930494574143e-05 0
1.015533869664795e-05 5.713634142098129e-05 0
3.260669158577863e-05 5.220626344691116e-05 0
2.752643513137359e-05 1.531330555108725e-06 0
8.885451482496617e-06 4.298694378141838e-05 0
3.782252865038274e-05 1.052125215564711e-05 0
4.016185927241254e-05 2.628819905294181e-05 0
9.602847943435555e-06 1.964097173338906e-06 0
3.055653600927253e-05 1.74311973194472e-05 0
1.940653433944706e-05 6.537942040753849e-05 0
1.863912069233472e-05 3.15011824496359e-05 0
5.228751647023233e-06 2.017090224791118e-06 0
4.525077805101103e-06 1.844830038199818e-06 0
5.007885034160646e-06 3.507676335182833e-06 0
1.353053698947733e-05 7.58168712013345e-05 0
1.340240895027848e-05 7.675225512786847e-05 0
1.418450659267774e-05 7.716675744524272e-05 0
1.891675858129474e-05 1.304767046447489e-05 0
2.55736654647865e-05 6.316154887801198e-05 0
3.111580096207083e-05 4.706160763026471e-05 0
3.190934663037724e-05 6.942639087458589e-05 0
2.073622385780851e-05 7.529193959122212e-05 0
2.147274322433318e-05 7.582897051768357e-05 0
2.06383195194408e-05 7.617574964210998e-05 0
2.134959173137215e-05 7.669437491205936e-05 0
2.220600077459302e-05 7.638813212724782e-05 0
2.296682065718596e-05 7.684950530815668e-05 0
2.052299244342579e-05 7.696548295612517e-05 0
2.305715821819693e-05 7.599020664623613e-05 0
2.377438379911628e-05 7.64669407204069e-05 0
1.997113380874141e-05 7.652531205677753e-05 0
2.5617439184891e-05 7.494643102206027e-05 0
2.545778093943911e-05 7.583990980296088e-05 0
2.462212254690654e-05 7.615610395423057e-05 0
2.52495182507379e-05 7.677974262824276e-05 0
2.617300314088098e-05 7.637300305833165e-05 0
2.632846848565772e-05 7.549552148006465e-05 0
2.70470773723002e-05 7.605352891453629e-05 0
2.718787046080601e-05 7.515722014834344e-05 0
2.789168753204992e-05 7.572554029404263e-05 0
2.767500068815067e-05 7.669492862192485e-05 0
2.863068314792743e-05 7.62596606565427e-05 0
2.876238724631674e-05 7.537266516621959e-05 0
2.844844530424763e-05 7.714400089654014e-05 0
3.001355480550975e-05 4.476732428100863e-05 0
1.13187910526373e-05 7.515979780893546e-05 0
2.390200623289338e-05 7.562972006695416e-05 0
4.330147724147781e-05 2.237325414532306e-05 0
1.832514718609623e-05 7.453946482168411e-05 0
3.741417982050589e-06 2.152664198943504e-05 0
2.460662593592382e-05 3.204506205188183e-05 0
4.835124540382167e-05 3.320558325923583e-06 0
4.832159529897261e-05 2.392917684383222e-06 0
4.755606929690059e-05 1.948898473973874e-06 0
4.831811949736223e-05 1.461301331425167e-06 0
1.17904444566263e-05 4.151038661439618e-06 0
6.636414153330648e-06 7.662673617187446e-05 0
4.606315377309488e-05 1.135151347744649e-05 0
4.428722055179045e-05 4.18104353055512e-05 0
1.181970947739097e-05 7.076262612134711e-05 0
3.974830758924062e-05 5.461369035891066e-05 0
4.714969033096419e-05 2.157382282646724e-05 0
1.1349327434175e-05 1.653596695435684e-06 0
1.812556836957668e-05 2.320154469605132e-06 0
2.785470202213344e-05 7.041968550459564e-05 0
3.143241229945255e-05 3.045445048575841e-05 0
1.411611367638863e-06 3.190539173040534e-05 0
4.483616061810975e-05 1.299718879558329e-06 0
1.025190551541831e-05 3.383280231741006e-05 0
1.30906317950672e-05 1.497531773584853e-06 0
1.249439592554322e-05 8.789668999487023e-07 0
4.188130837718281e-05 9.853362474550967e-06 0
7.271831424583623e-06 4.269976290595582e-05 0
2.462338784612151e-05 3.337213370275285e-05 0
7.666637011712533e-06 2.082875062577235e-05 0
1.319428026024588e-05 7.171265438551993e-05 0
1.319849188379386e-05 1.23438661171082e-05 0
1.236369481892574e-05 1.285458748723216e-05 0
3.018079947745848e-05 6.359802809158176e-05 0
2.819377724422364e-05 3.183195187853085e-05 0
4.687798349720897e-05 4.167772974369263e-05 0
4.107119401712673e-05 3.02434261206059e-05 0
3.064059234582084e-05 1.950150325230665e-05 0
1.976557457288851e-05 3.988750264710441e-05 0
2.050304351083345e-05 3.92046886046027e-05 0
2.17617607046574e-05 4.049029970764801e-05 0
4.015200033020141e-05 6.890612451471991e-05 0
3.974081412917488e-05 6.963609881312929e-05 0
4.063021301411391e-05 6.960924454602085e-05 0
3.879031423391702e-05 6.971174023300409e-05 0
3.122209474991719e-05 3.383057841542817e-05 0
2.292068091325862e-05 5.199078689055543e-05 0
3.056020852080286e-06 3.256048261218539e-05 0
2.315744925976024e-06 3.318440681919105e-05 0
2.746277738605842e-05 4.541917751497669e-06 0
2.847951367363041e-05 4.113258599232328e-06 0
9.047235676746751e-06 7.453491386953011e-05 0
3.921067615933048e-05 4.344318293164168e-05 0
1.220457978656484e-05 5.329281878963196e-05 0
1.221645541692737e-06 6.476454058820577e-05 0
1.411690078770801e-06 6.298796841804912e-05 0
1.305011280877944e-06 2.740448170422184e-05 0
3.847732155082388e-05 6.026739655896493e-05 0
3.79836519688371e-05 1.718257922745219e-06 0
1.259261122093286e-05 3.207092312279433e-05 0
1.139724056146979e-05 7.427862471688176e-05 0
4.445819293973824e-05 5.12710803822938e-05 0
1.977723205094287e-05 7.574841781873299e-05 0
4.492405741304167e-05 6.74554652896397e-05 0
3.679102869260542e-05 7.471727575807928e-05 0
3.664879738652112e-05 7.557932111460484e-05 0
3.582287906604862e-05 7.588003603322448e-05 0
3.649036378962014e-05 7.643626823031937e-05 0
3.734646235773693e-05 7.611282160695808e-05 0
3.718565441018391e-05 7.690140674066029e-05 0
3.51300604865752e-05 7.535026516577504e-05 0
3.432321997391971e-05 7.568970294025535e-05 0
3.360499998029711e-05 7.512713491376313e-05 0
3.350195928058357e-05 7.600387056734605e-05 0
3.423909223483734e-05 7.664097601166477e-05 0
3.32634939171736e-05 7.678836425181774e-05 0
3.262619676140231e-05 7.626307276780029e-05 0
3.276800900482797e-05 7.543871209246383e-05 0
3.503144065947011e-05 7.61887202763726e-05 0
5.894788973852831e-06 7.519857147109887e-05 0
3.540018077371663e-06 7.541256651807148e-05 0
2.741484868056113e-06 7.576332709212659e-05 0
2.068435980660794e-06 7.524410712575891e-05 0
1.954335875114836e-06 7.605644410681486e-05 0
2.141648532358677e-06 7.439361363879961e-05 0
1.398476021874233e-06 7.474851925337395e-05 0
1.059084815769884e-05 1.168302522025919e-05 0
4.924268540753319e-05 5.946212984145171e-05 0
9.195694336024946e-06 2.699823719636534e-06 0
1.363301950716832e-05 7.493206978537546e-05 0
2.04910189760413e-05 5.405448410345797e-05 0
3.204952887498631e-05 7.489411478425425e-05 0
3.428247373581902e-06 7.62480924447925e-05 0
4.477291191074896e-05 6.834895653417434e-05 0
4.799580403092221e-05 6.793742001913201e-05 0
4.781694324211206e-05 6.883811952117652e-05 0
4.052857852118157e-05 7.645838131918573e-05 0
1.682130448998826e-05 2.216555521806733e-05 0
2.880346695120843e-05 2.279912825902454e-05 0
2.805040043190646e-05 2.196533458737926e-05 0
1.855533861764577e-05 6.293942554696536e-05 0
2.232195408279835e-05 7.548418424373947e-05 0
3.752718984050841e-05 7.526813294333692e-05 0
4.532295087794023e-05 4.152442517042301e-05 0
2.051489057054422e-05 1.004185315412692e-05 0
2.11750877834845e-05 9.433256526497939e-06 0
1.596608827591652e-05 7.471866646468227e-05 0
3.568103830940354e-05 7.669042784592457e-05 0
2.962127926146098e-05 7.503065651985922e-05 0
4.727170638419611e-05 7.632596270295683e-05 0
4.793584065954253e-05 7.684398199806234e-05 0
3.986134255338562e-05 2.34093335823476e-05 0
4.462477731071801e-05 7.411775381402565e-05 0
4.767799241480246e-05 6.556923579452603e-05 0
1.586074945159842e-05 1.470533408283328e-06 0
1.506061460992047e-05 1.038904847584112e-06 0
1.441519094309287e-05 1.404745183974444e-06 0
1.060481021253167e-05 1.881779439124112e-05 0
4.630457762630673e-05 6.859187409194414e-05 0
4.847524904725865e-05 2.427996295798181e-05 0
4.177997240809583e-05 1.276612557501463e-05 0
4.529908370773244e-05 7.466042770007844e-05 0
4.911478315599314e-05 7.50613023414757e-05 0
1.543889488336315e-05 3.270989277861581e-05 0
4.182544794558988e-05 6.162372793686388e-05 0
4.25984971193181e-05 6.223188799610088e-05 0
1.021362325667578e-05 4.396281202061334e-05 0
9.470207609718937e-06 4.463827938493115e-05 0
9.91553045152648e-06 4.556768179180225e-05 0
4.916286753833052e-05 2.126700577312974e-06 0
4.681046194493203e-05 3.144690527867183e-05 0
7.082854249401996e-06 2.243866401500122e-05 0
4.209609189762069e-05 7.589431763752836e-05 0
4.192855149941843e-05 7.680381371073843e-05 0
1.920758478621613e-05 7.418304979879904e-05 0
2.61641994950062e-05 7.729964299961153e-05 0
1.933044931828864e-05 6.129623717954107e-05 0
2.94331797051393e-05 1.216873454851766e-05 0
2.969142054116198e-05 2.997584019766211e-05 0
3.503538776842147e-06 5.191262863321069e-05 0
4.433721075883156e-05 7.099926205394964e-05 0
3.803910387712659e-05 3.142003132839157e-05 0
3.711543481429405e-05 3.088786137189266e-05 0
2.021317193499875e-05 2.165038939677994e-05 0
1.892147377665152e-05 2.066665773232111e-05 0
8.978501522001035e-06 7.541649115220475e-05 0
4.622736634096978e-05 7.351523967867043e-05 0
2.039906105817586e-05 2.41124117337888e-05 0
4.448045109468863e-05 7.011776661265883e-05 0
1.110690142105843e-05 4.160494814334367e-05 0
1.207517277658029e-05 4.179665794236154e-05 0
1.682642204260384e-06 8.214473632115884e-06 0
1.344670484053465e-06 9.150408920297524e-06 0
1.625312872235906e-06 1.181709415922647e-05 0
3.721753584330759e-05 5.100292485606102e-05 0
4.836237091071907e-05 9.897523477064505e-06 0
4.849735941612798e-05 1.065600851818554e-05 0
2.234701127996983e-05 6.245534199554509e-05 0
2.112199851249201e-05 6.344095734180471e-05 0
1.497185360687212e-05 2.323881384851964e-05 0
7.656886826573507e-07 3.031030561675285e-06 0
8.127508749149428e-07 1.279094505453797e-06 0
6.588018627981797e-06 1.368976605779586e-06 0
7.285771974892462e-07 7.339833634413765e-05 0
1.477946186807877e-06 7.303131374493133e-05 0
1.996636707000231e-05 3.521972683616743e-05 0
3.052774980225408e-05 5.126428304888774e-05 0
1.338110691472834e-05 5.201384263996658e-05 0
3.791343697256723e-05 7.659220268928129e-05 0
4.711859191238027e-05 6.416954499991747e-05 0
4.778306292837178e-05 6.467797879819964e-05 0
4.791971482832122e-05 6.379647300729135e-05 0
4.838264243402139e-05 7.431876412872456e-05 0
2.176696353589045e-05 6.17088420851364e-05 0
4.841706856486677e-05 7.039874786419947e-05 0
2.890923513349666e-05 7.447059306386692e-05 0
2.795367946794162e-05 4.190908674915206e-05 0
3.994944244543178e-05 1.752050242244738e-05 0
4.001054678964728e-05 1.838037420630392e-05 0
9.431836253734639e-06 6.990325031101689e-05 0
4.928018335287747e-05 7.073131354341474e-05 0
2.799848455922157e-05 5.084648947233522e-05 0
2.312245471976679e-05 1.222473492150235e-05 0
4.79258089554117e-05 7.208648899858356e-05 0
3.428644595429961e-05 3.222369587359476e-05 0
4.92750253394806e-05 6.900314035702895e-05 0
1.18154665516472e-05 3.138995608906804e-05 0
9.217017376104836e-06 6.424980402135808e-05 0
4.501578995898575e-05 7.155413649337602e-05 0
2.426909939591929e-05 4.200865598639442e-05 0
4.872918663883424e-05 9.143272934183599e-06 0
2.278992211614093e-05 1.023015358382056e-05 0
6.696929285666572e-06 7.481032083227317e-05 0
4.92667793953084e-05 2.29993827159916e-05 0
3.45720590401532e-05 6.205143532363019e-05 0
3.310873931413692e-05 7.278107334210312e-05 0
4.609952877500216e-05 7.436506367538416e-05 0
4.088498862133239e-05 6.199195242607115e-05 0
4.375971290080081e-05 7.741493993946272e-05 0
8.984839422983808e-07 1.259951617402503e-05 0
4.582972026024083e-05 7.124373657088027e-05 0
2.113712377496701e-06 7.744416466161891e-05 0
3.879396146505074e-05 7.744926836553869e-05 0
4.045879137008841e-05 7.730066775423776e-05 0
4.256855009906135e-05 7.248112522170432e-05 0
4.29959716198121e-06 5.160938850358411e-05 0
3.052869211677748e-05 4.29580153306884e-05 0
7.029200420356579e-06 3.650488745885843e-06 0
1.973883921434676e-05 1.645306132236615e-05 0
4.015482518083248e-05 1.944059024667084e-05 0
8.860809353121262e-06 4.030114629347032e-05 0
1.20140223309175e-05 7.735434128704434e-05 0
4.918177545030719e-05 3.8295933946035e-06 0
7.060838945572453e-06 7.741428112185292e-05 0
4.050480507025961e-05 7.099035193479307e-05 0
5.415265798614326e-06 7.739742651698471e-05 0
3.744718963051849e-06 7.745242468453585e-05 0
6.810995228462868e-07 4.29799522863086e-05 0
1.85635515608634e-05 2.390128292028354e-05 0
4.455481809193985e-05 6.506672282705739e-05 0
4.68124132365973e-05 6.590716614593491e-05 0
2.730425454627596e-05 1.201344380127001e-05 0
2.919675192598641e-06 6.304918581664539e-07 0
7.946182536451913e-07 4.645206706610834e-05 0
7.267002787294346e-07 4.469632882946316e-05 0
2.878887430282096e-05 4.968570941261412e-05 0
4.45009019164216e-05 7.496237551347789e-05 0
3.711616206123611e-05 6.949155377728036e-07 0
3.537304484868554e-05 8.325236388195557e-07 0
7.462657512191849e-07 3.341414055907919e-05 0
1.555371872367222e-06 3.390639918597922e-05 0
4.926380591793387e-05 3.171466400367426e-05 0
4.904756608983323e-05 2.988267668873146e-05 0
4.83614849903639e-05 3.052223010526758e-05 0
4.385517197056389e-05 6.445887555834615e-05 0
4.792463808608604e-05 6.800334336662099e-07 0
4.619581503682944e-05 8.441164949918336e-07 0
1.310957450666658e-05 4.201312443991187e-05 0
4.207370811091933e-05 6.966582242945593e-07 0
2.037380212911813e-05 7.229739609109247e-07 0
1.873272917428912e-05 6.80623116090964e-07 0
4.288769177144824e-05 6.883674329443376e-07 0
4.244928903376117e-05 1.404406413554681e-06 0
6.582781750593686e-07 2.387574163227934e-05 0
7.11162908769911e-07 2.210823389093845e-05 0
4.047297737952086e-05 1.050571972105701e-05 0
4.675240292187947e-05 2.310356383090828e-06 0
4.848868864224273e-05 6.942438299252014e-05 0
3.158942048724315e-05 2.213631708864411e-05 0
3.368378226843979e-05 7.402338306885845e-07 0
3.204437230248399e-05 6.618386083135445e-07 0
3.34445963351566e-05 6.058042459187089e-05 0
1.184908396554651e-05 1.371383232897938e-05 0
2.989981445484494e-05 2.422517389995811e-05 0
1.630272212828907e-05 7.2066103020705e-05 0
6.822108413663209e-07 3.512448871851011e-05 0
7.042680797410015e-07 4.90299177423277e-05 0
1.987242618942022e-05 1.517727321093652e-06 0
1.107018429654478e-05 5.085431946257136e-05 0
1.953844466773111e-05 1.220877415937973e-05 0
1.041482993255533e-05 6.705718879922097e-07 0
3.905446556640713e-05 3.966209401016333e-05 0
1.043168573825799e-05 2.083469648767445e-05 0
4.04619246357343e-05 2.942599291553349e-05 0
1.001998485651261e-05 7.237126762597711e-05 0
1.462365599596149e-05 7.280717797087619e-05 0
1.711085383512978e-05 6.390007204340317e-07 0
3.833730297290273e-05 4.096647418182736e-06 0
7.631271352098626e-06 7.264750146356002e-05 0
2.039085887890962e-05 4.86648185452143e-05 0
1.310537994725704e-05 7.261324963525065e-05 0
3.633316524446359e-05 7.252441928609693e-05 0
3.959887162899943e-05 6.650572077725937e-05 0
4.930275083035452e-05 6.291733168641844e-05 0
4.924605709792139e-05 6.471710733935322e-05 0
4.212502054239111e-05 7.01627439597773e-05 0
4.930444125813771e-05 2.127335691096128e-05 0
2.941935985517434e-05 6.047666434078283e-05 0
4.175299503560123e-05 7.279848006405993e-05 0
4.618559022677752e-05 7.740224255974737e-05 0
8.343016482247069e-07 5.258467115748417e-05 0
7.205852339446621e-07 5.075500187829666e-05 0
4.566195104790189e-06 6.351265430395154e-07 0
4.240212633850429e-05 6.321811083251618e-05 0
6.70289189570399e-07 2.914956093913057e-05 0
1.213451536534243e-05 6.178982932111616e-05 0
4.924955067526934e-05 4.296898408026737e-05 0
4.847519251710949e-05 4.255496134350845e-05 0
2.677025535930957e-05 7.27930095121439e-05 0
4.927463186555357e-05 1.092113269532277e-05 0
8.040777071313777e-06 1.294719862244209e-05 0
4.924837548288692e-05 6.118703703698984e-05 0
3.474028073984597e-05 5.360240555359134e-05 0
8.395270677730303e-06 1.030125541204498e-05 0
6.809404252364296e-07 2.560740330558268e-05 0
3.123839830313288e-05 6.566903551619442e-07 0
4.926327548893754e-05 1.946522331301551e-05 0
7.751487161377052e-06 7.079023190470929e-05 0
8.050944953487416e-07 6.988578661566289e-05 0
1.554790137010817e-06 7.129488514350627e-05 0
1.125326907964046e-05 7.60328868630177e-05 0
1.953311903777438e-05 4.150384908289007e-06 0
1.88035034488559e-05 5.520311056335287e-05 0
4.910802253026284e-05 4.488470308222569e-05 0
2.847270293621344e-05 7.209099628265765e-05 0
4.925584097191031e-05 6.034313084906805e-05 0
4.249036601316018e-05 6.664766830563692e-05 0
4.925978156626691e-05 3.337956115515788e-05 0
4.83893467533238e-05 3.362505127616706e-05 0
2.085853055730946e-05 2.079201927796581e-05 0
7.452717883967924e-07 2.036527089754313e-05 0
7.967783078116208e-07 1.866975342037578e-05 0
4.083518742964663e-05 7.397506552497563e-05 0
4.241543410631296e-05 6.845457014004804e-05 0
3.072686748829947e-05 7.288280453478714e-05 0
7.149304447544117e-07 4.122530864207433e-05 0
7.310966494302952e-07 4.034099297699688e-05 0
4.918880815369837e-05 8.267433240616587e-06 0
6.334099923366301e-07 2.997839412263895e-05 0
8.528507357053868e-07 5.422759691961958e-05 0
4.923979163542368e-05 2.472246803450029e-05 0
2.983303548694683e-05 5.85461597827249e-05 0
7.516245171089253e-07 6.899814814816846e-05 0
4.907411951017392e-05 5.651603206120252e-06 0
3.003738071575533e-05 4.046800258312414e-05 0
4.011507138911145e-05 7.343820493413596e-05 0
4.46842698808709e-06 7.331227475524745e-05 0
2.708747840261828e-05 7.131701538954915e-07 0
2.958246942995871e-05 6.751661160601987e-07 0
7.299745126715406e-07 3.862586047303378e-06 0
3.687481870689401e-05 6.097058574754931e-05 0
4.515885979560649e-05 7.068148866700788e-05 0
2.050829499802982e-05 1.520081706360061e-05 0
3.084809977697469e-05 7.198690766582885e-05 0
1.039110760211567e-05 5.017934881571264e-05 0
4.921706658974924e-05 4.908061159871865e-05 0
7.632362219553254e-07 6.126722431248134e-05 0
3.921781909455827e-05 7.461424514691534e-05 0
1.872978748581699e-05 7.176104690547522e-05 0
3.847715746576959e-05 7.407776602026784e-05 0
1.617464203452496e-05 1.086963161669523e-05 0
2.203599837408293e-05 7.584145233564641e-07 0
9.935827177536518e-06 2.856999934435293e-05 0
4.126035410572025e-05 4.114240528443008e-05 0
1.804720685350416e-05 6.215879799299319e-05 0
4.474867650562725e-05 6.415451076983007e-05 0
3.053818318970181e-05 1.649590327377795e-05 0
3.150493861818144e-05 3.29127977010509e-05 0
1.760424970410755e-05 6.296687713163823e-05 0
2.120747268405176e-05 3.246471237981531e-05 0
3.113098723507394e-05 9.18189826622201e-06 0
1.633242125939379e-05 6.203581214769794e-05 0
4.578777904309342e-05 2.197910888476468e-05 0
4.933743836286232e-05 7.412273178737573e-06 0
3.972162638207827e-05 4.42799623859241e-05 0
1.667026966031565e-05 7.524109654342138e-05 0
6.791486472268042e-07 3.852702735891541e-05 0
8.891605765104331e-06 5.222369004289719e-05 0
7.967947729301619e-06 5.244261408816225e-05 0
1.912093546701075e-05 3.082692968276863e-05 0
1.503364260471694e-06 3.298024691366964e-05 0
4.530846447054669e-05 6.980025484982152e-05 0
1.029321122202252e-05 6.762481055866697e-05 0
4.523276838718172e-05 6.231457111834068e-05 0
4.428032432225556e-05 6.256472328268142e-05 0
1.022788842019153e-05 7.054472164131542e-05 0
4.139695690131677e-06 1.212668050672044e-05 0
4.784275381133856e-06 1.140221525714986e-05 0
4.924837548289058e-05 1.258456790120626e-05 0
1.096712879732993e-05 4.732038467489054e-06 0
3.1454464537167e-05 5.89683649364511e-05 0
2.407147358465933e-06 6.329648562707256e-05 0
2.020473587561155e-05 3.020887121884977e-05 0
1.847434720643039e-05 1.807079426020238e-05 0
3.180039188617796e-05 7.668492559439788e-05 0
3.181384071913718e-05 3.823889005905857e-06 0
4.760342000144965e-06 3.238063276341371e-05 0
3.182584521387967e-05 6.073097533869765e-05 0
1.97746068803453e-05 5.638733818108737e-05 0
9.408968657883453e-06 6.503111870302541e-06 0
3.04657985013221e-05 1.444292162423815e-05 0
4.851760641680971e-05 2.341724028615666e-05 0
4.459126411310447e-05 7.746010683071975e-05 0
1.61461677866713e-05 5.217356846138002e-05 0
4.845299177076292e-05 2.516192853473796e-05 0
3.039626534022586e-05 8.654907202113113e-06 0
4.002052675444611e-05 2.236996343044001e-05 0
4.382331012456524e-05 7.442356228105432e-05 0
7.710159132803581e-06 2.339009582195635e-05 0
1.968935524762533e-05 7.126891140985288e-05 0
3.804477399944751e-05 3.029300020176216e-05 0
4.925874374509624e-05 5.080113618632468e-05 0
4.698068039485213e-05 6.916648237040258e-05 0
3.774894476455459e-05 1.257692594822841e-05 0
3.445383917709798e-05 4.059204114934799e-05 0
9.479908607632934e-06 4.647966503925784e-05 0
1.011613257561976e-05 7.146727365967298e-05 0
7.659058076910934e-07 5.941070615300848e-05 0
7.663009764708421e-07 5.764905881056525e-05 0
4.128371268183309e-05 3.833133096342326e-05 0
4.54622341239282e-05 6.891385052473884e-05 0
4.35755108307495e-05 6.184946495324623e-05 0
3.685736396620737e-05 1.014221680786659e-05 0
4.525414580942376e-06 7.244374571643328e-05 0
1.748788089983557e-05 7.488688786098528e-05 0
7.502991349744289e-07 5.603121203821681e-05 0
4.319842915079314e-05 1.15906171608055e-05 0
4.187709916788285e-05 4.041776787021862e-05 0
1.195901977631782e-05 3.036293357364903e-05 0
3.147008284563521e-05 2.418776266713392e-05 0
5.633735447674565e-06 4.248693314251625e-05 0
1.398551311311962e-05 6.237617065979428e-05 0
3.277150735327093e-05 5.313909094155476e-05 0
3.812301118244999e-05 4.245021999738897e-05 0
4.314285137930117e-05 7.388555271670944e-05 0
2.875129664567598e-05 6.889022182345267e-07 0
3.167997708931083e-05 7.165367110280068e-05 0
4.849643543533734e-05 4.339506172830072e-05 0
1.973858729922835e-05 5.744004465587037e-05 0
2.191736693363839e-05 3.203998971482282e-05 0
1.495065114637999e-06 4.509141461344519e-05 0
7.465775172790065e-06 3.325513995053752e-05 0
1.940937235177478e-05 3.592509004998866e-05 0
3.787627976881065e-05 5.235118103236784e-05 0
1.803588388741562e-05 6.517497329863857e-05 0
3.850295715469972e-05 2.420694598551394e-05 0
4.081387293911761e-05 2.204200260886709e-05 0
4.212084058017239e-05 2.166266752988517e-05 0
7.338560666276037e-07 1.075208956957087e-05 0
1.986606624268443e-05 2.078614207103856e-05 0
4.931124085101727e-05 7.682080115043782e-05 0
7.761962224348265e-07 7.682376276147247e-05 0
3.016904072369559e-05 6.686780946367031e-05 0
4.617272862158598e-05 6.212443746523446e-05 0
3.587737328962119e-05 4.154370480838024e-05 0
2.437946587629505e-05 7.212696081649014e-05 0
3.429333833796484e-05 5.200054742178821e-05 0
2.37349575053961e-05 7.734832888696872e-05 0
4.249148123605771e-05 1.03544734247894e-05 0
3.003846210167304e-05 5.463882903075285e-05 0
4.929376144461181e-05 2.890418418218275e-05 0
4.166025803540684e-05 1.408535400487644e-06 0
4.199943100683835e-05 2.117061108553487e-06 0
9.582839167122134e-06 3.449458937000699e-05 0
9.734091277135869e-06 2.333960497741541e-05 0
1.981617525136426e-06 2.295502654473764e-05 0
4.841625690907964e-05 4.957565821044603e-05 0
4.847082490545291e-05 6.521278758680113e-05 0
1.505843771569452e-05 5.093934324144966e-05 0
2.772878723690532e-05 7.15063930966046e-05 0
1.553675869760544e-05 6.187201842215073e-05 0
2.12689036501065e-05 5.702773957361991e-05 0
4.326149417434034e-05 7.302948925614006e-05 0
1.762164745509692e-05 7.399492213476741e-05 0
4.150869495354637e-05 6.952872219196891e-05 0
7.663332815728235e-07 1.44063412385657e-05 0
1.465567841136009e-06 6.576246923732625e-05 0
4.922177863027589e-05 5.517840362149166e-05 0
1.965914855354434e-05 5.050030071080549e-05 0
4.84135636534873e-05 1.879953033439718e-05 0
3.492631334473497e-05 3.319888911861428e-05 0
3.112246734749105e-05 5.209941771779095e-05 0
1.157824633101777e-05 1.21838655468986e-05 0
4.873475379660464e-05 6.665193563496067e-07 0
2.906012062764965e-05 2.388971814670154e-05 0
1.276768578277966e-06 6.10922156920229e-07 0
3.923823485954965e-05 1.275327197397706e-05 0
1.484806136025117e-05 1.087442250482129e-05 0
9.516342633066408e-06 5.293856341441347e-05 0
1.510774202427972e-06 4.858493206330402e-05 0
4.619783979555392e-05 4.117249293727111e-05 0
3.082787464626427e-05 1.421382258086776e-06 0
8.737168595683175e-06 6.637711648525718e-07 0
2.144933045422498e-05 1.276264673608101e-05 0
3.151026739866402e-05 1.005196797482345e-05 0
1.101624114905251e-05 3.909938770042558e-05 0
8.124327573356695e-06 7.662152753573214e-05 0
4.021323305217799e-05 3.480624023606833e-05 0
3.950394629040144e-05 4.818193497888353e-05 0
4.847698269248947e-05 3.136065179587572e-05 0
1.676836692197101e-06 2.825332735041548e-05 0
1.824684416274855e-05 1.446651684953104e-06 0
1.720499796656488e-05 3.310025396426142e-05 0
4.346629411424516e-05 3.986499093984289e-05 0
2.898126367267975e-05 5.327823487188673e-05 0
1.094840209169471e-05 5.683858735168712e-06 0
1.414804499757431e-06 1.809617514299123e-06 0
1.052198569499621e-05 8.641614569206146e-06 0
2.910819752095876e-05 4.961315341518045e-06 0
3.009780945138001e-05 3.507463018492963e-05 0
3.87749314332214e-05 3.867478743031913e-05 0
3.950378074587504e-05 3.802773278212993e-05 0
1.073181182307643e-05 6.562136686208261e-05 0
8.508537433939139e-06 4.483316732054569e-05 0
1.534046294663853e-06 1.581617075250853e-05 0
2.924660816784924e-05 3.171345089551855e-05 0
2.055476465956373e-05 4.545409362113944e-05 0
1.953058927141577e-05 4.525747852594491e-05 0
2.475366441831325e-05 1.275318815898122e-05 0
2.129391866524836e-05 5.223539076105693e-05 0
4.405644001367143e-05 6.35210752804273e-05 0
3.912369480401186e-05 1.893745851605676e-05 0
1.235281476743253e-05 4.028638770841472e-05 0
2.37623641140152e-05 5.225530814657629e-05 0
2.383170565750227e-06 3.400161283785245e-05 0
4.927894397955541e-05 7.323281676099558e-05 0
1.487953584063526e-05 6.257842208458929e-05 0
2.547282237509479e-05 7.020083999401243e-07 0
2.984438532946068e-05 1.310483377454401e-05 0
9.002146192548692e-06 9.714483168213046e-06 0
3.498044401603786e-05 3.185688732178701e-06 0
4.667724609572187e-05 5.162565407157011e-05 0
3.634045872750923e-05 3.131033187517081e-05 0
7.620901919877931e-07 7.165814942149973e-05 0
2.872139908393033e-05 5.893659424789608e-05 0
1.406622292218862e-05 3.059462273265527e-06 0
4.871032209464603e-05 1.796174078667001e-05 0
4.929896567025828e-05 4.035740740730575e-05 0
1.882106562181126e-05 3.675955955586154e-05 0
7.230350628637438e-07 4.732034982582251e-05 0
3.940909520544591e-06 4.157871229523404e-05 0
4.928738841918411e-05 1.436957861193394e-05 0
1.685921045262807e-06 4.714969242100093e-06 0
2.691242274233248e-05 7.190870106639885e-05 0
4.011102556533467e-05 8.675341773535448e-06 0
1.071476910678594e-05 1.51962650661506e-05 0
1.700178810746454e-05 7.745177129846994e-05 0
2.300444117512661e-05 1.79672769069632e-06 0
1.522680953710961e-06 6.080284444373921e-05 0
3.069791862254453e-05 2.463303468005834e-05 0
2.063751046933174e-05 4.780289007376023e-05 0
2.058483719574754e-05 1.331796816552256e-05 0
3.924825488071366e-05 5.407457598304358e-06 0
5.754155257651664e-06 5.164369171520693e-05 0
2.622336373255507e-06 7.668049629607038e-05 0
4.005642471690958e-05 5.37085476344208e-05 0
4.235321798118819e-05 3.273403608192225e-05 0
1.096413513322928e-05 7.110854465835573e-05 0
4.569242059919985e-05 3.131525283069266e-05 0
4.843446609813763e-05 1.390582232606477e-05 0
2.977109518310469e-05 1.929239905957003e-05 0
3.312091028280369e-05 6.207604159327707e-05 0
3.290462618577325e-05 7.745345119003922e-05 0
1.491926607517131e-05 7.679336024992476e-05 0
5.481711796498251e-06 1.079815655089066e-05 0
3.948782381067378e-06 1.316698825287537e-05 0
4.685740030408724e-05 1.459440911772793e-06 0
4.062412941149205e-06 7.675437604022702e-05 0
9.341719538158718e-06 6.524849308865485e-05 0
3.233221291140208e-05 1.388897568783403e-06 0
4.856130899408459e-05 2.254049744626334e-05 0
9.181742065736698e-06 5.851540043245392e-05 0
1.010047435069495e-05 5.892181130185149e-05 0
6.253287139263532e-07 5.684428615296251e-05 0
3.059303786699969e-05 4.884019708422681e-05 0
2.953600539519563e-05 4.89798699757178e-05 0
3.890636316501753e-05 2.708134294835336e-05 0
3.877822306821557e-05 7.153870334523551e-05 0
3.54094111407132e-05 7.743217316323782e-05 0
4.066095452119701e-05 5.442059591594014e-05 0
4.560231403295267e-05 3.273028855942179e-05 0
2.978496291523831e-05 5.617682126010229e-05 0
7.443990439333267e-06 4.081958931488643e-05 0
2.058365880273929e-05 1.426011964150709e-05 0
1.020859537065371e-05 5.189438238579782e-06 0
9.343869305238574e-06 3.04580153224795e-05 0
1.067080667620601e-05 7.858433175666625e-06 0
4.29099453414535e-06 5.248091139244525e-05 0
4.764210485259553e-05 4.215332805460434e-05 0
3.048892979980836e-05 7.741947067471861e-05 0
1.545804884478003e-05 2.149603831236642e-05 0
1.07015729553197e-05 2.925483004038614e-05 0
2.931293796371638e-05 3.429990751616177e-05 0
7.449566438096204e-06 6.24749882720488e-05 0
2.017154254834442e-06 9.606354696806476e-06 0
4.021689507876985e-05 5.127922800878387e-05 0
3.034786138760285e-05 5.845223919108972e-06 0
4.929523634536037e-05 5.858333333327814e-05 0
1.918239866622958e-05 5.891558747342063e-05 0
3.223010676913971e-05 3.358304942465294e-05 0
1.072284439101108e-05 3.832589370727673e-05 0
2.115028041022476e-05 7.748469543991863e-05 0
4.120681135326915e-05 5.113347282954983e-05 0
2.981828943580541e-05 1.510041650305342e-05 0
3.991168825355674e-05 3.649829643025532e-05 0
4.33419660507758e-05 6.28707753391285e-05 0
3.693223136235086e-05 4.009696130036693e-05 0
2.245178318699843e-06 7.266991269136598e-05 0
6.056025315959347e-06 7.257012384154115e-05 0
2.995519333566799e-05 5.051118465437711e-05 0
1.756159686548141e-05 1.162329474504496e-05 0
2.049713036749884e-05 6.506818960872727e-05 0
2.149844001731523e-05 6.476409501147816e-05 0
2.229105994226866e-05 7.05920915942647e-05 0
9.862547200470628e-06 3.815859121851595e-05 0
1.640445517823833e-05 7.114695871666794e-05 0
2.925253515091167e-05 7.677652754572768e-05 0
3.299382766272334e-05 3.093182519694501e-05 0
2.112759229963941e-05 3.066676254505875e-05 0
1.93939034323401e-05 1.992774233629917e-05 0
3.345981258309819e-05 5.253342207640629e-05 0
4.047367651673134e-05 6.989154905195681e-07 0
1.168378481850988e-05 7.16307526604117e-05 0
4.934294350905818e-06 1.290976736290075e-06 0
4.861690214158055e-05 6.243550735559429e-05 0
8.552792993165001e-06 5.315963609355335e-05 0
3.465923405792449e-05 1.495353923363157e-06 0
1.513120565591658e-06 7.21639628400367e-05 0
3.426333396731408e-05 2.301704427417517e-05 0
1.910765512048305e-05 3.505073903572187e-05 0
1.598917479638553e-05 2.282485551810492e-05 0
3.077146005645338e-05 4.411667584187033e-05 0
2.878931167724326e-05 7.03545325101157e-05 0
1.032444765987187e-05 1.431274024405851e-05 0
1.450751104098061e-06 1.909382716054819e-05 0
3.322905413763621e-05 7.188493650183361e-05 0
4.082599892703232e-05 3.122502967477785e-05 0
1.490656954672924e-06 2.078220401889608e-05 0
3.323058032218841e-05 4.311105121240341e-05 0
3.996923145312915e-05 4.592216158714225e-05 0
3.095287723286173e-05 4.525862661266455e-05 0
2.998125978180174e-05 2.596378795757814e-05 0
1.067550204061598e-05 4.932064522556359e-05 0
2.363961872755555e-06 7.09271736161501e-05 0
1.678788506635484e-05 1.325404206991381e-06 0
7.254236449802946e-06 6.170938207105635e-05 0
1.702905635273786e-05 3.982647733655811e-05 0
2.807045667291903e-05 4.033908796347034e-05 0
2.852014716296585e-05 3.936913041253663e-05 0
2.697676695785214e-05 4.054848659926295e-05 0
1.843606649288254e-05 6.138885479511183e-05 0
2.419030607118447e-05 2.100921839690827e-05 0
2.959786897352358e-05 6.506151557492767e-06 0
2.075485330031739e-05 1.35377547944288e-06 0
1.351030678277971e-05 3.182929299942305e-05 0
3.875912543191807e-05 6.008476064733286e-07 0
2.881567974763164e-05 3.609133969998147e-05 0
2.956070131123863e-05 3.660285404867956e-05 0
2.935603851804982e-05 3.772039441552702e-05 0
4.205292372778931e-05 7.755925965583716e-05 0
2.071149549653959e-05 2.885458820801013e-05 0
6.709869750081007e-07 3.165080098495546e-05 0
3.18455871048627e-05 6.405504761976974e-05 0
1.406083896790342e-06 4.426977846009189e-05 0
4.933081886746168e-05 5.766586204446771e-05 0
4.08984304307788e-05 2.584665472472511e-05 0
6.208719914236748e-06 6.786690865642341e-07 0
3.190284329213464e-05 1.294012302025177e-05 0
4.025134588591154e-05 6.486444988495474e-05 0
1.44211857855786e-06 7.389465640126228e-05 0
3.989401190783225e-05 2.039074283342263e-05 0
4.680092165545477e-05 6.281786013669037e-05 0
3.190401539449203e-05 2.879289616107545e-05 0
4.444361368834689e-05 4.013457733256369e-05 0
4.000771764489263e-05 6.648610815361262e-06 0
4.104190704800516e-05 5.356383409613216e-05 0
4.035998755343514e-05 2.777845652531274e-05 0
4.558449219674186e-05 1.211122624670108e-05 0
1.434493217863412e-06 2.16791588205904e-05 0
1.739121358462577e-05 3.063512852552871e-05 0
4.862491698636477e-05 7.648384046896896e-05 0
6.292845485107701e-06 1.097797889898774e-05 0
4.86252557836188e-05 6.847410353026846e-05 0
1.59035872848433e-06 4.077684605570839e-05 0
2.109238792081612e-05 2.185609715208543e-05 0
2.702494104608019e-05 3.091312802082368e-05 0
3.880619868212382e-05 3.391442395041904e-05 0
2.964558857979647e-05 6.540823787227804e-05 0
4.222588796640278e-05 5.24746917818536e-05 0
2.973056975414593e-05 2.909414013178347e-05 0
4.928325332913445e-05 3.59872058102123e-05 0
9.638123934598447e-06 3.299292743714179e-05 0
1.010184725004516e-05 5.97358058468762e-05 0
1.016532087889305e-05 6.099109713486508e-05 0
2.427266867284234e-05 5.167567005098336e-05 0
6.038337053236966e-07 6.295382202875895e-05 0
3.379841169105168e-05 7.743142704678111e-05 0
6.905843621807929e-06 3.249594598811368e-05 0
4.198186944746067e-05 1.37235637150661e-05 0
2.715342764387466e-05 2.205771161207534e-05 0
3.576021539866536e-05 5.411163600055391e-05 0
3.717087947525578e-05 2.853801434411791e-06 0
2.278862249086406e-05 4.164619941828938e-05 0
4.860292849130348e-05 2.170285721007575e-05 0
2.824940018060144e-05 2.100987267245718e-05 0
3.553424605437368e-05 2.184589905383168e-05 0
4.005640754875733e-05 7.71159461560747e-06 0
4.854354527374254e-05 6.42982579677795e-05 0
3.824500484048149e-05 6.316557021583056e-05 0
4.854210498349112e-05 2.599514577715779e-05 0
2.754358588554389e-05 5.23380945500001e-05 0
1.44826818002791e-05 6.563884921896447e-07 0
1.46687192913523e-06 3.471078104030542e-06 0
1.615469967869329e-05 4.228494420112469e-05 0
3.744459768186825e-05 4.120412137064551e-06 0
6.922465220491688e-06 7.21574950463344e-05 0
3.967705354316763e-05 5.056309684361177e-05 0
4.878355064157584e-05 6.761099811776182e-05 0
3.480973173468136e-05 2.313183847651335e-06 0
2.203642999094857e-05 9.762319675339044e-06 0
7.31902482513303e-07 1.614261356600164e-05 0
1.250066703242195e-05 7.127960115942134e-05 0
1.802064710877197e-05 1.271163413183459e-05 0
2.094043529663263e-05 5.947388650990622e-05 0
2.356347874374219e-05 6.299518117118437e-05 0
2.659564739272733e-05 1.365582653650363e-06 0
7.453388929734184e-06 1.365205363081208e-06 0
3.044860853773261e-05 6.271802850805214e-05 0
3.66983705121602e-05 6.352011370790116e-05 0
4.161213031726339e-05 3.198413915087121e-05 0
3.645384708070475e-05 7.172839988384575e-05 0
9.613734611717515e-06 7.752222093994462e-05 0
3.203299272797841e-05 7.036397727160364e-05 0
4.854612427253814e-05 5.15833055162415e-05 0
4.030512072440327e-05 3.839471609872177e-05 0
2.208374015825131e-05 5.167343968657947e-05 0
4.180108634831962e-05 6.722814089296469e-05 0
1.824209748945701e-05 1.020047080775146e-05 0
2.949666499053206e-05 6.294274822615712e-05 0
4.86091329175303e-05 6.335679012341823e-05 0
4.550665472130093e-06 7.165290746953761e-05 0
9.073717114488675e-06 2.80056920707608e-05 0
2.182454646757598e-05 7.317395331218608e-05 0
8.159492254806508e-06 1.828025251425713e-05 0
5.634285155868749e-07 9.105056824243964e-06 0
3.469596393466324e-05 7.31239335531695e-05 0
4.931062925364198e-05 7.236466364843794e-05 0
3.930722596948611e-05 2.408912718232678e-05 0
3.513554038771063e-05 3.228460513971203e-05 0
3.072468800688971e-05 5.854390326284406e-05 0
4.348559336898835e-05 4.259867895812182e-05 0
3.33769886319184e-05 2.277473708292742e-05 0
3.848343661953513e-05 5.058930458653306e-06 0
1.44510138968772e-05 4.308681048238442e-05 0
3.072337985401215e-05 5.633409372813089e-05 0
1.355538625799774e-05 5.116073191235026e-05 0
5.738480118848094e-06 1.35668351395603e-06 0
8.083253762572785e-07 6.503004282817992e-06 0
4.933980111955775e-05 3.688580246903603e-05 0
2.131314108075501e-05 2.425768027070686e-05 0
4.652390404283998e-05 2.197287921195527e-05 0
1.877412532137521e-05 5.710169213809e-05 0
3.469608073701647e-05 1.242924621791821e-05 0
1.017864945597535e-05 6.095406190204225e-06 0
1.550913831375161e-06 6.193062803694081e-05 0
4.859649302527858e-05 3.218968420707876e-05 0
4.852041378151708e-05 4.169548721913618e-05 0
3.221862449871823e-05 3.028148659076713e-05 0
7.718593940482855e-06 5.335261736640374e-05 0
6.86464658871874e-07 7.511901818678104e-05 0
3.845863039236451e-05 2.574497336856562e-05 0
5.822639936287503e-06 7.680913501803331e-05 0
2.873995011607503e-05 5.418399550607083e-05 0
1.348222374342131e-05 2.285987075356733e-05 0
2.538069619730833e-05 7.755018657193186e-05 0
4.322302360699777e-05 2.854485875765774e-06 0
4.56509884440755e-05 7.679497769953446e-05 0
4.795761720729478e-05 2.129869532972901e-05 0
3.770669677101034e-05 2.195786795989658e-05 0
4.932873907730875e-05 2.629594096665474e-05 0
3.10727802746801e-05 6.673682865841422e-05 0
1.993352971889304e-05 4.620132268306733e-05 0
2.781215258050425e-05 7.749554144450015e-05 0
2.741156849664721e-05 4.265299279690568e-05 0
4.860843620015881e-05 5.992589943439679e-05 0
3.460864451639374e-06 2.284381391608558e-05 0
3.794797398424945e-05 7.189772525890738e-05 0
4.326149489988734e-05 1.386798676663643e-06 0
3.67260562352104e-05 1.344391977858093e-06 0
2.566157163687359e-05 3.179954011043055e-05 0
4.474220653431715e-05 3.280107106512538e-05 0
2.298769263403536e-05 2.665090040483073e-06 0
2.090952697767378e-05 8.57229149652362e-06 0
4.853164979031089e-05 4.420566733476776e-05 0
1.320203117133958e-06 4.773056420806482e-05 0
4.388362855180973e-05 3.292862937340755e-05 0
1.858783036454117e-05 1.989722559549229e-05 0
1.904533626980432e-05 2.482745611116373e-05 0
2.056526403093673e-05 3.4606599384318e-05 0
3.983063635194818e-05 7.67170648449915e-05 0
4.516090189919626e-05 3.356719634626727e-06 0
4.04923911569039e-05 4.683112686718194e-05 0
3.089210105508394e-05 6.424579938223423e-05 0
2.105190576202544e-05 7.261188477897655e-05 0
2.123161261582217e-05 7.17413263464356e-05 0
2.584988129309733e-05 2.089263332278715e-05 0
4.05348005198863e-05 3.313865078915736e-05 0
4.941550661645502e-05 3.858085884171998e-05 0
3.843098653198875e-05 7.864488896477438e-06 0
4.202610859501608e-05 6.594219058671544e-05 0
2.11297887385948e-05 3.845871632115299e-05 0
4.022926940892605e-05 5.963812773347021e-05 0
1.319806195169003e-05 2.212535416427236e-05 0
1.220863574045669e-05 2.194722352730154e-05 0
1.40570423760082e-06 3.887310810498653e-05 0
3.386498358136238e-05 6.180685131828683e-05 0
7.897174401079215e-06 6.76019501853869e-07 0
1.501636679878415e-06 1.98659921047612e-05 0
4.767710935740699e-05 3.102134680861572e-05 0
1.186592344882763e-05 1.096781120344673e-06 0
1.919965887730535e-05 6.68769578525099e-05 0
1.306244077193245e-05 5.278752470967261e-05 0
1.0000921070113e-05 2.638908318435361e-05 0
9.056617609545003e-06 4.557087701569942e-05 0
8.065078602577573e-06 4.258450908323919e-05 0
1.386582652927013e-06 5.338995534574632e-05 0
2.678203513303607e-05 1.289151996512598e-05 0
9.67043303275688e-06 3.742540474045251e-05 0
4.846783346101998e-05 1.993466344230321e-05 0
2.769305403638796e-05 4.111557861199124e-05 0
1.208634058124269e-06 3.714833957602568e-05 0
1.694355408824721e-05 6.361413326153939e-05 0
2.456295670476605e-05 2.756222606814257e-06 0
1.342939066522028e-06 7.557778436287386e-05 0
9.659202627415452e-06 6.711354107021744e-05 0
1.954795661068224e-05 7.024060113509963e-05 0
9.163170895398776e-06 1.321130514182874e-06 0
1.177466217335851e-05 3.51840400829822e-05 0
3.394949924746155e-05 7.251636297499892e-05 0
4.358266878650517e-05 3.055685868771951e-05 0
3.103661402378884e-05 5.208266336916854e-06 0
1.935187254762718e-05 6.92677481252484e-05 0
1.094742065616384e-05 1.359849182104784e-05 0
3.695587094368316e-05 2.995109615174941e-05 0
6.464572628029395e-07 6.613008018774297e-05 0
2.03732709681559e-05 5.234370995546026e-05 0
2.032816434685931e-05 4.713289205283542e-06 0
2.610409834640346e-05 1.183983852530641e-05 0
3.972029753367164e-05 4.908804757125335e-05 0
2.909532703467011e-05 1.976474884752577e-05 0
4.93716838599432e-05 5.425112809210986e-05 0
1.053552526917987e-05 1.664857157119632e-05 0
1.111754817965049e-05 1.608670857937461e-05 0
1.007395826296336e-05 5.803582611443812e-05 0
4.847703011118593e-05 4.932327947564555e-06 0
1.040979224354332e-05 5.51144631998406e-05 0
2.882307867887624e-05 6.784693898059312e-05 0
3.259174956556061e-05 4.104409282215236e-05 0
1.211747308289939e-05 6.088361446382885e-05 0
4.753556055355333e-05 5.203016549267783e-05 0
2.184800264406615e-05 2.332547595724153e-05 0
2.773430477587985e-05 2.290041972538532e-05 0
2.485465636672739e-05 6.275860629065552e-05 0
4.265109993524494e-05 5.169454543265306e-05 0
3.142914084118841e-05 4.135229715696118e-05 0
2.97040226798962e-05 5.761806737187214e-05 0
1.411557765258508e-05 1.104515653756318e-05 0
1.100514236589003e-05 5.574254909703909e-05 0
1.092092284706068e-05 5.861063396920481e-05 0
2.677574614395882e-05 2.198650101076002e-06 0
3.781924167174582e-05 4.034519131899047e-05 0
4.24943657268069e-05 2.092692138540044e-05 0
2.960614165528023e-05 2.746099399165762e-05 0
1.907128203837756e-05 4.336598732856827e-05 0
4.862674399697918e-05 4.001510211738324e-05 0
3.942320618593241e-05 7.032030299795662e-05 0
3.831883594376748e-05 4.981954020374584e-05 0
2.23444068016025e-05 1.439748951183316e-06 0
4.936122671992853e-05 1.766360465779878e-05 0
3.620047163408516e-05 2.353728914950938e-05 0
1.265693720233035e-05 3.926983673911055e-06 0
2.036181962011916e-05 1.598671093524549e-05 0
4.932324583257396e-05 5.237834544164933e-05 0
6.002881820648199e-06 3.619834094783055e-06 0
4.598953246576124e-05 4.200541233758957e-05 0
1.823180287789155e-05 2.297344549247219e-05 0
1.883041367678816e-05 6.071744446573739e-05 0
3.883455379704506e-05 5.936478217173759e-05 0
1.898407837315219e-05 4.61941974830664e-05 0
3.321159314818091e-05 3.327162719654606e-05 0
3.024426990867891e-05 3.811186147527756e-05 0
3.24624449010524e-05 2.251075155502217e-05 0
4.931795891199903e-05 4.824584027784275e-05 0
2.827834004106228e-05 6.158819551282173e-05 0
2.265376322390505e-05 4.086136654825067e-05 0
1.429969056321875e-05 2.259551218209304e-06 0
2.211552329118818e-06 4.532804522293764e-05 0
3.199881706757744e-05 5.483022680814872e-06 0
2.448999272279553e-05 7.294118438642191e-05 0
4.945810881976936e-05 5.60172724385766e-05 0
2.375358515527399e-05 6.072866376623057e-07 0
4.339087474990295e-05 7.679938020385174e-05 0
1.496502096734547e-06 5.022693213013472e-05 0
1.395784216113257e-05 3.34387161207993e-05 0
2.193040521784723e-05 3.117258147629674e-05 0
2.263529527660947e-05 3.167766455737858e-05 0
2.339641037719034e-05 3.136929326954503e-05 0
8.623563840613109e-06 6.352280954840235e-05 0
3.339171015454852e-05 1.20524884271977e-05 0
4.096292040985886e-05 1.268172852720069e-06 0
2.627347308308817e-05 7.149952547921219e-05 0
9.999999999977463e-06 1.274494656321198e-06 0
2.017646634687933e-05 3.824607291881792e-05 0
1.359860778530163e-05 7.751772688068919e-05 0
1.443320115397609e-06 3.98350620666532e-05 0
1.018266650727532e-05 2.500651990387862e-05 0
1.125000000002842e-05 7.757069027176686e-05 0
1.644706045662604e-05 3.361362132890074e-05 0
5.369875103272178e-06 2.199939318254516e-05 0
4.426008740039847e-06 3.145306597260338e-05 0
7.899941294657335e-06 3.237316519403788e-05 0
3.952220004600235e-05 2.93003310341942e-05 0
3.686264742774086e-05 5.284330262785772e-05 0
8.781934141059569e-06 5.458250893649774e-05 0
1.668753026068016e-06 7.682130081075813e-05 0
4.850407414762201e-05 3.460312028991504e-05 0
2.885236346812363e-05 6.228836490669264e-05 0
1.449154774076074e-06 1.013510744701875e-05 0
4.932243252494528e-05 4.124069254576886e-05 0
1.7165009326003e-05 6.214755334413933e-05 0
2.094242369836598e-05 5.328604926177735e-05 0
3.520984839492101e-05 6.367113940080257e-05 0
8.383574245474239e-06 6.49184604416954e-05 0
2.94229896193609e-05 3.870122612397492e-05 0
2.327166861132373e-05 2.123646062080917e-05 0
2.50841530325958e-05 4.172183605170945e-05 0
7.834283027588706e-06 2.164398403318782e-05 0
1.150013691989387e-05 6.849104259184533e-05 0
3.423398440471794e-05 5.282489017329127e-05 0
3.178193147240261e-05 1.148736638441978e-05 0
4.346719338112133e-05 5.099409694636016e-05 0
3.874593866036823e-05 4.163080854915944e-05 0
1.386201197949614e-06 4.169522077116625e-05 0
4.267719561397451e-05 1.301936587423315e-05 0
4.080885709379649e-05 9.045394754225639e-06 0
3.852521138245167e-05 2.938200757077712e-05 0
2.161355522658213e-05 3.560348192832181e-05 0
2.103744496303045e-05 1.990512190161442e-05 0
8.606427938893433e-06 6.96520957548644e-05 0
7.861873553674988e-06 6.987774509548785e-05 0
2.060155703429043e-05 7.12459580785652e-05 0
2.570361375809273e-06 4.078903205727976e-05 0
5.915241526237013e-06 6.302641068516807e-05 0
3.397323887851368e-05 1.367963529853899e-06 0
1.981886585811497e-05 5.143421097459874e-05 0
4.935933091570138e-05 5.676370094314322e-05 0
4.724728353674597e-05 6.343004696929097e-05 0
4.934072165148012e-05 4.565788604004295e-05 0
9.445258610259274e-06 4.372827437165469e-05 0
3.137119934906036e-05 7.746286850283666e-05 0
4.45619787413139e-05 1.094074048325255e-05 0
3.170972373421614e-05 2.967525161423742e-05 0
2.955907588952033e-05 3.08249356077545e-05 0
1.562679333520204e-05 7.16751080183378e-05 0
7.53265374605462e-07 6.736933263366441e-05 0
4.939338610721413e-05 5.35613867162238e-05 0
6.471852290854758e-06 6.217282792339676e-05 0
9.936982309869784e-06 2.422665133793792e-05 0
1.097753889441915e-05 3.936965881951328e-06 0
1.740726389815596e-05 4.090384945913668e-05 0
2.548295493229705e-05 4.103018933264779e-05 0
2.524731147942162e-05 7.077013943601299e-05 0
7.431350325551467e-06 7.683703020284994e-05 0
3.948239508491456e-05 1.446420556235528e-05 0
1.390870680462645e-06 5.120625188401033e-05 0
2.997009260524471e-05 6.903036908957431e-05 0
4.943650339774507e-05 1.517137382791689e-05 0
2.792633061411458e-05 5.180021673009252e-05 0
6.173610861773315e-07 3.680470660937158e-05 0
3.189875379437838e-05 2.555202205464186e-05 0
6.571562983591647e-06 5.104891779490438e-05 0
4.054897343292477e-05 4.428271111079013e-05 0
2.05903545640384e-05 2.739430348597257e-05 0
3.252940112566391e-05 4.026826486841449e-05 0
3.97930213291932e-05 6.41179833336556e-05 0
7.031171528930544e-07 1.69816109474068e-05 0
3.944071597933367e-05 5.755714660568247e-05 0
2.17883791484703e-05 4.321416841635884e-05 0
8.693412673210021e-06 1.650866995565592e-05 0
9.562899965463495e-06 1.772270718169928e-05 0
1.363156819767912e-06 3.109346830502155e-05 0
2.640399668397322e-05 6.314167436168959e-05 0
2.460751725383012e-05 2.161506142975355e-05 0
1.021030599910724e-05 4.707093759654877e-05 0
3.129074938991656e-06 3.340898628049114e-05 0
3.573478451821853e-05 2.275916898737677e-05 0
2.064728734096764e-05 1.769762388766705e-05 0
6.563899078946342e-07 7.513830295093549e-06 0
4.325781869519026e-05 2.314498192673172e-05 0
2.886122293878659e-05 5.988532377524349e-05 0
4.159755619866203e-05 2.71829770674873e-06 0
4.026206768115529e-05 1.483688257422724e-05 0
4.937434245812339e-05 2.757249106868378e-05 0
1.399384860369215e-05 1.198741133753067e-05 0
3.269878621139208e-05 3.959761118284131e-06 0
3.565523224147305e-05 7.19895231235781e-05 0
6.536106816589959e-07 3.589422626046209e-05 0
3.229732966485736e-05 1.013854449942859e-05 0
4.928577977610261e-05 3.509112802528018e-05 0
3.154896871553379e-05 1.081858471000955e-05 0
3.882890310780751e-06 3.285977399558605e-05 0
4.700867121706971e-05 3.070089815093386e-05 0
1.35011802939592e-06 4.256186059700387e-05 0
4.468113374285605e-05 4.095584931208659e-05 0
1.857988364974368e-05 3.771901384903499e-05 0
2.387728301758421e-05 3.191361279866558e-05 0
4.085722716775331e-05 2.865528993617223e-05 0
2.797885862942987e-05 5.443111176309739e-05 0
1.358067174026244e-06 2.255329038084281e-05 0
4.406262776641932e-05 1.345222455253895e-06 0
2.679097430214475e-05 7.676967252457383e-05 0
1.027185073420871e-05 3.478626245024344e-05 0
3.886435452112945e-05 4.425947748706418e-05 0
7.785714957125057e-06 2.440185260940703e-05 0
4.178008019459163e-05 6.881207549832397e-05 0
9.841570752099145e-06 3.609666784323209e-05 0
1.916666666661838e-05 1.25495070349381e-06 0
8.945198530518949e-06 1.815061123262665e-05 0
1.832130032051308e-05 6.94901822956399e-05 0
1.340031363097531e-06 2.514108648678512e-05 0
4.451822363049674e-05 6.279117987444783e-07 0
2.092396762521478e-05 4.309492417478881e-05 0
2.908461432180048e-05 2.066515872780968e-05 0
1.079858870953286e-05 1.248668662105993e-06 0
2.786327054705904e-05 6.245255546846938e-05 0
1.875582864441533e-05 7.75631911532561e-05 0
3.877545649774768e-05 1.410118804486099e-05 0
4.843940893050551e-05 1.602539586739005e-05 0
1.625000000004167e-05 7.759714389046891e-05 0
9.516789485190033e-06 6.14409565801973e-05 0
3.499244667088132e-05 7.688094030538268e-05 0
3.652596613128974e-05 4.096503547174746e-05 0
3.506150460913405e-05 4.123257935235044e-05 0
4.282361152697478e-05 2.139161459900914e-06 0
9.541904163067553e-06 2.956454751302002e-05 0
3.738810714064764e-05 1.3272606781688e-06 0
4.337192837522093e-05 1.239044315582502e-05 0
3.707758580989279e-06 6.217829506795407e-05 0
3.133733099689446e-06 6.350813074201765e-05 0
2.834342191989285e-05 1.283339518013323e-06 0
2.4094556654246e-05 1.219215511780491e-05 0
2.905845173540066e-05 4.814541901262684e-05 0
1.155244447424466e-05 4.919804373064949e-05 0
3.660423582444119e-05 6.024247297533065e-05 0
1.131007624153279e-05 2.036047946441152e-05 0
4.866261507928738e-05 7.182926678618308e-05 0
4.942309435698774e-05 3.775370370360108e-05 0
4.004446309453637e-05 5.750833682768713e-06 0
1.561336802488486e-05 6.376402714108065e-07 0
2.025747765369329e-05 4.705220078902325e-05 0
5.726622302358811e-07 2.736037637139101e-05 0
8.922892475314561e-06 3.223625960878227e-05 0
1.650598186442148e-05 3.75168288179623e-06 0
3.341152125052061e-06 1.277472218240198e-06 0
3.980434039212575e-05 4.736560136732047e-05 0
2.850512440175869e-05 2.45037022660516e-05 0
8.772053124946089e-06 8.976249875520547e-06 0
1.194818159804102e-05 2.277008266086511e-05 0
2.731305112556219e-05 6.340210615044895e-05 0
3.040127898581055e-05 3.70140882592461e-05 0
4.944254731522083e-05 6.738470702887761e-05 0
3.699435409055975e-05 1.274662421936599e-05 0
2.664581904257241e-05 3.1653393814868e-05 0
1.355952332128535e-06 4.344668952264208e-05 0
2.516194704800221e-06 1.253129300736168e-06 0
2.292120962960441e-05 7.758020467882735e-05 0
2.043700274592524e-05 5.695525047872995e-05 0
3.544615564507033e-05 3.086495123474633e-05 0
4.110207751984578e-05 9.804259641456511e-06 0
1.945902482338628e-05 4.423298603094033e-05 0
2.685453421646596e-05 3.124692100851398e-06 0
3.765119651713471e-05 4.320867300696884e-05 0
2.274286512502603e-05 2.363630471656477e-05 0
1.170104775278687e-05 5.409317319845225e-05 0
9.514984499703617e-06 6.236829591082145e-05 0
4.040139606692882e-06 6.272936080246629e-05 0
4.009320366719948e-05 4.98396401239258e-05 0
4.877306569087843e-05 2.810490431286523e-05 0
1.258808056724192e-05 7.683778089659218e-05 0
2.96393867419773e-05 3.963032421087632e-05 0
4.946369800470151e-05 1.691055755794329e-05 0
4.639112847627253e-05 2.370593064043077e-05 0
2.729635197273501e-05 6.03831631952301e-05 0
7.00496612016136e-06 3.956289968931064e-05 0
2.856559167770963e-05 6.057912122851685e-05 0
2.327422120333472e-05 7.344952548781439e-05 0
1.310113411544062e-06 5.204349002925378e-05 0
3.174310608839333e-05 4.524907105050424e-05 0
3.720303584632044e-05 7.143384651818628e-05 0
4.115050857449322e-05 1.612756958687205e-05 0
3.710753244864008e-05 7.758509750045608e-05 0
1.323963295500893e-05 1.31614083163911e-05 0
2.928996519539336e-05 4.441978735242309e-05 0
1.401969429235819e-06 5.490308190406965e-05 0
4.542452479334344e-05 2.132817872595011e-05 0
3.086390150003367e-05 4.060490737593751e-05 0
1.123287922848994e-05 2.990738282231733e-05 0
4.940942486864754e-05 7.751459871871289e-05 0
5.888496813672824e-07 7.752337740932024e-05 0
6.290461980118338e-06 7.046209084150353e-05 0
3.852013753724097e-05 6.88932659978317e-05 0
3.864156510052179e-05 6.120261199109242e-05 0
8.538579495479892e-06 3.076561616071762e-05 0
1.272311995614897e-06 3.472316790516568e-05 0
1.677158826589527e-05 1.313519047984788e-05 0
5.053942318297748e-06 1.212608250253853e-05 0
4.851312424112332e-05 6.365724929024652e-06 0
2.01263908254683e-05 3.748069647073236e-05 0
4.063527762513436e-05 4.450961385101951e-06 0
4.942081935983264e-05 5.780418097218675e-07 0
1.477994192714971e-05 7.75029352991657e-05 0
5.961141555370783e-07 5.955586072121648e-07 0
3.329572099924454e-05 6.136464825335104e-05 0
1.394119887621262e-06 6.851953527959733e-05 0
8.217348835156378e-06 3.152953161785126e-05 0
4.872138546690952e-05 6.166746517289921e-05 0
4.819183188393392e-05 2.981187538573703e-05 0
4.861406972645551e-05 1.144018379283786e-05 0
4.745678009892303e-05 5.279231240246517e-05 0
4.865645373278956e-05 7.56794387321011e-05 0
3.263398925555621e-05 6.055721730136205e-05 0
4.936517054180958e-05 6.620328654084407e-05 0
1.252975056924032e-05 4.343859997229254e-05 0
3.654717203024195e-05 7.102255572941547e-05 0
7.972830786412544e-06 2.015711745209135e-05 0
3.138284018843935e-05 4.891343404653594e-05 0
3.116728000763923e-06 7.060257048319118e-05 0
3.547621707535735e-05 1.144494287423242e-05 0
4.791011683030995e-05 7.756110696577348e-05 0
1.323437896251803e-05 7.098738207084139e-05 0
4.788645662319574e-05 3.501866454545004e-05 0
3.294985610850778e-05 3.003050918881336e-05 0
2.349284649025269e-05 3.967903061249143e-05 0
2.286081779346894e-05 6.30030645765142e-05 0
1.747544235365968e-05 2.279846923939386e-05 0
2.014232189492905e-05 6.796681437862322e-06 0
2.624592040881089e-06 2.996470852755083e-05 0
1.288930982706997e-06 2.966634814511998e-05 0
5.068393174745044e-07 6.46586419753352e-05 0
6.751711588330454e-06 1.036964559173324e-05 0
1.400814145682537e-06 5.89018999478767e-05 0
2.266196279537237e-06 3.370899828917902e-06 0
4.508938186821903e-05 5.198365189811144e-05 0
4.553469329071647e-05 1.29182824113081e-06 0
7.403696944221932e-06 5.162828930339137e-05 0
2.338429149596232e-05 1.068416968058219e-05 0
4.257297424436265e-05 2.217905930152371e-05 0
1.826795499456432e-05 1.455631542748311e-05 0
2.527229731623711e-05 3.332612050354335e-05 0
2.436639780901069e-05 7.681644662806859e-05 0
2.89728918929194e-05 2.874740494029082e-05 0
2.625691491393457e-05 4.105629994356422e-05 0
1.888371407806411e-05 4.476567432641591e-05 0
4.755297485200862e-05 1.250342352459067e-06 0
1.309497910029541e-06 3.796041010579758e-05 0
3.186999328747262e-05 5.190714589570969e-05 0
1.086513816194251e-05 1.083804023015134e-05 0
1.439870662991212e-06 1.326916729124798e-05 0
9.09570661236333e-06 3.805748310942592e-05 0
2.259964445974154e-05 3.998861766790766e-05 0
1.531509916190681e-05 5.171175338040473e-05 0
3.972705275823851e-05 2.70265786650665e-05 0
1.93178266252865e-05 7.648382527477211e-05 0
2.248208060908842e-05 2.151115576148171e-05 0
1.298261557238309e-06 2.343026719258978e-05 0
3.924792847838013e-05 2.266956648587762e-05 0
4.166666666658399e-06 1.222823925712115e-06 0
1.950449680674457e-05 5.014322945135003e-06 0
2.68165029802904e-05 3.38338336161321e-05 0
2.725873160975047e-05 1.06051111607276e-05 0
3.433768011751738e-05 2.384687794670687e-05 0
3.789915330612813e-05 5.05464850755762e-05 0
2.244154797464972e-06 6.047176399315366e-05 0
3.137545872493723e-05 2.49924789189589e-05 0
4.160907124057233e-05 5.012190184932992e-06 0
3.642149181750746e-05 3.214370094098298e-05 0
4.150224241704377e-05 3.948307313829104e-05 0
4.864020859020717e-05 2.086948820854653e-05 0
1.837009823962875e-05 3.496040008003787e-05 0
3.591817677768388e-05 1.276909208232855e-06 0
1.406888393810553e-05 2.322845430891173e-05 0
1.331666881503067e-05 6.286572085737907e-05 0
3.010134689565678e-05 1.850422149301835e-05 0
4.87118139667064e-05 3.292833699431508e-05 0
2.508399638907194e-05 2.089552425021497e-05 0
3.322292804911438e-05 2.202487906954292e-05 0
4.946323275012006e-05 9.117586580745661e-06 0
4.041157527654968e-05 1.668315966115696e-05 0
1.273466811666843e-06 4.944745090303153e-05 0
2.126275001401326e-05 2.268964866306395e-05 0
3.612816385976017e-06 2.218975706771217e-05 0
2.063937847350699e-05 7.868689954689984e-06 0
2.97226332268247e-05 2.828891202762931e-05 0
3.922661638655307e-05 4.981216477816738e-05 0
3.987121271501882e-05 5.696843629102764e-05 0
1.215940879680125e-05 2.088954373856461e-05 0
9.547051403443456e-06 4.818572729797099e-06 0
4.946874373093454e-05 4.733499652854147e-05 0
1.864571602239775e-05 4.478738875728013e-06 0
3.655841861178241e-05 5.057435792073464e-05 0
3.035872935273121e-05 6.974727248696863e-05 0
3.858133339252577e-05 7.675425201367019e-05 0
2.28812373393571e-05 3.461429697486831e-06 0
1.379985467028228e-05 3.631776945318881e-06 0
1.148380575450396e-05 1.299822859458241e-05 0
1.120782421196795e-05 6.511856176486998e-05 0
1.980421729452053e-05 5.480436054394995e-05 0
4.358659641231372e-05 1.319708576282015e-05 0
2.439296355949578e-05 3.399750999370407e-05 0
4.110253847446257e-05 5.49633470196458e-05 0
1.288037450809851e-05 3.984231503465206e-05 0
1.342233097027511e-06 4.137660769419934e-06 0
3.14267518210809e-05 1.929475390300495e-05 0
5.627638354178111e-06 4.320735706282986e-05 0
2.652053100340255e-05 3.977486155287399e-05 0
1.282065936126558e-06 7.625164895330128e-05 0
9.820127059744729e-06 6.91264778391181e-05 0
4.249668275677747e-05 3.970906495056969e-05 0
1.954599710293793e-05 6.622874846081521e-05 0
1.598640437475547e-05 2.200531556423502e-05 0
2.749095955743224e-05 3.151610897192092e-05 0
1.908641938411308e-05 2.56811269130455e-05 0
2.378063562082553e-05 6.072209511476304e-05 0
8.612788961341445e-06 4.621143240763303e-05 0
1.990518034761387e-05 2.468942025840103e-05 0
3.000138844031509e-05 1.235838000638776e-06 0
1.532127871329089e-05 4.199210751053441e-05 0
1.948936672754466e-05 5.234929195521255e-05 0
1.064334903755477e-05 2.446137378134698e-05 0
2.252971716095817e-05 3.24409204970017e-05 0
2.553878883271139e-05 5.212445728646773e-05 0
1.900442117180526e-05 3.364944166189964e-05 0
4.637258609493053e-05 4.044140856768629e-05 0
1.026794967012723e-05 1.81621570146594e-05 0
3.121202829380233e-05 1.372902824541025e-05 0
1.366483039748488e-05 5.321998033854076e-05 0
4.797161275232165e-05 1.116723786011763e-05 0
3.374890473331622e-05 7.043578220418456e-05 0
1.325371433956318e-06 2.434009291829126e-05 0
4.018258360834695e-05 7.03025826427701e-05 0
4.869186722467404e-05 1.212740135060541e-05 0
3.193061168654676e-05 5.820650837470373e-05 0
2.938447734749513e-05 4.197332445467647e-06 0
1.866680972714228e-05 6.546738331102005e-05 0
3.816448036595248e-05 2.721785645517563e-05 0
1.895498064093443e-05 5.442459826626713e-05 0
4.354485811513121e-06 5.079146868331085e-05 0
6.435183927084625e-07 5.602252637289551e-06 0
1.979109391593629e-05 3.07811575812787e-05 0
2.80950476133356e-06 2.253341299526104e-05 0
1.267656661397203e-06 2.600117284140496e-05 0
1.059195968439909e-05 4.560185861243752e-05 0
4.307542355702654e-05 1.087310334978172e-05 0
1.94774526846518e-05 5.560890266772642e-05 0
1.527071131563866e-05 3.871897611580155e-06 0
1.053716105638206e-05 1.026439253721778e-05 0
3.221773395450709e-05 2.392701856705387e-05 0
3.217855058757598e-05 5.369270394629447e-05 0
1.979322584001416e-05 2.863760660329213e-05 0
4.080754153459376e-05 1.86826611129149e-05 0
3.007779584196439e-05 6.760680261509218e-05 0
2.608203880115312e-05 6.258182252787688e-05 0
4.033843851603579e-05 3.579560294204769e-05 0
3.950532493507692e-05 5.626124514594775e-05 0
2.037352836167733e-05 4.264692462018024e-05 0
1.457543878765962e-05 1.254938511641654e-05 0
4.979532211094655e-06 5.13915868238419e-05 0
1.973182721627673e-05 6.745242172409516e-05 0
3.821098996220009e-05 6.385175187050731e-05 0
4.491054645667732e-06 2.189277942797425e-05 0
8.351949638178386e-06 2.388419637629242e-05 0
7.912151854976679e-06 1.08928884506801e-05 0
9.211280323540388e-06 2.623945257008473e-05 0
3.094162625744551e-05 1.592449435302009e-05 0
2.591875751029368e-05 1.222708162808667e-06 0
1.050536307575199e-05 9.536688706065157e-06 0
3.69357862315079e-05 2.20531505631872e-05 0
2.164818123845398e-05 6.407153214459857e-05 0
2.041821689405469e-05 7.76268882417613e-05 0
2.226418094380008e-05 5.255199219529261e-05 0
3.970815277162031e-05 5.921462664279352e-05 0
3.333333333340938e-06 7.693350618629404e-05 0
3.790244943209448e-05 5.547803093444403e-06 0
1.000531139981915e-05 6.566999172580343e-05 0
3.073737750094089e-05 4.19974104928361e-05 0
1.835552924831619e-05 1.732815418459912e-05 0
3.845548888656865e-05 4.307525146868772e-05 0
3.89099469269188e-05 6.674813023973045e-05 0
1.899024633078849e-05 3.22181321737687e-05 0
3.850473471331709e-05 1.241103229286522e-05 0
3.24917496390626e-05 7.69233879209377e-05 0
3.076168560330724e-05 4.622631315911493e-05 0
4.110390115091718e-05 7.682101320901296e-05 0
1.271802475472881e-06 7.67542331296272e-06 0
3.103186872381137e-05 2.985488815197083e-05 0
2.472466419615353e-05 3.271035218918613e-05 0
2.961741622871709e-05 5.551201877184245e-06 0
1.511932355576421e-05 6.132601621212091e-05 0
1.549774786711094e-05 1.10496245902244e-05 0
2.612514388571346e-06 3.461923283041345e-05 0
4.023854609996649e-05 4.857929905615274e-05 0
3.652947451026999e-05 5.367476887840034e-05 0
3.567043840025932e-05 3.170896306692629e-05 0
1.785354772319427e-05 1.85578853826259e-05 0
5.86838750278524e-06 6.151726616361708e-05 0
2.8986966482365e-05 7.752623593697718e-05 0
1.308869967881568e-06 2.889266974296563e-05 0
2.400776236021907e-05 5.301027947503899e-05 0
2.233955410305678e-05 1.272461553090637e-05 0
2.254452903745561e-06 5.00639321051928e-05 0
6.990911212149799e-06 3.096731261789173e-05 0
3.005124263450413e-05 1.592142371843635e-05 0
3.16007427825977e-05 4.662108161341361e-06 0
3.399751574051217e-05 3.299821519724832e-05 0
1.680228556502975e-05 6.146744211409634e-05 0
2.931111955340415e-05 9.714724913638834e-06 0
2.69765385314224e-05 5.257660007617195e-05 0
2.001550490075863e-05 8.330323342527669e-06 0
2.093496971776169e-06 4.38944370087978e-05 0
1.315668407808203e-06 1.740524465064494e-05 0
2.951989495221638e-05 4.988276239041705e-05 0
3.539504680939904e-05 1.033912683090198e-05 0
2.727908235924134e-06 4.428806743677302e-05 0
2.030408016353204e-05 2.675275364787619e-05 0
2.025245803278115e-05 6.870416051263745e-05 0
1.309771006608742e-05 6.156805787453019e-07 0
2.134675327753228e-05 3.491812884373107e-05 0
3.852802838986419e-05 4.024348067486675e-05 0
1.381240925675225e-05 1.692311298124961e-06 0
1.772962975995799e-05 4.186326206281833e-05 0
2.228298472117071e-05 5.337694537206902e-05 0
6.503458957829377e-06 4.188723188886122e-06 0
1.78911595162415e-05 6.450829031150042e-05 0
4.374256025411528e-05 5.248875069425571e-05 0
3.919225272640057e-05 7.692556021853816e-05 0
3.646621620995695e-05 3.337534375554441e-05 0
1.368697049243044e-05 3.116904149303898e-05 0
1.688675382749378e-05 1.098310589996627e-05 0
1.661596213284007e-06 1.178676522472803e-06 0
2.702897703479478e-06 4.039113590034176e-06 0
5.406754680567595e-06 1.323762200890579e-05 0
6.879114536115635e-06 5.025673659668909e-05 0
3.770118062558955e-05 5.309634308031425e-05 0
4.261835342720231e-06 2.100415310579327e-05 0
1.743622727718219e-05 5.298407786912237e-05 0
3.038147609584215e-05 1.366577936902121e-05 0
4.170646462704688e-05 2.868161861352053e-05 0
1.86349364817432e-05 5.230822631656145e-05 0
3.343114555352455e-05 3.175850975249562e-05 0
1.196804700345026e-05 5.354454536181126e-07 0
1.041909588926693e-05 2.570209688388204e-05 0
6.833129423628695e-06 2.33767044471686e-05 0
1.275261126842925e-06 5.228210041116037e-06 0
2.190214641983824e-05 6.995290155896893e-05 0
1.197126414728483e-06 3.038171024719866e-05 0
3.558026145170836e-05 6.304820023418997e-05 0
3.943741825806213e-05 3.720033016890986e-05 0
3.955323911162727e-06 3.375594599469277e-05 0
4.577539841333028e-05 4.269461518658211e-05 0
4.874630252434336e-05 7.114068088317055e-05 0
7.688790532483694e-06 4.162410655804066e-06 0
4.869335353417981e-05 5.453345466459096e-05 0
3.165762946840013e-05 7.088824758362475e-05 0
1.985846816462389e-05 1.291774861760525e-05 0
2.46757063337204e-05 3.569520254118699e-06 0
9.034621324036981e-06 3.604698506517589e-05 0
4.499330411921682e-05 7.695960085434368e-05 0
1.178177276672004e-05 3.909968698317503e-05 0
8.778239124168847e-06 6.883358530138629e-06 0
7.806459075800069e-06 4.497166747606863e-05 0
4.630281464792075e-06 1.351725086085191e-05 0
3.725164621431417e-05 5.412894854633281e-05 0
2.969784081149932e-05 8.211114656168935e-06 0
2.962247360340065e-05 6.81163367433442e-05 0
1.749999999995617e-05 1.171075741425274e-06 0
4.769434867068137e-05 2.002270858515387e-05 0
1.898796325575346e-05 1.687676314646671e-05 0
2.089232880056849e-05 2.824235646818288e-05 0
2.154707346481557e-05 3.78276789806267e-05 0
4.288184155610068e-05 3.545424599280147e-06 0
1.885443556205206e-05 6.251000404099128e-06 0
2.692762012579409e-05 3.947088440636658e-06 0
2.904318645658068e-05 3.030537050965939e-05 0
5.413952785453545e-06 4.058591501239598e-06 0
3.811543649780255e-06 2.005761155309545e-06 0
4.464446668292328e-05 2.249698860614324e-05 0
4.081666333374924e-05 4.986269469205072e-05 0
1.029417374888081e-05 5.634353307251616e-05 0
1.172706405394132e-05 9.512654050691973e-06 0
2.21206644343107e-05 1.050578100527781e-05 0
3.947948276380828e-05 6.545954762261858e-05 0
4.361813550128003e-05 2.977462826032709e-05 0
8.120492953614062e-06 4.996196124380247e-05 0
3.164369035488867e-05 1.193540449233261e-06 0
1.12374745894081e-05 3.784620081953376e-05 0
3.089941244580179e-05 3.461038556494122e-05 0
2.200810890835785e-05 5.085791646189893e-05 0
2.92721368897411e-05 5.465888308364805e-05 0
2.963641733799473e-05 3.578149376180518e-05 0
3.875309591907643e-05 6.521926083860035e-05 0
3.366398533898998e-05 4.113785542686267e-05 0
3.62238907562425e-05 2.218547704524432e-05 0
4.22242097881564e-05 2.388238529103152e-05 0
2 202 0 2773
4562
4563
4564
4565
4566
4567
4568
4569
4570
4571
4572
4573
4574
4575
4576
4577
4578
4579
4580
4581
4582
4583
4584
4585
4586
4587
4588
4589
4590
4591
4592
4593
4594
4595
4596
4597
4598
4599
4600
4601
4602
4603
4604
4605
4606
4607
4608
4609
4610
4611
4612
4613
4614
4615
4616
4617
4618
4619
4620
4621
4622
4623
4624
4625
4626
4627
4628
4629
4630
4631
4632
4633
4634
4635
4636
4637
4638
4639
4640
4641
4642
4643
4644
4645
4646
4647
4648
4649
4650
4651
4652
4653
4654
4655
4656
4657
4658
4659
4660
4661
4662
4663
4664
4665
4666
4667
4668
4669
4670
4671
4672
4673
4674
4675
4676
4677
4678
4679
4680
4681
4682
4683
4684
4685
4686
4687
4688
4689
4690
4691
4692
4693
4694
4695
4696
4697
4698
4699
4700
4701
4702
4703
4704
4705
4706
4707
4708
4709
4710
4711
4712
4713
4714
4715
4716
4717
4718
4719
4720
4721
4722
4723
4724
4725
4726
4727
4728
4729
4730
4731
4732
4733
4734
4735
4736
4737
4738
4739
4740
4741
4742
4743
4744
4745
4746
4747
4748
4749
4750
4751
4752
4753
4754
4755
4756
4757
4758
4759
4760
4761
4762
4763
4764
4765
4766
4767
4768
4769
4770
4771
4772
4773
4774
4775
4776
4777
4778
4779
4780
4781
4782
4783
4784
4785
4786
4787
4788
4789
4790
4791
4792
4793
4794
4795
4796
4797
4798
4799
4800
4801
4802
4803
4804
4805
4806
4807
4808
4809
4810
4811
4812
4813
4814
4815
4816
4817
4818
4819
4820
4821
4822
4823
4824
4825
4826
4827
4828
4829
4830
4831
4832
4833
4834
4835
4836
4837
4838
4839
4840
4841
4842
4843
4844
4845
4846
4847
4848
4849
4850
4851
4852
4853
4854
4855
4856
4857
4858
4859
4860
4861
4862
4863
4864
4865
4866
4867
4868
4869
4870
4871
4872
4873
4874
4875
4876
4877
4878
4879
4880
4881
4882
4883
4884
4885
4886
4887
4888
4889
4890
4891
4892
4893
4894
4895
4896
4897
4898
4899
4900
4901
4902
4903
4904
4905
4906
4907
4908
4909
4910
4911
4912
4913
4914
4915
4916
4917
4918
4919
4920
4921
4922
4923
4924
4925
4926
4927
4928
4929
4930
4931
4932
4933
4934
4935
4936
4937
4938
4939
4940
4941
4942
4943
4944
4945
4946
4947
4948
4949
4950
4951
4952
4953
4954
4955
4956
4957
4958
4959
4960
4961
4962
4963
4964
4965
4966
4967
4968
4969
4970
4971
4972
4973
4974
4975
4976
4977
4978
4979
4980
4981
4982
4983
4984
4985
4986
4987
4988
4989
4990
4991
4992
4993
4994
4995
4996
4997
4998
4999
5000
5001
5002
5003
5004
5005
5006
5007
5008
5009
5010
5011
5012
5013
5014
5015
5016
5017
5018
5019
5020
5021
5022
5023
5024
5025
5026
5027
5028
5029
5030
5031
5032
5033
5034
5035
5036
5037
5038
5039
5040
5041
5042
5043
5044
5045
5046
5047
5048
5049
5050
5051
5052
5053
5054
5055
5056
5057
5058
5059
5060
5061
5062
5063
5064
5065
5066
5067
5068
5069
5070
5071
5072
5073
5074
5075
5076
5077
5078
5079
5080
5081
5082
5083
5084
5085
5086
5087
5088
5089
5090
5091
5092
5093
5094
5095
5096
5097
5098
5099
5100
5101
5102
5103
5104
5105
5106
5107
5108
5109
5110
5111
5112
5113
5114
5115
5116
5117
5118
5119
5120
5121
5122
5123
5124
5125
5126
5127
5128
5129
5130
5131
5132
5133
5134
5135
5136
5137
5138
5139
5140
5141
5142
5143
5144
5145
5146
5147
5148
5149
5150
5151
5152
5153
5154
5155
5156
5157
5158
5159
5160
5161
5162
5163
5164
5165
5166
5167
5168
5169
5170
5171
5172
5173
5174
5175
5176
5177
5178
5179
5180
5181
5182
5183
5184
5185
5186
5187
5188
5189
5190
5191
5192
5193
5194
5195
5196
5197
5198
5199
5200
5201
5202
5203
5204
5205
5206
5207
5208
5209
5210
5211
5212
5213
5214
5215
5216
5217
5218
5219
5220
5221
5222
5223
5224
5225
5226
5227
5228
5229
5230
5231
5232
5233
5234
5235
5236
5237
5238
5239
5240
5241
5242
5243
5244
5245
5246
5247
5248
5249
5250
5251
5252
5253
5254
5255
5256
5257
5258
5259
5260
5261
5262
5263
5264
5265
5266
5267
5268
5269
5270
5271
5272
5273
5274
5275
5276
5277
5278
5279
5280
5281
5282
5283
5284
5285
5286
5287
5288
5289
5290
5291
5292
5293
5294
5295
5296
5297
5298
5299
5300
5301
5302
5303
5304
5305
5306
5307
5308
5309
5310
5311
5312
5313
5314
5315
5316
5317
5318
5319
5320
5321
5322
5323
5324
5325
5326
5327
5328
5329
5330
5331
5332
5333
5334
5335
5336
5337
5338
5339
5340
5341
5342
5343
5344
5345
5346
5347
5348
5349
5350
5351
5352
5353
5354
5355
5356
5357
5358
5359
5360
5361
5362
5363
5364
5365
5366
5367
5368
5369
5370
5371
5372
5373
5374
5375
5376
5377
5378
5379
5380
5381
5382
5383
5384
5385
5386
5387
5388
5389
5390
5391
5392
5393
5394
5395
5396
5397
5398
5399
5400
5401
5402
5403
5404
5405
5406
5407
5408
5409
5410
5411
5412
5413
5414
5415
5416
5417
5418
5419
5420
5421
5422
5423
5424
5425
5426
5427
5428
5429
5430
5431
5432
5433
5434
5435
5436
5437
5438
5439
5440
5441
5442
5443
5444
5445
5446
5447
5448
5449
5450
5451
5452
5453
5454
5455
5456
5457
5458
5459
5460
5461
5462
5463
5464
5465
5466
5467
5468
5469
5470
5471
5472
5473
5474
5475
5476
5477
5478
5479
5480
5481
5482
5483
5484
5485
5486
5487
5488
5489
5490
5491
5492
5493
5494
5495
5496
5497
5498
5499
5500
5501
5502
5503
5504
5505
5506
5507
5508
5509
5510
5511
5512
5513
5514
5515
5516
5517
5518
5519
5520
5521
5522
5523
5524
5525
5526
5527
5528
5529
5530
5531
5532
5533
5534
5535
5536
5537
5538
5539
5540
5541
5542
5543
5544
5545
5546
5547
5548
5549
5550
5551
5552
5553
5554
5555
5556
5557
5558
5559
5560
5561
5562
5563
5564
5565
5566
5567
5568
5569
5570
5571
5572
5573
5574
5575
5576
5577
5578
5579
5580
5581
5582
5583
5584
5585
5586
5587
5588
5589
5590
5591
5592
5593
5594
5595
5596
5597
5598
5599
5600
5601
5602
5603
5604
5605
5606
5607
5608
5609
5610
5611
5612
5613
5614
5615
5616
5617
5618
5619
5620
5621
5622
5623
5624
5625
5626
5627
5628
5629
5630
5631
5632
5633
5634
5635
5636
5637
5638
5639
5640
5641
5642
5643
5644
5645
5646
5647
5648
5649
5650
5651
5652
5653
5654
5655
5656
5657
5658
5659
5660
5661
5662
5663
5664
5665
5666
5667
5668
5669
5670
5671
5672
5673
5674
5675
5676
5677
5678
5679
5680
5681
5682
5683
5684
5685
5686
5687
5688
5689
5690
5691
5692
5693
5694
5695
5696
5697
5698
5699
5700
5701
5702
5703
5704
5705
5706
5707
5708
5709
5710
5711
5712
5713
5714
5715
5716
5717
5718
5719
5720
5721
5722
5723
5724
5725
5726
5727
5728
5729
5730
5731
5732
5733
5734
5735
5736
5737
5738
5739
5740
5741
5742
5743
5744
5745
5746
5747
5748
5749
5750
5751
5752
5753
5754
5755
5756
5757
5758
5759
5760
5761
5762
5763
5764
5765
5766
5767
5768
5769
5770
5771
5772
5773
5774
5775
5776
5777
5778
5779
5780
5781
5782
5783
5784
5785
5786
5787
5788
5789
5790
5791
5792
5793
5794
5795
5796
5797
5798
5799
5800
5801
5802
5803
5804
5805
5806
5807
5808
5809
5810
5811
5812
5813
5814
5815
5816
5817
5818
5819
5820
5821
5822
5823
5824
5825
5826
5827
5828
5829
5830
5831
5832
5833
5834
5835
5836
5837
5838
5839
5840
5841
5842
5843
5844
5845
5846
5847
5848
5849
5850
5851
5852
5853
5854
5855
5856
5857
5858
5859
5860
5861
5862
5863
5864
5865
5866
5867
5868
5869
5870
5871
5872
5873
5874
5875
5876
5877
5878
5879
5880
5881
5882
5883
5884
5885
5886
5887
5888
5889
5890
5891
5892
5893
5894
5895
5896
5897
5898
5899
5900
5901
5902
5903
5904
5905
5906
5907
5908
5909
5910
5911
5912
5913
5914
5915
5916
5917
5918
5919
5920
5921
5922
5923
5924
5925
5926
5927
5928
5929
5930
5931
5932
5933
5934
5935
5936
5937
5938
5939
5940
5941
5942
5943
5944
5945
5946
5947
5948
5949
5950
5951
5952
5953
5954
5955
5956
5957
5958
5959
5960
5961
5962
5963
5964
5965
5966
5967
5968
5969
5970
5971
5972
5973
5974
5975
5976
5977
5978
5979
5980
5981
5982
5983
5984
5985
5986
5987
5988
5989
5990
5991
5992
5993
5994
5995
5996
5997
5998
5999
6000
6001
6002
6003
6004
6005
6006
6007
6008
6009
6010
6011
6012
6013
6014
6015
6016
6017
6018
6019
6020
6021
6022
6023
6024
6025
6026
6027
6028
6029
6030
6031
6032
6033
6034
6035
6036
6037
6038
6039
6040
6041
6042
6043
6044
6045
6046
6047
6048
6049
6050
6051
6052
6053
6054
6055
6056
6057
6058
6059
6060
6061
6062
6063
6064
6065
6066
6067
6068
6069
6070
6071
6072
6073
6074
6075
6076
6077
6078
6079
6080
6081
6082
6083
6084
6085
6086
6087
6088
6089
6090
6091
6092
6093
6094
6095
6096
6097
6098
6099
6100
6101
6102
6103
6104
6105
6106
6107
6108
6109
6110
6111
6112
6113
6114
6115
6116
6117
6118
6119
6120
6121
6122
6123
6124
6125
6126
6127
6128
6129
6130
6131
6132
6133
6134
6135
6136
6137
6138
6139
6140
6141
6142
6143
6144
6145
6146
6147
6148
6149
6150
6151
6152
6153
6154
6155
6156
6157
6158
6159
6160
6161
6162
6163
6164
6165
6166
6167
6168
6169
6170
6171
6172
6173
6174
6175
6176
6177
6178
6179
6180
6181
6182
6183
6184
6185
6186
6187
6188
6189
6190
6191
6192
6193
6194
6195
6196
6197
6198
6199
6200
6201
6202
6203
6204
6205
6206
6207
6208
6209
6210
6211
6212
6213
6214
6215
6216
6217
6218
6219
6220
6221
6222
6223
6224
6225
6226
6227
6228
6229
6230
6231
6232
6233
6234
6235
6236
6237
6238
6239
6240
6241
6242
6243
6244
6245
6246
6247
6248
6249
6250
6251
6252
6253
6254
6255
6256
6257
6258
6259
6260
6261
6262
6263
6264
6265
6266
6267
6268
6269
6270
6271
6272
6273
6274
6275
6276
6277
6278
6279
6280
6281
6282
6283
6284
6285
6286
6287
6288
6289
6290
6291
6292
6293
6294
6295
6296
6297
6298
6299
6300
6301
6302
6303
6304
6305
6306
6307
6308
6309
6310
6311
6312
6313
6314
6315
6316
6317
6318
6319
6320
6321
6322
6323
6324
6325
6326
6327
6328
6329
6330
6331
6332
6333
6334
6335
6336
6337
6338
6339
6340
6341
6342
6343
6344
6345
6346
6347
6348
6349
6350
6351
6352
6353
6354
6355
6356
6357
6358
6359
6360
6361
6362
6363
6364
6365
6366
6367
6368
6369
6370
6371
6372
6373
6374
6375
6376
6377
6378
6379
6380
6381
6382
6383
6384
6385
6386
6387
6388
6389
6390
6391
6392
6393
6394
6395
6396
6397
6398
6399
6400
6401
6402
6403
6404
6405
6406
6407
6408
6409
6410
6411
6412
6413
6414
6415
6416
6417
6418
6419
6420
6421
6422
6423
6424
6425
6426
6427
6428
6429
6430
6431
6432
6433
6434
6435
6436
6437
6438
6439
6440
6441
6442
6443
6444
6445
6446
6447
6448
6449
6450
6451
6452
6453
6454
6455
6456
6457
6458
6459
6460
6461
6462
6463
6464
6465
6466
6467
6468
6469
6470
6471
6472
6473
6474
6475
6476
6477
6478
6479
6480
6481
6482
6483
6484
6485
6486
6487
6488
6489
6490
6491
6492
6493
6494
6495
6496
6497
6498
6499
6500
6501
6502
6503
6504
6505
6506
6507
6508
6509
6510
6511
6512
6513
6514
6515
6516
6517
6518
6519
6520
6521
6522
6523
6524
6525
6526
6527
6528
6529
6530
6531
6532
6533
6534
6535
6536
6537
6538
6539
6540
6541
6542
6543
6544
6545
6546
6547
6548
6549
6550
6551
6552
6553
6554
6555
6556
6557
6558
6559
6560
6561
6562
6563
6564
6565
6566
6567
6568
6569
6570
6571
6572
6573
6574
6575
6576
6577
6578
6579
6580
6581
6582
6583
6584
6585
6586
6587
6588
6589
6590
6591
6592
6593
6594
6595
6596
6597
6598
6599
6600
6601
6602
6603
6604
6605
6606
6607
6608
6609
6610
6611
6612
6613
6614
6615
6616
6617
6618
6619
6620
6621
6622
6623
6624
6625
6626
6627
6628
6629
6630
6631
6632
6633
6634
6635
6636
6637
6638
6639
6640
6641
6642
6643
6644
6645
6646
6647
6648
6649
6650
6651
6652
6653
6654
6655
6656
6657
6658
6659
6660
6661
6662
6663
6664
6665
6666
6667
6668
6669
6670
6671
6672
6673
6674
6675
6676
6677
6678
6679
6680
6681
6682
6683
6684
6685
6686
6687
6688
6689
6690
6691
6692
6693
6694
6695
6696
6697
6698
6699
6700
6701
6702
6703
6704
6705
6706
6707
6708
6709
6710
6711
6712
6713
6714
6715
6716
6717
6718
6719
6720
6721
6722
6723
6724
6725
6726
6727
6728
6729
6730
6731
6732
6733
6734
6735
6736
6737
6738
6739
6740
6741
6742
6743
6744
6745
6746
6747
6748
6749
6750
6751
6752
6753
6754
6755
6756
6757
6758
6759
6760
6761
6762
6763
6764
6765
6766
6767
6768
6769
6770
6771
6772
6773
6774
6775
6776
6777
6778
6779
6780
6781
6782
6783
6784
6785
6786
6787
6788
6789
6790
6791
6792
6793
6794
6795
6796
6797
6798
6799
6800
6801
6802
6803
6804
6805
6806
6807
6808
6809
6810
6811
6812
6813
6814
6815
6816
6817
6818
6819
6820
6821
6822
6823
6824
6825
6826
6827
6828
6829
6830
6831
6832
6833
6834
6835
6836
6837
6838
6839
6840
6841
6842
6843
6844
6845
6846
6847
6848
6849
6850
6851
6852
6853
6854
6855
6856
6857
6858
6859
6860
6861
6862
6863
6864
6865
6866
6867
6868
6869
6870
6871
6872
6873
6874
6875
6876
6877
6878
6879
6880
6881
6882
6883
6884
6885
6886
6887
6888
6889
6890
6891
6892
6893
6894
6895
6896
6897
6898
6899
6900
6901
6902
6903
6904
6905
6906
6907
6908
6909
6910
6911
6912
6913
6914
6915
6916
6917
6918
6919
6920
6921
6922
6923
6924
6925
6926
6927
6928
6929
6930
6931
6932
6933
6934
6935
6936
6937
6938
6939
6940
6941
6942
6943
6944
6945
6946
6947
6948
6949
6950
6951
6952
6953
6954
6955
6956
6957
6958
6959
6960
6961
6962
6963
6964
6965
6966
6967
6968
6969
6970
6971
6972
6973
6974
6975
6976
6977
6978
6979
6980
6981
6982
6983
6984
6985
6986
6987
6988
6989
6990
6991
6992
6993
6994
6995
6996
6997
6998
6999
7000
7001
7002
7003
7004
7005
7006
7007
7008
7009
7010
7011
7012
7013
7014
7015
7016
7017
7018
7019
7020
7021
7022
7023
7024
7025
7026
7027
7028
7029
7030
7031
7032
7033
7034
7035
7036
7037
7038
7039
7040
7041
7042
7043
7044
7045
7046
7047
7048
7049
7050
7051
7052
7053
7054
7055
7056
7057
7058
7059
7060
7061
7062
7063
7064
7065
7066
7067
7068
7069
7070
7071
7072
7073
7074
7075
7076
7077
7078
7079
7080
7081
7082
7083
7084
7085
7086
7087
7088
7089
7090
7091
7092
7093
7094
7095
7096
7097
7098
7099
7100
7101
7102
7103
7104
7105
7106
7107
7108
7109
7110
7111
7112
7113
7114
7115
7116
7117
7118
7119
7120
7121
7122
7123
7124
7125
7126
7127
7128
7129
7130
7131
7132
7133
7134
7135
7136
7137
7138
7139
7140
7141
7142
7143
7144
7145
7146
7147
7148
7149
7150
7151
7152
7153
7154
7155
7156
7157
7158
7159
7160
7161
7162
7163
7164
7165
7166
7167
7168
7169
7170
7171
7172
7173
7174
7175
7176
7177
7178
7179
7180
7181
7182
7183
7184
7185
7186
7187
7188
7189
7190
7191
7192
7193
7194
7195
7196
7197
7198
7199
7200
7201
7202
7203
7204
7205
7206
7207
7208
7209
7210
7211
7212
7213
7214
7215
7216
7217
7218
7219
7220
7221
7222
7223
7224
7225
7226
7227
7228
7229
7230
7231
7232
7233
7234
7235
7236
7237
7238
7239
7240
7241
7242
7243
7244
7245
7246
7247
7248
7249
7250
7251
7252
7253
7254
7255
7256
7257
7258
7259
7260
7261
7262
7263
7264
7265
7266
7267
7268
7269
7270
7271
7272
7273
7274
7275
7276
7277
7278
7279
7280
7281
7282
7283
7284
7285
7286
7287
7288
7289
7290
7291
7292
7293
7294
7295
7296
7297
7298
7299
7300
7301
7302
7303
7304
7305
7306
7307
7308
7309
7310
7311
7312
7313
7314
7315
7316
7317
7318
7319
7320
7321
7322
7323
7324
7325
7326
7327
7328
7329
7330
7331
7332
7333
7334
4.916666666666787e-05 7.887962962962828e-05 0
4.916666666666803e-05 7.964814814814521e-05 0
4.916666666666809e-05 8.041666666666126e-05 0
4.916666666666809e-05 8.1185185185177e-05 0
4.916666666666811e-05 8.19537037036939e-05 0
4.916666666666811e-05 8.272222222221079e-05 0
4.916666666666811e-05 8.349074074072642e-05 0
4.916666666666812e-05 8.425925925924223e-05 0
4.916666666666813e-05 8.502777777775911e-05 0
4.916666666666811e-05 8.579629629627636e-05 0
4.916666666666812e-05 8.656481481479329e-05 0
4.916666666666813e-05 8.733333333331008e-05 0
4.916666666666812e-05 8.810185185182613e-05 0
4.916666666666811e-05 8.887037037034134e-05 0
4.916666666666811e-05 8.963888888885667e-05 0
4.916666666666811e-05 9.040740740737321e-05 0
4.916666666666811e-05 9.11759259258901e-05 0
4.916666666666811e-05 9.194444444440671e-05 0
4.91666666666681e-05 9.271296296292411e-05 0
4.91666666666681e-05 9.348148148144161e-05 0
4.916666666666811e-05 9.424999999995845e-05 0
4.916666666666811e-05 9.501851851847508e-05 0
4.916666666666811e-05 9.578703703699163e-05 0
4.916666666666812e-05 9.655555555551003e-05 0
4.916666666666811e-05 9.732407407402998e-05 0
4.916666666666811e-05 9.809259259254956e-05 0
4.916666666666811e-05 9.88611111110697e-05 0
4.916666666666811e-05 9.962962962958906e-05 0
4.916666666666812e-05 0.00010039814814811 0
4.916666666666811e-05 0.0001011666666666313 0
4.916666666666811e-05 0.0001019351851851506 0
4.916666666666811e-05 0.0001027037037036709 0
4.916666666666812e-05 0.0001034722222221914 0
4.916666666666811e-05 0.0001042407407407127 0
4.916666666666811e-05 0.000105009259259234 0
4.916666666666811e-05 0.0001057777777777542 0
4.916666666666811e-05 0.000106546296296275 0
4.916666666666811e-05 0.0001073148148147948 0
4.916666666666811e-05 0.0001080833333333155 0
4.916666666666811e-05 0.0001088518518518371 0
4.916666666666812e-05 0.0001096203703703567 0
4.916666666666811e-05 0.0001103888888888778 0
4.916666666666812e-05 0.0001111574074073971 0
4.916666666666811e-05 0.0001119259259259166 0
4.916666666666807e-05 0.0001126944444444376 0
4.916666666666803e-05 0.0001134629629629574 0
4.916666666666788e-05 0.0001142314814814792 0
4.833333333333606e-05 7.887962962962802e-05 0
4.833333333333615e-05 7.964814814814479e-05 0
4.833333333333619e-05 8.041666666666122e-05 0
4.833333333333622e-05 8.118518518517757e-05 0
4.833333333333623e-05 8.195370370369417e-05 0
4.833333333333623e-05 8.272222222221075e-05 0
4.833333333333624e-05 8.349074074072706e-05 0
4.833333333333625e-05 8.425925925924339e-05 0
4.833333333333625e-05 8.502777777776008e-05 0
4.833333333333625e-05 8.579629629627693e-05 0
4.833333333333625e-05 8.656481481479366e-05 0
4.833333333333625e-05 8.733333333331023e-05 0
4.833333333333625e-05 8.810185185182647e-05 0
4.833333333333625e-05 8.887037037034241e-05 0
4.833333333333624e-05 8.963888888885845e-05 0
4.833333333333625e-05 9.040740740737488e-05 0
4.833333333333625e-05 9.11759259258916e-05 0
4.833333333333625e-05 9.194444444440844e-05 0
4.833333333333625e-05 9.271296296292556e-05 0
4.833333333333625e-05 9.348148148144278e-05 0
4.833333333333625e-05 9.42499999999599e-05 0
4.833333333333625e-05 9.501851851847714e-05 0
4.833333333333625e-05 9.578703703699464e-05 0
4.833333333333625e-05 9.6555555555513e-05 0
4.833333333333625e-05 9.732407407403216e-05 0
4.833333333333626e-05 9.809259259255166e-05 0
4.833333333333625e-05 9.886111111107139e-05 0
4.833333333333626e-05 9.962962962959125e-05 0
4.833333333333625e-05 0.0001003981481481116 0
4.833333333333625e-05 0.000101166666666632 0
4.833333333333625e-05 0.0001019351851851521 0
4.833333333333625e-05 0.0001027037037036724 0
4.833333333333625e-05 0.0001034722222221929 0
4.833333333333624e-05 0.0001042407407407137 0
4.833333333333625e-05 0.0001050092592592344 0
4.833333333333625e-05 0.0001057777777777549 0
4.833333333333624e-05 0.0001065462962962755 0
4.833333333333625e-05 0.0001073148148147958 0
4.833333333333625e-05 0.0001080833333333163 0
4.833333333333625e-05 0.000108851851851837 0
4.833333333333625e-05 0.0001096203703703572 0
4.833333333333625e-05 0.0001103888888888775 0
4.833333333333625e-05 0.0001111574074073975 0
4.833333333333623e-05 0.0001119259259259175 0
4.833333333333621e-05 0.000112694444444438 0
4.833333333333616e-05 0.0001134629629629583 0
4.833333333333608e-05 0.0001142314814814793 0
4.750000000000435e-05 7.887962962962796e-05 0
4.750000000000435e-05 7.964814814814471e-05 0
4.750000000000437e-05 8.041666666666131e-05 0
4.750000000000439e-05 8.118518518517788e-05 0
4.750000000000441e-05 8.195370370369447e-05 0
4.750000000000441e-05 8.272222222221106e-05 0
4.750000000000441e-05 8.349074074072761e-05 0
4.750000000000442e-05 8.425925925924417e-05 0
4.750000000000443e-05 8.502777777776084e-05 0
4.750000000000443e-05 8.579629629627757e-05 0
4.750000000000443e-05 8.656481481479422e-05 0
4.750000000000443e-05 8.733333333331077e-05 0
4.750000000000444e-05 8.810185185182716e-05 0
4.750000000000442e-05 8.887037037034342e-05 0
4.750000000000441e-05 8.963888888885976e-05 0
4.750000000000441e-05 9.040740740737631e-05 0
4.750000000000443e-05 9.117592592589304e-05 0
4.750000000000443e-05 9.194444444440992e-05 0
4.750000000000443e-05 9.271296296292698e-05 0
4.750000000000443e-05 9.348148148144417e-05 0
4.750000000000442e-05 9.424999999996148e-05 0
4.750000000000442e-05 9.5018518518479e-05 0
4.750000000000442e-05 9.578703703699688e-05 0
4.750000000000442e-05 9.655555555551529e-05 0
4.750000000000442e-05 9.732407407403422e-05 0
4.750000000000441e-05 9.809259259255354e-05 0
4.750000000000442e-05 9.886111111107314e-05 0
4.750000000000443e-05 9.962962962959297e-05 0
4.750000000000443e-05 0.0001003981481481131 0
4.750000000000443e-05 0.0001011666666666333 0
4.750000000000443e-05 0.0001019351851851535 0
4.750000000000443e-05 0.0001027037037036738 0
4.750000000000442e-05 0.0001034722222221942 0
4.750000000000443e-05 0.0001042407407407147 0
4.750000000000443e-05 0.0001050092592592353 0
4.750000000000442e-05 0.0001057777777777557 0
4.750000000000443e-05 0.0001065462962962761 0
4.750000000000444e-05 0.0001073148148147965 0
4.750000000000443e-05 0.000108083333333317 0
4.750000000000443e-05 0.0001088518518518373 0
4.750000000000443e-05 0.0001096203703703576 0
4.750000000000443e-05 0.0001103888888888778 0
4.750000000000443e-05 0.0001111574074073979 0
4.750000000000441e-05 0.000111925925925918 0
4.750000000000438e-05 0.0001126944444444383 0
4.750000000000437e-05 0.0001134629629629588 0
4.750000000000437e-05 0.0001142314814814794 0
4.666666666667249e-05 7.887962962962796e-05 0
4.666666666667253e-05 7.964814814814475e-05 0
4.666666666667257e-05 8.041666666666145e-05 0
4.66666666666726e-05 8.118518518517812e-05 0
4.666666666667263e-05 8.195370370369478e-05 0
4.666666666667264e-05 8.272222222221146e-05 0
4.666666666667266e-05 8.349074074072812e-05 0
4.666666666667265e-05 8.425925925924479e-05 0
4.666666666667266e-05 8.50277777777615e-05 0
4.666666666667267e-05 8.579629629627821e-05 0
4.666666666667266e-05 8.656481481479485e-05 0
4.666666666667266e-05 8.733333333331145e-05 0
4.666666666667268e-05 8.810185185182794e-05 0
4.666666666667267e-05 8.887037037034441e-05 0
4.666666666667266e-05 8.963888888886094e-05 0
4.666666666667265e-05 9.04074074073776e-05 0
4.666666666667266e-05 9.117592592589438e-05 0
4.666666666667266e-05 9.194444444441133e-05 0
4.666666666667268e-05 9.271296296292841e-05 0
4.666666666667267e-05 9.348148148144565e-05 0
4.666666666667267e-05 9.424999999996306e-05 0
4.666666666667267e-05 9.501851851848072e-05 0
4.666666666667267e-05 9.578703703699876e-05 0
4.666666666667266e-05 9.65555555555172e-05 0
4.666666666667266e-05 9.732407407403607e-05 0
4.666666666667266e-05 9.809259259255526e-05 0
4.666666666667266e-05 9.886111111107478e-05 0
4.666666666667266e-05 9.962962962959452e-05 0
4.666666666667267e-05 0.0001003981481481145 0
4.666666666667266e-05 0.0001011666666666345 0
4.666666666667266e-05 0.0001019351851851547 0
4.666666666667267e-05 0.000102703703703675 0
4.666666666667266e-05 0.0001034722222221953 0
4.666666666667266e-05 0.0001042407407407157 0
4.666666666667267e-05 0.0001050092592592361 0
4.666666666667267e-05 0.0001057777777777565 0
4.666666666667267e-05 0.0001065462962962769 0
4.666666666667266e-05 0.0001073148148147972 0
4.666666666667267e-05 0.0001080833333333175 0
4.666666666667267e-05 0.0001088518518518378 0
4.666666666667267e-05 0.000109620370370358 0
4.666666666667267e-05 0.0001103888888888781 0
4.666666666667266e-05 0.0001111574074073982 0
4.666666666667263e-05 0.0001119259259259184 0
4.666666666667261e-05 0.0001126944444444387 0
4.666666666667257e-05 0.0001134629629629591 0
4.666666666667253e-05 0.0001142314814814795 0
4.583333333334063e-05 7.887962962962799e-05 0
4.583333333334075e-05 7.964814814814483e-05 0
4.583333333334084e-05 8.041666666666161e-05 0
4.583333333334089e-05 8.118518518517837e-05 0
4.583333333334094e-05 8.195370370369511e-05 0
4.583333333334096e-05 8.272222222221186e-05 0
4.583333333334098e-05 8.34907407407286e-05 0
4.583333333334098e-05 8.425925925924536e-05 0
4.5833333333341e-05 8.502777777776214e-05 0
4.5833333333341e-05 8.579629629627888e-05 0
4.583333333334099e-05 8.656481481479557e-05 0
4.583333333334099e-05 8.733333333331219e-05 0
4.5833333333341e-05 8.81018518518288e-05 0
4.5833333333341e-05 8.887037037034542e-05 0
4.5833333333341e-05 8.963888888886206e-05 0
4.5833333333341e-05 9.040740740737881e-05 0
4.5833333333341e-05 9.117592592589567e-05 0
4.5833333333341e-05 9.194444444441265e-05 0
4.5833333333341e-05 9.271296296292976e-05 0
4.5833333333341e-05 9.348148148144706e-05 0
4.5833333333341e-05 9.424999999996456e-05 0
4.5833333333341e-05 9.501851851848231e-05 0
4.5833333333341e-05 9.578703703700044e-05 0
4.583333333334099e-05 9.655555555551892e-05 0
4.583333333334099e-05 9.732407407403775e-05 0
4.5833333333341e-05 9.809259259255689e-05 0
4.5833333333341e-05 9.886111111107635e-05 0
4.5833333333341e-05 9.962962962959601e-05 0
4.583333333334099e-05 0.0001003981481481159 0
4.583333333334099e-05 0.0001011666666666359 0
4.583333333334099e-05 0.000101935185185156 0
4.583333333334099e-05 0.0001027037037036761 0
4.583333333334099e-05 0.0001034722222221964 0
4.5833333333341e-05 0.0001042407407407167 0
4.583333333334099e-05 0.000105009259259237 0
4.5833333333341e-05 0.0001057777777777573 0
4.5833333333341e-05 0.0001065462962962777 0
4.583333333334099e-05 0.0001073148148147979 0
4.5833333333341e-05 0.0001080833333333181 0
4.5833333333341e-05 0.0001088518518518383 0
4.5833333333341e-05 0.0001096203703703584 0
4.5833333333341e-05 0.0001103888888888785 0
4.583333333334098e-05 0.0001111574074073986 0
4.583333333334095e-05 0.0001119259259259187 0
4.58333333333409e-05 0.000112694444444439 0
4.583333333334081e-05 0.0001134629629629592 0
4.583333333334068e-05 0.0001142314814814796 0
4.500000000000895e-05 7.887962962962803e-05 0
4.500000000000909e-05 7.964814814814495e-05 0
4.500000000000922e-05 8.041666666666181e-05 0
4.500000000000931e-05 8.118518518517864e-05 0
4.500000000000937e-05 8.195370370369543e-05 0
4.500000000000941e-05 8.272222222221227e-05 0
4.500000000000943e-05 8.349074074072909e-05 0
4.500000000000943e-05 8.425925925924593e-05 0
4.500000000000944e-05 8.502777777776275e-05 0
4.500000000000944e-05 8.579629629627953e-05 0
4.500000000000944e-05 8.656481481479628e-05 0
4.500000000000944e-05 8.733333333331298e-05 0
4.500000000000945e-05 8.810185185182966e-05 0
4.500000000000944e-05 8.887037037034637e-05 0
4.500000000000945e-05 8.963888888886313e-05 0
4.500000000000945e-05 9.040740740737996e-05 0
4.500000000000945e-05 9.11759259258969e-05 0
4.500000000000946e-05 9.194444444441396e-05 0
4.500000000000945e-05 9.271296296293112e-05 0
4.500000000000945e-05 9.348148148144846e-05 0
4.500000000000945e-05 9.424999999996601e-05 0
4.500000000000944e-05 9.501851851848384e-05 0
4.500000000000945e-05 9.578703703700202e-05 0
4.500000000000944e-05 9.655555555552051e-05 0
4.500000000000943e-05 9.732407407403933e-05 0
4.500000000000944e-05 9.809259259255845e-05 0
4.500000000000946e-05 9.886111111107786e-05 0
4.500000000000945e-05 9.962962962959749e-05 0
4.500000000000944e-05 0.0001003981481481173 0
4.500000000000944e-05 0.0001011666666666372 0
4.500000000000944e-05 0.0001019351851851572 0
4.500000000000944e-05 0.0001027037037036773 0
4.500000000000945e-05 0.0001034722222221975 0
4.500000000000945e-05 0.0001042407407407177 0
4.500000000000945e-05 0.000105009259259238 0
4.500000000000945e-05 0.0001057777777777582 0
4.500000000000944e-05 0.0001065462962962784 0
4.500000000000944e-05 0.0001073148148147986 0
4.500000000000944e-05 0.0001080833333333187 0
4.500000000000945e-05 0.0001088518518518388 0
4.500000000000945e-05 0.0001096203703703589 0
4.500000000000943e-05 0.0001103888888888789 0
4.500000000000942e-05 0.0001111574074073989 0
4.500000000000936e-05 0.000111925925925919 0
4.500000000000927e-05 0.0001126944444444392 0
4.500000000000915e-05 0.0001134629629629594 0
4.5000000000009e-05 0.0001142314814814797 0
4.416666666667711e-05 7.887962962962811e-05 0
4.41666666666775e-05 7.964814814814507e-05 0
4.416666666667773e-05 8.0416666666662e-05 0
4.416666666667785e-05 8.118518518517889e-05 0
4.416666666667792e-05 8.195370370369577e-05 0
4.416666666667797e-05 8.272222222221268e-05 0
4.416666666667799e-05 8.349074074072958e-05 0
4.416666666667802e-05 8.425925925924648e-05 0
4.416666666667803e-05 8.502777777776338e-05 0
4.416666666667804e-05 8.579629629628023e-05 0
4.416666666667803e-05 8.656481481479702e-05 0
4.416666666667804e-05 8.733333333331379e-05 0
4.416666666667804e-05 8.810185185183056e-05 0
4.416666666667804e-05 8.887037037034734e-05 0
4.416666666667804e-05 8.963888888886419e-05 0
4.416666666667804e-05 9.040740740738108e-05 0
4.416666666667804e-05 9.11759259258981e-05 0
4.416666666667804e-05 9.194444444441523e-05 0
4.416666666667803e-05 9.271296296293246e-05 0
4.416666666667803e-05 9.348148148144982e-05 0
4.416666666667804e-05 9.424999999996746e-05 0
4.416666666667804e-05 9.501851851848535e-05 0
4.416666666667803e-05 9.578703703700353e-05 0
4.416666666667803e-05 9.655555555552202e-05 0
4.416666666667803e-05 9.732407407404087e-05 0
4.416666666667804e-05 9.809259259255997e-05 0
4.416666666667803e-05 9.88611111110793e-05 0
4.416666666667804e-05 9.962962962959887e-05 0
4.416666666667804e-05 0.0001003981481481186 0
4.416666666667803e-05 0.0001011666666666385 0
4.416666666667804e-05 0.0001019351851851584 0
4.416666666667804e-05 0.0001027037037036785 0
4.416666666667804e-05 0.0001034722222221986 0
4.416666666667804e-05 0.0001042407407407187 0
4.416666666667804e-05 0.0001050092592592389 0
4.416666666667804e-05 0.000105777777777759 0
4.416666666667804e-05 0.0001065462962962792 0
4.416666666667804e-05 0.0001073148148147993 0
4.416666666667804e-05 0.0001080833333333193 0
4.416666666667802e-05 0.0001088518518518394 0
4.416666666667802e-05 0.0001096203703703593 0
4.416666666667802e-05 0.0001103888888888793 0
4.416666666667799e-05 0.0001111574074073993 0
4.416666666667792e-05 0.0001119259259259193 0
4.416666666667781e-05 0.0001126944444444394 0
4.416666666667758e-05 0.0001134629629629596 0
4.416666666667716e-05 0.0001142314814814798 0
4.33333333333458e-05 7.887962962962817e-05 0
4.33333333333462e-05 7.964814814814519e-05 0
4.333333333334643e-05 8.041666666666221e-05 0
4.333333333334657e-05 8.118518518517918e-05 0
4.333333333334665e-05 8.195370370369612e-05 0
4.33333333333467e-05 8.27222222222131e-05 0
4.333333333334674e-05 8.349074074073008e-05 0
4.333333333334676e-05 8.425925925924704e-05 0
4.333333333334676e-05 8.5027777777764e-05 0
4.333333333334678e-05 8.579629629628092e-05 0
4.333333333334678e-05 8.656481481479781e-05 0
4.333333333334678e-05 8.733333333331463e-05 0
4.333333333334678e-05 8.810185185183145e-05 0
4.333333333334678e-05 8.887037037034833e-05 0
4.333333333334679e-05 8.963888888886526e-05 0
4.333333333334679e-05 9.040740740738225e-05 0
4.333333333334678e-05 9.11759259258993e-05 0
4.333333333334678e-05 9.194444444441648e-05 0
4.333333333334678e-05 9.271296296293379e-05 0
4.333333333334678e-05 9.348148148145122e-05 0
4.333333333334678e-05 9.424999999996888e-05 0
4.333333333334678e-05 9.50185185184868e-05 0
4.333333333334677e-05 9.578703703700501e-05 0
4.333333333334676e-05 9.655555555552354e-05 0
4.333333333334676e-05 9.732407407404234e-05 0
4.333333333334677e-05 9.809259259256142e-05 0
4.333333333334677e-05 9.886111111108073e-05 0
4.333333333334677e-05 9.962962962960024e-05 0
4.333333333334678e-05 0.0001003981481481199 0
4.333333333334677e-05 0.0001011666666666397 0
4.333333333334677e-05 0.0001019351851851596 0
4.333333333334678e-05 0.0001027037037036796 0
4.333333333334678e-05 0.0001034722222221996 0
4.333333333334678e-05 0.0001042407407407197 0
4.333333333334678e-05 0.0001050092592592398 0
4.333333333334678e-05 0.0001057777777777599 0
4.333333333334679e-05 0.00010654629629628 0
4.333333333334678e-05 0.0001073148148148 0
4.333333333334678e-05 0.00010808333333332 0
4.333333333334677e-05 0.0001088518518518399 0
4.333333333334678e-05 0.0001096203703703598 0
4.333333333334676e-05 0.0001103888888888797 0
4.333333333334672e-05 0.0001111574074073996 0
4.333333333334666e-05 0.0001119259259259196 0
4.333333333334652e-05 0.0001126944444444396 0
4.333333333334628e-05 0.0001134629629629597 0
4.333333333334584e-05 0.0001142314814814798 0
4.250000000001499e-05 7.887962962962824e-05 0
4.250000000001517e-05 7.964814814814534e-05 0
4.250000000001534e-05 8.041666666666241e-05 0
4.250000000001546e-05 8.118518518517946e-05 0
4.250000000001553e-05 8.195370370369646e-05 0
4.250000000001559e-05 8.27222222222135e-05 0
4.250000000001562e-05 8.349074074073056e-05 0
4.250000000001564e-05 8.42592592592476e-05 0
4.250000000001566e-05 8.502777777776464e-05 0
4.250000000001566e-05 8.579629629628163e-05 0
4.250000000001566e-05 8.656481481479858e-05 0
4.250000000001567e-05 8.733333333331548e-05 0
4.250000000001568e-05 8.810185185183238e-05 0
4.250000000001567e-05 8.887037037034932e-05 0
4.250000000001568e-05 8.963888888886631e-05 0
4.250000000001567e-05 9.040740740738337e-05 0
4.250000000001567e-05 9.117592592590051e-05 0
4.250000000001567e-05 9.194444444441774e-05 0
4.250000000001568e-05 9.271296296293509e-05 0
4.250000000001566e-05 9.348148148145259e-05 0
4.250000000001566e-05 9.424999999997032e-05 0
4.250000000001566e-05 9.501851851848827e-05 0
4.250000000001566e-05 9.57870370370065e-05 0
4.250000000001566e-05 9.655555555552502e-05 0
4.250000000001565e-05 9.732407407404379e-05 0
4.250000000001566e-05 9.809259259256287e-05 0
4.250000000001566e-05 9.886111111108216e-05 0
4.250000000001566e-05 9.962962962960161e-05 0
4.250000000001566e-05 0.0001003981481481212 0
4.250000000001566e-05 0.000101166666666641 0
4.250000000001566e-05 0.0001019351851851608 0
4.250000000001566e-05 0.0001027037037036807 0
4.250000000001566e-05 0.0001034722222222007 0
4.250000000001566e-05 0.0001042407407407207 0
4.250000000001566e-05 0.0001050092592592407 0
4.250000000001567e-05 0.0001057777777777607 0
4.250000000001568e-05 0.0001065462962962807 0
4.250000000001567e-05 0.0001073148148148007 0
4.250000000001567e-05 0.0001080833333333206 0
4.250000000001566e-05 0.0001088518518518405 0
4.250000000001566e-05 0.0001096203703703603 0
4.250000000001565e-05 0.0001103888888888801 0
4.250000000001562e-05 0.0001111574074074 0
4.250000000001554e-05 0.0001119259259259198 0
4.250000000001543e-05 0.0001126944444444398 0
4.250000000001525e-05 0.0001134629629629599 0
4.250000000001505e-05 0.0001142314814814799 0
4.166666666668394e-05 7.88796296296283e-05 0
4.166666666668422e-05 7.964814814814548e-05 0
4.166666666668438e-05 8.04166666666626e-05 0
4.166666666668449e-05 8.118518518517971e-05 0
4.166666666668455e-05 8.195370370369681e-05 0
4.16666666666846e-05 8.272222222221391e-05 0
4.166666666668463e-05 8.349074074073104e-05 0
4.166666666668465e-05 8.425925925924815e-05 0
4.166666666668466e-05 8.502777777776525e-05 0
4.166666666668467e-05 8.579629629628231e-05 0
4.166666666668466e-05 8.656481481479931e-05 0
4.166666666668467e-05 8.733333333331631e-05 0
4.166666666668467e-05 8.81018518518333e-05 0
4.166666666668467e-05 8.887037037035031e-05 0
4.166666666668467e-05 8.963888888886736e-05 0
4.166666666668466e-05 9.04074074073845e-05 0
4.166666666668466e-05 9.11759259259017e-05 0
4.166666666668466e-05 9.194444444441901e-05 0
4.166666666668467e-05 9.27129629629364e-05 0
4.166666666668466e-05 9.348148148145396e-05 0
4.166666666668467e-05 9.424999999997174e-05 0
4.166666666668467e-05 9.501851851848975e-05 0
4.166666666668466e-05 9.578703703700798e-05 0
4.166666666668465e-05 9.655555555552648e-05 0
4.166666666668464e-05 9.732407407404527e-05 0
4.166666666668466e-05 9.809259259256432e-05 0
4.166666666668466e-05 9.886111111108354e-05 0
4.166666666668467e-05 9.962962962960298e-05 0
4.166666666668467e-05 0.0001003981481481225 0
4.166666666668466e-05 0.0001011666666666422 0
4.166666666668466e-05 0.000101935185185162 0
4.166666666668466e-05 0.0001027037037036818 0
4.166666666668466e-05 0.0001034722222222017 0
4.166666666668467e-05 0.0001042407407407217 0
4.166666666668466e-05 0.0001050092592592416 0
4.166666666668467e-05 0.0001057777777777615 0
4.166666666668468e-05 0.0001065462962962815 0
4.166666666668468e-05 0.0001073148148148013 0
4.166666666668468e-05 0.0001080833333333212 0
4.166666666668467e-05 0.000108851851851841 0
4.166666666668466e-05 0.0001096203703703608 0
4.166666666668465e-05 0.0001103888888888805 0
4.166666666668462e-05 0.0001111574074074003 0
4.166666666668456e-05 0.0001119259259259201 0
4.166666666668445e-05 0.00011269444444444 0
4.166666666668428e-05 0.00011346296296296 0
4.166666666668398e-05 0.00011423148148148 0
4.083333333335318e-05 7.887962962962837e-05 0
4.083333333335343e-05 7.964814814814561e-05 0
4.083333333335355e-05 8.041666666666282e-05 0
4.083333333335363e-05 8.118518518517999e-05 0
4.083333333335367e-05 8.195370370369717e-05 0
4.08333333333537e-05 8.272222222221434e-05 0
4.083333333335372e-05 8.349074074073152e-05 0
4.083333333335374e-05 8.425925925924869e-05 0
4.083333333335375e-05 8.502777777776587e-05 0
4.083333333335376e-05 8.579629629628299e-05 0
4.083333333335375e-05 8.656481481480006e-05 0
4.083333333335376e-05 8.733333333331714e-05 0
4.083333333335375e-05 8.810185185183422e-05 0
4.083333333335375e-05 8.887037037035127e-05 0
4.083333333335375e-05 8.963888888886839e-05 0
4.083333333335375e-05 9.040740740738561e-05 0
4.083333333335375e-05 9.117592592590289e-05 0
4.083333333335376e-05 9.194444444442026e-05 0
4.083333333335375e-05 9.271296296293772e-05 0
4.083333333335375e-05 9.348148148145533e-05 0
4.083333333335375e-05 9.424999999997315e-05 0
4.083333333335374e-05 9.501851851849116e-05 0
4.083333333335374e-05 9.578703703700941e-05 0
4.083333333335375e-05 9.655555555552795e-05 0
4.083333333335375e-05 9.732407407404672e-05 0
4.083333333335375e-05 9.809259259256577e-05 0
4.083333333335376e-05 9.886111111108493e-05 0
4.083333333335375e-05 9.96296296296043e-05 0
4.083333333335376e-05 0.0001003981481481239 0
4.083333333335375e-05 0.0001011666666666435 0
4.083333333335376e-05 0.0001019351851851632 0
4.083333333335375e-05 0.000102703703703683 0
4.083333333335374e-05 0.0001034722222222028 0
4.083333333335375e-05 0.0001042407407407226 0
4.083333333335375e-05 0.0001050092592592425 0
4.083333333335375e-05 0.0001057777777777624 0
4.083333333335376e-05 0.0001065462962962822 0
4.083333333335376e-05 0.000107314814814802 0
4.083333333335376e-05 0.0001080833333333218 0
4.083333333335376e-05 0.0001088518518518415 0
4.083333333335375e-05 0.0001096203703703612 0
4.083333333335374e-05 0.0001103888888888809 0
4.083333333335372e-05 0.0001111574074074006 0
4.083333333335367e-05 0.0001119259259259204 0
4.083333333335359e-05 0.0001126944444444402 0
4.083333333335346e-05 0.0001134629629629601 0
4.08333333333532e-05 0.00011423148148148 0
4.000000000002277e-05 7.887962962962845e-05 0
4.000000000002279e-05 7.964814814814576e-05 0
4.00000000000228e-05 8.041666666666303e-05 0
4.000000000002283e-05 8.118518518518028e-05 0
4.000000000002284e-05 8.195370370369749e-05 0
4.000000000002285e-05 8.272222222221475e-05 0
4.000000000002285e-05 8.349074074073198e-05 0
4.000000000002287e-05 8.425925925924924e-05 0
4.000000000002287e-05 8.502777777776647e-05 0
4.000000000002288e-05 8.579629629628367e-05 0
4.000000000002288e-05 8.65648148148008e-05 0
4.000000000002289e-05 8.733333333331799e-05 0
4.000000000002289e-05 8.810185185183511e-05 0
4.000000000002287e-05 8.887037037035226e-05 0
4.000000000002287e-05 8.963888888886945e-05 0
4.000000000002287e-05 9.040740740738673e-05 0
4.000000000002287e-05 9.11759259259041e-05 0
4.000000000002287e-05 9.19444444444215e-05 0
4.000000000002287e-05 9.271296296293902e-05 0
4.000000000002287e-05 9.34814814814567e-05 0
4.000000000002287e-05 9.424999999997456e-05 0
4.000000000002287e-05 9.501851851849261e-05 0
4.000000000002287e-05 9.578703703701089e-05 0
4.000000000002287e-05 9.655555555552942e-05 0
4.000000000002287e-05 9.732407407404818e-05 0
4.000000000002287e-05 9.809259259256715e-05 0
4.000000000002287e-05 9.886111111108633e-05 0
4.000000000002287e-05 9.962962962960565e-05 0
4.000000000002287e-05 0.0001003981481481251 0
4.000000000002287e-05 0.0001011666666666447 0
4.000000000002287e-05 0.0001019351851851644 0
4.000000000002287e-05 0.0001027037037036841 0
4.000000000002287e-05 0.0001034722222222038 0
4.000000000002287e-05 0.0001042407407407236 0
4.000000000002287e-05 0.0001050092592592434 0
4.000000000002287e-05 0.0001057777777777632 0
4.000000000002288e-05 0.000106546296296283 0
4.000000000002289e-05 0.0001073148148148027 0
4.000000000002288e-05 0.0001080833333333224 0
4.000000000002288e-05 0.0001088518518518421 0
4.000000000002287e-05 0.0001096203703703618 0
4.000000000002287e-05 0.0001103888888888814 0
4.000000000002286e-05 0.000111157407407401 0
4.000000000002284e-05 0.0001119259259259207 0
4.000000000002282e-05 0.0001126944444444404 0
4.000000000002279e-05 0.0001134629629629602 0
4.000000000002278e-05 0.0001142314814814801 0
3.916666666669234e-05 7.887962962962849e-05 0
3.916666666669214e-05 7.96481481481459e-05 0
3.916666666669205e-05 8.041666666666324e-05 0
3.916666666669201e-05 8.118518518518055e-05 0
3.9166666666692e-05 8.195370370369784e-05 0
3.916666666669198e-05 8.272222222221516e-05 0
3.916666666669198e-05 8.349074074073245e-05 0
3.916666666669199e-05 8.425925925924978e-05 0
3.916666666669199e-05 8.502777777776708e-05 0
3.9166666666692e-05 8.579629629628435e-05 0
3.9166666666692e-05 8.656481481480157e-05 0
3.9166666666692e-05 8.73333333333188e-05 0
3.9166666666692e-05 8.810185185183601e-05 0
3.916666666669199e-05 8.887037037035322e-05 0
3.916666666669198e-05 8.963888888887052e-05 0
3.9166666666692e-05 9.040740740738787e-05 0
3.916666666669199e-05 9.117592592590528e-05 0
3.916666666669199e-05 9.194444444442277e-05 0
3.916666666669199e-05 9.271296296294033e-05 0
3.9166666666692e-05 9.348148148145808e-05 0
3.916666666669199e-05 9.424999999997594e-05 0
3.916666666669199e-05 9.501851851849404e-05 0
3.916666666669199e-05 9.578703703701233e-05 0
3.916666666669198e-05 9.655555555553087e-05 0
3.916666666669199e-05 9.732407407404963e-05 0
3.916666666669199e-05 9.809259259256857e-05 0
3.916666666669199e-05 9.886111111108771e-05 0
3.916666666669199e-05 9.962962962960701e-05 0
3.916666666669199e-05 0.0001003981481481264 0
3.916666666669199e-05 0.000101166666666646 0
3.916666666669198e-05 0.0001019351851851655 0
3.916666666669199e-05 0.0001027037037036852 0
3.916666666669199e-05 0.0001034722222222048 0
3.916666666669199e-05 0.0001042407407407246 0
3.916666666669199e-05 0.0001050092592592443 0
3.916666666669199e-05 0.0001057777777777641 0
3.9166666666692e-05 0.0001065462962962837 0
3.9166666666692e-05 0.0001073148148148034 0
3.9166666666692e-05 0.0001080833333333231 0
3.9166666666692e-05 0.0001088518518518427 0
3.916666666669199e-05 0.0001096203703703622 0
3.916666666669199e-05 0.0001103888888888818 0
3.9166666666692e-05 0.0001111574074074013 0
3.9166666666692e-05 0.0001119259259259209 0
3.916666666669204e-05 0.0001126944444444407 0
3.916666666669212e-05 0.0001134629629629604 0
3.916666666669233e-05 0.0001142314814814802 0
3.833333333336151e-05 7.887962962962857e-05 0
3.833333333336133e-05 7.964814814814603e-05 0
3.833333333336121e-05 8.041666666666344e-05 0
3.833333333336114e-05 8.118518518518082e-05 0
3.833333333336111e-05 8.195370370369818e-05 0
3.833333333336109e-05 8.272222222221556e-05 0
3.833333333336108e-05 8.349074074073294e-05 0
3.833333333336107e-05 8.425925925925033e-05 0
3.833333333336107e-05 8.50277777777677e-05 0
3.833333333336108e-05 8.579629629628504e-05 0
3.833333333336108e-05 8.656481481480236e-05 0
3.833333333336108e-05 8.733333333331964e-05 0
3.833333333336107e-05 8.810185185183692e-05 0
3.833333333336107e-05 8.887037037035424e-05 0
3.833333333336106e-05 8.963888888887158e-05 0
3.833333333336107e-05 9.040740740738898e-05 0
3.833333333336106e-05 9.117592592590646e-05 0
3.833333333336106e-05 9.194444444442403e-05 0
3.833333333336106e-05 9.271296296294166e-05 0
3.833333333336106e-05 9.348148148145943e-05 0
3.833333333336106e-05 9.424999999997735e-05 0
3.833333333336106e-05 9.501851851849545e-05 0
3.833333333336106e-05 9.578703703701375e-05 0
3.833333333336107e-05 9.655555555553232e-05 0
3.833333333336107e-05 9.732407407405108e-05 0
3.833333333336106e-05 9.809259259256998e-05 0
3.833333333336107e-05 9.886111111108911e-05 0
3.833333333336106e-05 9.962962962960837e-05 0
3.833333333336106e-05 0.0001003981481481278 0
3.833333333336107e-05 0.0001011666666666472 0
3.833333333336107e-05 0.0001019351851851667 0
3.833333333336107e-05 0.0001027037037036863 0
3.833333333336106e-05 0.0001034722222222059 0
3.833333333336107e-05 0.0001042407407407256 0
3.833333333336106e-05 0.0001050092592592452 0
3.833333333336107e-05 0.0001057777777777649 0
3.833333333336108e-05 0.0001065462962962845 0
3.833333333336108e-05 0.0001073148148148041 0
3.833333333336108e-05 0.0001080833333333237 0
3.833333333336108e-05 0.0001088518518518432 0
3.833333333336107e-05 0.0001096203703703627 0
3.833333333336108e-05 0.0001103888888888822 0
3.833333333336109e-05 0.0001111574074074017 0
3.833333333336111e-05 0.0001119259259259212 0
3.833333333336118e-05 0.0001126944444444409 0
3.833333333336129e-05 0.0001134629629629605 0
3.83333333333615e-05 0.0001142314814814803 0
3.750000000003052e-05 7.887962962962866e-05 0
3.750000000003039e-05 7.964814814814617e-05 0
3.750000000003027e-05 8.041666666666366e-05 0
3.750000000003019e-05 8.11851851851811e-05 0
3.750000000003014e-05 8.195370370369854e-05 0
3.750000000003012e-05 8.272222222221597e-05 0
3.750000000003011e-05 8.349074074073343e-05 0
3.75000000000301e-05 8.425925925925086e-05 0
3.750000000003009e-05 8.502777777776829e-05 0
3.75000000000301e-05 8.579629629628573e-05 0
3.750000000003009e-05 8.656481481480311e-05 0
3.750000000003009e-05 8.733333333332047e-05 0
3.750000000003009e-05 8.810185185183782e-05 0
3.750000000003008e-05 8.887037037035522e-05 0
3.750000000003008e-05 8.963888888887262e-05 0
3.750000000003008e-05 9.040740740739009e-05 0
3.750000000003008e-05 9.117592592590764e-05 0
3.750000000003008e-05 9.194444444442527e-05 0
3.750000000003008e-05 9.271296296294296e-05 0
3.750000000003008e-05 9.348148148146079e-05 0
3.750000000003008e-05 9.424999999997874e-05 0
3.750000000003008e-05 9.50185185184969e-05 0
3.750000000003009e-05 9.578703703701522e-05 0
3.750000000003008e-05 9.655555555553376e-05 0
3.750000000003008e-05 9.732407407405249e-05 0
3.750000000003009e-05 9.809259259257142e-05 0
3.75000000000301e-05 9.88611111110905e-05 0
3.75000000000301e-05 9.962962962960973e-05 0
3.750000000003009e-05 0.000100398148148129 0
3.750000000003009e-05 0.0001011666666666484 0
3.750000000003009e-05 0.0001019351851851679 0
3.750000000003009e-05 0.0001027037037036874 0
3.750000000003009e-05 0.0001034722222222069 0
3.750000000003009e-05 0.0001042407407407265 0
3.750000000003009e-05 0.0001050092592592461 0
3.750000000003009e-05 0.0001057777777777657 0
3.75000000000301e-05 0.0001065462962962853 0
3.750000000003009e-05 0.0001073148148148048 0
3.750000000003009e-05 0.0001080833333333243 0
3.750000000003009e-05 0.0001088518518518438 0
3.750000000003009e-05 0.0001096203703703632 0
3.75000000000301e-05 0.0001103888888888826 0
3.750000000003012e-05 0.0001111574074074021 0
3.750000000003016e-05 0.0001119259259259215 0
3.750000000003024e-05 0.0001126944444444411 0
3.750000000003037e-05 0.0001134629629629607 0
3.75000000000305e-05 0.0001142314814814803 0
3.666666666669975e-05 7.887962962962872e-05 0
3.666666666669942e-05 7.964814814814631e-05 0
3.666666666669925e-05 8.041666666666386e-05 0
3.666666666669916e-05 8.118518518518139e-05 0
3.666666666669912e-05 8.195370370369887e-05 0
3.666666666669908e-05 8.272222222221638e-05 0
3.666666666669908e-05 8.349074074073389e-05 0
3.666666666669906e-05 8.425925925925142e-05 0
3.666666666669907e-05 8.502777777776893e-05 0
3.666666666669907e-05 8.579629629628642e-05 0
3.666666666669906e-05 8.656481481480385e-05 0
3.666666666669906e-05 8.73333333333213e-05 0
3.666666666669906e-05 8.810185185183873e-05 0
3.666666666669905e-05 8.887037037035616e-05 0
3.666666666669904e-05 8.963888888887366e-05 0
3.666666666669904e-05 9.040740740739121e-05 0
3.666666666669904e-05 9.117592592590882e-05 0
3.666666666669904e-05 9.194444444442651e-05 0
3.666666666669904e-05 9.271296296294426e-05 0
3.666666666669905e-05 9.348148148146216e-05 0
3.666666666669905e-05 9.424999999998016e-05 0
3.666666666669905e-05 9.501851851849834e-05 0
3.666666666669906e-05 9.578703703701668e-05 0
3.666666666669905e-05 9.65555555555352e-05 0
3.666666666669905e-05 9.732407407405392e-05 0
3.666666666669905e-05 9.809259259257284e-05 0
3.666666666669906e-05 9.88611111110919e-05 0
3.666666666669906e-05 9.962962962961107e-05 0
3.666666666669906e-05 0.0001003981481481304 0
3.666666666669906e-05 0.0001011666666666497 0
3.666666666669906e-05 0.0001019351851851691 0
3.666666666669906e-05 0.0001027037037036885 0
3.666666666669906e-05 0.000103472222222208 0
3.666666666669906e-05 0.0001042407407407275 0
3.666666666669906e-05 0.000105009259259247 0
3.666666666669906e-05 0.0001057777777777665 0
3.666666666669906e-05 0.000106546296296286 0
3.666666666669906e-05 0.0001073148148148055 0
3.666666666669906e-05 0.0001080833333333249 0
3.666666666669906e-05 0.0001088518518518443 0
3.666666666669906e-05 0.0001096203703703637 0
3.666666666669906e-05 0.000110388888888883 0
3.666666666669909e-05 0.0001111574074074024 0
3.666666666669914e-05 0.0001119259259259218 0
3.666666666669923e-05 0.0001126944444444413 0
3.66666666666994e-05 0.0001134629629629608 0
3.666666666669975e-05 0.0001142314814814804 0
3.583333333336844e-05 7.887962962962878e-05 0
3.583333333336822e-05 7.964814814814644e-05 0
3.583333333336812e-05 8.041666666666406e-05 0
3.583333333336806e-05 8.118518518518165e-05 0
3.583333333336803e-05 8.195370370369923e-05 0
3.583333333336802e-05 8.272222222221681e-05 0
3.5833333333368e-05 8.349074074073439e-05 0
3.5833333333368e-05 8.425925925925196e-05 0
3.5833333333368e-05 8.502777777776956e-05 0
3.5833333333368e-05 8.579629629628711e-05 0
3.583333333336799e-05 8.656481481480462e-05 0
3.583333333336799e-05 8.733333333332215e-05 0
3.583333333336798e-05 8.810185185183964e-05 0
3.583333333336798e-05 8.887037037035715e-05 0
3.583333333336798e-05 8.963888888887472e-05 0
3.583333333336797e-05 9.040740740739234e-05 0
3.583333333336797e-05 9.117592592591001e-05 0
3.583333333336798e-05 9.194444444442777e-05 0
3.583333333336797e-05 9.271296296294558e-05 0
3.583333333336798e-05 9.34814814814635e-05 0
3.583333333336799e-05 9.424999999998157e-05 0
3.583333333336798e-05 9.501851851849979e-05 0
3.583333333336799e-05 9.578703703701814e-05 0
3.583333333336798e-05 9.655555555553665e-05 0
3.583333333336797e-05 9.732407407405535e-05 0
3.583333333336798e-05 9.809259259257426e-05 0
3.583333333336799e-05 9.886111111109328e-05 0
3.583333333336799e-05 9.962962962961242e-05 0
3.583333333336799e-05 0.0001003981481481316 0
3.5833333333368e-05 0.0001011666666666509 0
3.5833333333368e-05 0.0001019351851851703 0
3.5833333333368e-05 0.0001027037037036897 0
3.583333333336799e-05 0.000103472222222209 0
3.583333333336799e-05 0.0001042407407407285 0
3.583333333336799e-05 0.0001050092592592479 0
3.583333333336799e-05 0.0001057777777777673 0
3.583333333336798e-05 0.0001065462962962868 0
3.583333333336799e-05 0.0001073148148148062 0
3.5833333333368e-05 0.0001080833333333255 0
3.5833333333368e-05 0.0001088518518518448 0
3.583333333336799e-05 0.0001096203703703641 0
3.5833333333368e-05 0.0001103888888888834 0
3.583333333336801e-05 0.0001111574074074027 0
3.583333333336805e-05 0.0001119259259259221 0
3.58333333333681e-05 0.0001126944444444415 0
3.583333333336821e-05 0.000113462962962961 0
3.583333333336844e-05 0.0001142314814814805 0
3.500000000003676e-05 7.887962962962887e-05 0
3.500000000003688e-05 7.964814814814659e-05 0
3.500000000003691e-05 8.041666666666428e-05 0
3.500000000003692e-05 8.118518518518194e-05 0
3.500000000003691e-05 8.195370370369958e-05 0
3.500000000003691e-05 8.272222222221722e-05 0
3.500000000003691e-05 8.349074074073485e-05 0
3.500000000003691e-05 8.425925925925253e-05 0
3.500000000003691e-05 8.502777777777018e-05 0
3.500000000003691e-05 8.579629629628777e-05 0
3.500000000003691e-05 8.656481481480538e-05 0
3.50000000000369e-05 8.733333333332297e-05 0
3.50000000000369e-05 8.810185185184053e-05 0
3.50000000000369e-05 8.887037037035816e-05 0
3.500000000003689e-05 8.963888888887578e-05 0
3.500000000003689e-05 9.040740740739347e-05 0
3.500000000003689e-05 9.117592592591121e-05 0
3.500000000003689e-05 9.194444444442903e-05 0
3.500000000003689e-05 9.271296296294689e-05 0
3.500000000003689e-05 9.348148148146484e-05 0
3.50000000000369e-05 9.424999999998298e-05 0
3.50000000000369e-05 9.501851851850121e-05 0
3.50000000000369e-05 9.578703703701959e-05 0
3.500000000003689e-05 9.65555555555381e-05 0
3.500000000003689e-05 9.732407407405682e-05 0
3.50000000000369e-05 9.809259259257569e-05 0
3.500000000003691e-05 9.886111111109468e-05 0
3.500000000003689e-05 9.962962962961375e-05 0
3.500000000003689e-05 0.0001003981481481329 0
3.50000000000369e-05 0.0001011666666666522 0
3.50000000000369e-05 0.0001019351851851715 0
3.50000000000369e-05 0.0001027037037036908 0
3.50000000000369e-05 0.0001034722222222101 0
3.500000000003691e-05 0.0001042407407407295 0
3.50000000000369e-05 0.0001050092592592488 0
3.50000000000369e-05 0.0001057777777777682 0
3.500000000003689e-05 0.0001065462962962875 0
3.50000000000369e-05 0.0001073148148148069 0
3.500000000003689e-05 0.0001080833333333262 0
3.500000000003689e-05 0.0001088518518518454 0
3.50000000000369e-05 0.0001096203703703646 0
3.500000000003689e-05 0.0001103888888888838 0
3.500000000003691e-05 0.0001111574074074031 0
3.500000000003691e-05 0.0001119259259259223 0
3.500000000003691e-05 0.0001126944444444417 0
3.500000000003688e-05 0.0001134629629629611 0
3.500000000003676e-05 0.0001142314814814805 0
3.416666666670556e-05 7.887962962962894e-05 0
3.416666666670568e-05 7.964814814814674e-05 0
3.416666666670574e-05 8.041666666666448e-05 0
3.416666666670579e-05 8.11851851851822e-05 0
3.41666666667058e-05 8.195370370369992e-05 0
3.416666666670581e-05 8.272222222221762e-05 0
3.416666666670581e-05 8.349074074073535e-05 0
3.416666666670583e-05 8.425925925925308e-05 0
3.416666666670582e-05 8.502777777777079e-05 0
3.416666666670582e-05 8.579629629628847e-05 0
3.416666666670583e-05 8.656481481480614e-05 0
3.416666666670583e-05 8.733333333332381e-05 0
3.416666666670582e-05 8.810185185184146e-05 0
3.416666666670581e-05 8.887037037035916e-05 0
3.416666666670581e-05 8.963888888887684e-05 0
3.416666666670581e-05 9.040740740739461e-05 0
3.416666666670581e-05 9.117592592591241e-05 0
3.416666666670581e-05 9.194444444443026e-05 0
3.416666666670581e-05 9.271296296294819e-05 0
3.416666666670581e-05 9.348148148146621e-05 0
3.416666666670582e-05 9.424999999998436e-05 0
3.416666666670583e-05 9.501851851850265e-05 0
3.416666666670582e-05 9.578703703702104e-05 0
3.416666666670581e-05 9.655555555553957e-05 0
3.416666666670581e-05 9.732407407405825e-05 0
3.416666666670581e-05 9.809259259257711e-05 0
3.416666666670581e-05 9.886111111109606e-05 0
3.416666666670581e-05 9.962962962961511e-05 0
3.416666666670582e-05 0.0001003981481481343 0
3.416666666670582e-05 0.0001011666666666534 0
3.416666666670582e-05 0.0001019351851851726 0
3.416666666670581e-05 0.0001027037037036919 0
3.416666666670581e-05 0.0001034722222222111 0
3.416666666670582e-05 0.0001042407407407304 0
3.416666666670582e-05 0.0001050092592592497 0
3.416666666670583e-05 0.000105777777777769 0
3.416666666670581e-05 0.0001065462962962883 0
3.416666666670582e-05 0.0001073148148148076 0
3.416666666670582e-05 0.0001080833333333268 0
3.416666666670581e-05 0.0001088518518518459 0
3.416666666670581e-05 0.0001096203703703651 0
3.416666666670581e-05 0.0001103888888888843 0
3.416666666670581e-05 0.0001111574074074034 0
3.416666666670579e-05 0.0001119259259259226 0
3.416666666670575e-05 0.0001126944444444419 0
3.416666666670567e-05 0.0001134629629629613 0
3.416666666670555e-05 0.0001142314814814806 0
3.333333333337421e-05 7.887962962962899e-05 0
3.33333333333745e-05 7.964814814814687e-05 0
3.333333333337462e-05 8.04166666666647e-05 0
3.333333333337469e-05 8.118518518518249e-05 0
3.333333333337472e-05 8.195370370370027e-05 0
3.333333333337472e-05 8.272222222221804e-05 0
3.333333333337473e-05 8.349074074073583e-05 0
3.333333333337474e-05 8.425925925925363e-05 0
3.333333333337474e-05 8.50277777777714e-05 0
3.333333333337474e-05 8.579629629628917e-05 0
3.333333333337474e-05 8.65648148148069e-05 0
3.333333333337474e-05 8.733333333332465e-05 0
3.333333333337474e-05 8.810185185184238e-05 0
3.333333333337474e-05 8.887037037036015e-05 0
3.333333333337474e-05 8.963888888887792e-05 0
3.333333333337473e-05 9.040740740739575e-05 0
3.333333333337473e-05 9.11759259259136e-05 0
3.333333333337473e-05 9.194444444443153e-05 0
3.333333333337473e-05 9.271296296294952e-05 0
3.333333333337474e-05 9.348148148146759e-05 0
3.333333333337474e-05 9.424999999998577e-05 0
3.333333333337474e-05 9.501851851850408e-05 0
3.333333333337474e-05 9.578703703702249e-05 0
3.333333333337474e-05 9.655555555554104e-05 0
3.333333333337474e-05 9.732407407405973e-05 0
3.333333333337473e-05 9.809259259257853e-05 0
3.333333333337473e-05 9.886111111109747e-05 0
3.333333333337474e-05 9.962962962961647e-05 0
3.333333333337474e-05 0.0001003981481481356 0
3.333333333337474e-05 0.0001011666666666547 0
3.333333333337473e-05 0.0001019351851851738 0
3.333333333337473e-05 0.000102703703703693 0
3.333333333337474e-05 0.0001034722222222122 0
3.333333333337474e-05 0.0001042407407407314 0
3.333333333337474e-05 0.0001050092592592506 0
3.333333333337474e-05 0.0001057777777777698 0
3.333333333337474e-05 0.0001065462962962891 0
3.333333333337474e-05 0.0001073148148148083 0
3.333333333337474e-05 0.0001080833333333274 0
3.333333333337474e-05 0.0001088518518518465 0
3.333333333337473e-05 0.0001096203703703656 0
3.333333333337473e-05 0.0001103888888888847 0
3.333333333337472e-05 0.0001111574074074038 0
3.33333333333747e-05 0.000111925925925923 0
3.333333333337463e-05 0.0001126944444444421 0
3.333333333337451e-05 0.0001134629629629614 0
3.33333333333742e-05 0.0001142314814814807 0
3.25000000000434e-05 7.887962962962908e-05 0
3.250000000004353e-05 7.964814814814701e-05 0
3.25000000000436e-05 8.04166666666649e-05 0
3.250000000004363e-05 8.118518518518276e-05 0
3.250000000004365e-05 8.195370370370061e-05 0
3.250000000004366e-05 8.272222222221846e-05 0
3.250000000004368e-05 8.349074074073633e-05 0
3.250000000004368e-05 8.425925925925418e-05 0
3.250000000004366e-05 8.502777777777202e-05 0
3.250000000004368e-05 8.579629629628986e-05 0
3.250000000004367e-05 8.656481481480767e-05 0
3.250000000004367e-05 8.733333333332547e-05 0
3.250000000004367e-05 8.810185185184328e-05 0
3.250000000004368e-05 8.887037037036111e-05 0
3.250000000004368e-05 8.963888888887896e-05 0
3.250000000004367e-05 9.040740740739686e-05 0
3.250000000004367e-05 9.117592592591478e-05 0
3.250000000004367e-05 9.194444444443278e-05 0
3.250000000004367e-05 9.271296296295082e-05 0
3.250000000004367e-05 9.348148148146895e-05 0
3.250000000004367e-05 9.424999999998718e-05 0
3.250000000004368e-05 9.501851851850551e-05 0
3.250000000004368e-05 9.578703703702394e-05 0
3.250000000004368e-05 9.655555555554251e-05 0
3.250000000004367e-05 9.732407407406119e-05 0
3.250000000004367e-05 9.809259259257997e-05 0
3.250000000004367e-05 9.886111111109884e-05 0
3.250000000004367e-05 9.962962962961786e-05 0
3.250000000004368e-05 0.0001003981481481369 0
3.250000000004367e-05 0.0001011666666666559 0
3.250000000004367e-05 0.000101935185185175 0
3.250000000004367e-05 0.0001027037037036941 0
3.250000000004367e-05 0.0001034722222222132 0
3.250000000004368e-05 0.0001042407407407324 0
3.250000000004368e-05 0.0001050092592592515 0
3.250000000004368e-05 0.0001057777777777707 0
3.250000000004368e-05 0.0001065462962962898 0
3.250000000004368e-05 0.000107314814814809 0
3.250000000004368e-05 0.000108083333333328 0
3.250000000004368e-05 0.0001088518518518471 0
3.250000000004367e-05 0.0001096203703703661 0
3.250000000004367e-05 0.0001103888888888851 0
3.250000000004366e-05 0.0001111574074074041 0
3.250000000004364e-05 0.0001119259259259232 0
3.25000000000436e-05 0.0001126944444444424 0
3.250000000004353e-05 0.0001134629629629615 0
3.25000000000434e-05 0.0001142314814814808 0
3.166666666671277e-05 7.887962962962914e-05 0
3.166666666671263e-05 7.964814814814715e-05 0
3.16666666667126e-05 8.041666666666511e-05 0
3.16666666667126e-05 8.118518518518303e-05 0
3.16666666667126e-05 8.195370370370095e-05 0
3.16666666667126e-05 8.272222222221886e-05 0
3.16666666667126e-05 8.349074074073679e-05 0
3.16666666667126e-05 8.425925925925472e-05 0
3.16666666667126e-05 8.502777777777266e-05 0
3.166666666671261e-05 8.579629629629055e-05 0
3.166666666671261e-05 8.656481481480845e-05 0
3.16666666667126e-05 8.733333333332631e-05 0
3.166666666671261e-05 8.810185185184418e-05 0
3.166666666671262e-05 8.887037037036207e-05 0
3.166666666671261e-05 8.963888888888001e-05 0
3.166666666671261e-05 9.040740740739798e-05 0
3.166666666671261e-05 9.117592592591597e-05 0
3.16666666667126e-05 9.194444444443401e-05 0
3.16666666667126e-05 9.271296296295214e-05 0
3.166666666671261e-05 9.348148148147032e-05 0
3.166666666671261e-05 9.424999999998859e-05 0
3.166666666671262e-05 9.501851851850693e-05 0
3.166666666671262e-05 9.578703703702541e-05 0
3.166666666671262e-05 9.655555555554398e-05 0
3.166666666671261e-05 9.732407407406262e-05 0
3.166666666671261e-05 9.809259259258141e-05 0
3.166666666671261e-05 9.886111111110026e-05 0
3.166666666671261e-05 9.96296296296192e-05 0
3.166666666671262e-05 0.0001003981481481382 0
3.166666666671262e-05 0.0001011666666666572 0
3.166666666671261e-05 0.0001019351851851762 0
3.166666666671262e-05 0.0001027037037036952 0
3.166666666671261e-05 0.0001034722222222143 0
3.166666666671262e-05 0.0001042407407407333 0
3.166666666671262e-05 0.0001050092592592524 0
3.166666666671262e-05 0.0001057777777777715 0
3.166666666671262e-05 0.0001065462962962906 0
3.166666666671262e-05 0.0001073148148148097 0
3.166666666671261e-05 0.0001080833333333287 0
3.166666666671262e-05 0.0001088518518518476 0
3.16666666667126e-05 0.0001096203703703665 0
3.16666666667126e-05 0.0001103888888888855 0
3.16666666667126e-05 0.0001111574074074045 0
3.16666666667126e-05 0.0001119259259259235 0
3.16666666667126e-05 0.0001126944444444426 0
3.166666666671264e-05 0.0001134629629629617 0
3.166666666671275e-05 0.0001142314814814808 0
3.083333333338173e-05 7.887962962962921e-05 0
3.083333333338162e-05 7.964814814814728e-05 0
3.083333333338157e-05 8.041666666666531e-05 0
3.083333333338155e-05 8.118518518518331e-05 0
3.083333333338154e-05 8.19537037037013e-05 0
3.083333333338153e-05 8.272222222221929e-05 0
3.083333333338153e-05 8.349074074073728e-05 0
3.083333333338152e-05 8.425925925925527e-05 0
3.083333333338153e-05 8.502777777777327e-05 0
3.083333333338153e-05 8.579629629629124e-05 0
3.083333333338153e-05 8.656481481480921e-05 0
3.083333333338152e-05 8.733333333332715e-05 0
3.083333333338152e-05 8.810185185184509e-05 0
3.083333333338152e-05 8.887037037036304e-05 0
3.083333333338152e-05 8.963888888888106e-05 0
3.083333333338153e-05 9.040740740739909e-05 0
3.083333333338153e-05 9.117592592591718e-05 0
3.083333333338152e-05 9.194444444443529e-05 0
3.083333333338152e-05 9.271296296295345e-05 0
3.083333333338152e-05 9.34814814814717e-05 0
3.083333333338153e-05 9.424999999999e-05 0
3.083333333338153e-05 9.501851851850839e-05 0
3.083333333338152e-05 9.578703703702686e-05 0
3.083333333338152e-05 9.655555555554543e-05 0
3.083333333338151e-05 9.732407407406405e-05 0
3.083333333338152e-05 9.809259259258283e-05 0
3.083333333338153e-05 9.886111111110164e-05 0
3.083333333338152e-05 9.962962962962054e-05 0
3.083333333338153e-05 0.0001003981481481394 0
3.083333333338153e-05 0.0001011666666666584 0
3.083333333338153e-05 0.0001019351851851774 0
3.083333333338153e-05 0.0001027037037036963 0
3.083333333338153e-05 0.0001034722222222153 0
3.083333333338152e-05 0.0001042407407407343 0
3.083333333338152e-05 0.0001050092592592533 0
3.083333333338153e-05 0.0001057777777777723 0
3.083333333338153e-05 0.0001065462962962913 0
3.083333333338153e-05 0.0001073148148148103 0
3.083333333338153e-05 0.0001080833333333293 0
3.083333333338153e-05 0.0001088518518518482 0
3.083333333338153e-05 0.000109620370370367 0
3.083333333338153e-05 0.0001103888888888859 0
3.083333333338152e-05 0.0001111574074074048 0
3.083333333338153e-05 0.0001119259259259237 0
3.083333333338156e-05 0.0001126944444444427 0
3.083333333338161e-05 0.0001134629629629618 0
3.083333333338172e-05 0.0001142314814814809 0
3.000000000005061e-05 7.887962962962928e-05 0
3.000000000005053e-05 7.964814814814742e-05 0
3.000000000005047e-05 8.041666666666551e-05 0
3.000000000005044e-05 8.118518518518358e-05 0
3.000000000005042e-05 8.195370370370163e-05 0
3.00000000000504e-05 8.272222222221968e-05 0
3.00000000000504e-05 8.349074074073774e-05 0
3.000000000005039e-05 8.425925925925581e-05 0
3.000000000005039e-05 8.502777777777388e-05 0
3.000000000005039e-05 8.579629629629193e-05 0
3.000000000005038e-05 8.656481481480996e-05 0
3.000000000005038e-05 8.733333333332798e-05 0
3.000000000005038e-05 8.810185185184601e-05 0
3.000000000005038e-05 8.887037037036405e-05 0
3.000000000005038e-05 8.963888888888212e-05 0
3.000000000005038e-05 9.040740740740022e-05 0
3.000000000005038e-05 9.117592592591834e-05 0
3.000000000005038e-05 9.194444444443652e-05 0
3.000000000005038e-05 9.271296296295478e-05 0
3.000000000005038e-05 9.348148148147305e-05 0
3.000000000005038e-05 9.424999999999141e-05 0
3.000000000005038e-05 9.501851851850984e-05 0
3.000000000005038e-05 9.578703703702829e-05 0
3.000000000005038e-05 9.655555555554686e-05 0
3.000000000005038e-05 9.732407407406552e-05 0
3.000000000005039e-05 9.809259259258425e-05 0
3.000000000005039e-05 9.886111111110305e-05 0
3.000000000005038e-05 9.96296296296219e-05 0
3.000000000005038e-05 0.0001003981481481408 0
3.000000000005038e-05 0.0001011666666666596 0
3.000000000005038e-05 0.0001019351851851786 0
3.000000000005038e-05 0.0001027037037036975 0
3.000000000005039e-05 0.0001034722222222164 0
3.000000000005039e-05 0.0001042407407407353 0
3.000000000005038e-05 0.0001050092592592542 0
3.000000000005038e-05 0.0001057777777777731 0
3.000000000005038e-05 0.0001065462962962921 0
3.000000000005038e-05 0.000107314814814811 0
3.000000000005038e-05 0.0001080833333333299 0
3.000000000005038e-05 0.0001088518518518487 0
3.000000000005038e-05 0.0001096203703703675 0
3.000000000005039e-05 0.0001103888888888863 0
3.00000000000504e-05 0.0001111574074074051 0
3.00000000000504e-05 0.000111925925925924 0
3.000000000005044e-05 0.000112694444444443 0
3.000000000005049e-05 0.000113462962962962 0
3.000000000005058e-05 0.000114231481481481 0
2.916666666671946e-05 7.887962962962935e-05 0
2.916666666671937e-05 7.964814814814754e-05 0
2.916666666671929e-05 8.04166666666657e-05 0
2.916666666671923e-05 8.118518518518384e-05 0
2.916666666671919e-05 8.195370370370196e-05 0
2.916666666671917e-05 8.272222222222009e-05 0
2.916666666671915e-05 8.349074074073821e-05 0
2.916666666671915e-05 8.425925925925635e-05 0
2.916666666671913e-05 8.50277777777745e-05 0
2.916666666671913e-05 8.579629629629263e-05 0
2.916666666671912e-05 8.656481481481072e-05 0
2.916666666671912e-05 8.733333333332879e-05 0
2.916666666671913e-05 8.81018518518469e-05 0
2.916666666671912e-05 8.887037037036501e-05 0
2.916666666671912e-05 8.963888888888315e-05 0
2.916666666671912e-05 9.040740740740133e-05 0
2.916666666671912e-05 9.117592592591955e-05 0
2.916666666671913e-05 9.194444444443781e-05 0
2.916666666671913e-05 9.271296296295611e-05 0
2.916666666671912e-05 9.348148148147445e-05 0
2.916666666671912e-05 9.424999999999282e-05 0
2.916666666671912e-05 9.501851851851125e-05 0
2.916666666671912e-05 9.578703703702976e-05 0
2.916666666671912e-05 9.655555555554833e-05 0
2.916666666671912e-05 9.732407407406697e-05 0
2.916666666671913e-05 9.809259259258567e-05 0
2.916666666671913e-05 9.886111111110444e-05 0
2.916666666671912e-05 9.962962962962325e-05 0
2.916666666671913e-05 0.0001003981481481421 0
2.916666666671913e-05 0.0001011666666666609 0
2.916666666671913e-05 0.0001019351851851797 0
2.916666666671913e-05 0.0001027037037036986 0
2.916666666671913e-05 0.0001034722222222174 0
2.916666666671912e-05 0.0001042407407407363 0
2.916666666671912e-05 0.0001050092592592551 0
2.916666666671912e-05 0.000105777777777774 0
2.916666666671912e-05 0.0001065462962962928 0
2.916666666671912e-05 0.0001073148148148117 0
2.916666666671912e-05 0.0001080833333333305 0
2.916666666671912e-05 0.0001088518518518492 0
2.916666666671912e-05 0.000109620370370368 0
2.916666666671913e-05 0.0001103888888888867 0
2.916666666671914e-05 0.0001111574074074055 0
2.916666666671917e-05 0.0001119259259259243 0
2.916666666671921e-05 0.0001126944444444432 0
2.916666666671928e-05 0.0001134629629629621 0
2.91666666667194e-05 0.0001142314814814811 0
2.833333333338824e-05 7.887962962962941e-05 0
2.833333333338809e-05 7.964814814814769e-05 0
2.833333333338796e-05 8.041666666666591e-05 0
2.833333333338786e-05 8.118518518518413e-05 0
2.833333333338779e-05 8.19537037037023e-05 0
2.833333333338775e-05 8.27222222222205e-05 0
2.833333333338772e-05 8.349074074073869e-05 0
2.83333333333877e-05 8.425925925925689e-05 0
2.833333333338769e-05 8.50277777777751e-05 0
2.833333333338768e-05 8.57962962962933e-05 0
2.833333333338768e-05 8.656481481481148e-05 0
2.833333333338768e-05 8.733333333332966e-05 0
2.833333333338767e-05 8.810185185184781e-05 0
2.833333333338767e-05 8.887037037036599e-05 0
2.833333333338767e-05 8.963888888888422e-05 0
2.833333333338767e-05 9.040740740740247e-05 0
2.833333333338767e-05 9.117592592592074e-05 0
2.833333333338768e-05 9.194444444443906e-05 0
2.833333333338768e-05 9.271296296295742e-05 0
2.833333333338768e-05 9.34814814814758e-05 0
2.833333333338768e-05 9.424999999999423e-05 0
2.833333333338768e-05 9.501851851851269e-05 0
2.833333333338768e-05 9.578703703703121e-05 0
2.833333333338767e-05 9.655555555554978e-05 0
2.833333333338767e-05 9.732407407406842e-05 0
2.833333333338768e-05 9.809259259258708e-05 0
2.833333333338768e-05 9.886111111110583e-05 0
2.833333333338767e-05 9.962962962962461e-05 0
2.833333333338768e-05 0.0001003981481481434 0
2.833333333338768e-05 0.0001011666666666622 0
2.833333333338768e-05 0.0001019351851851809 0
2.833333333338768e-05 0.0001027037037036997 0
2.833333333338768e-05 0.0001034722222222185 0
2.833333333338768e-05 0.0001042407407407372 0
2.833333333338768e-05 0.000105009259259256 0
2.833333333338768e-05 0.0001057777777777748 0
2.833333333338767e-05 0.0001065462962962936 0
2.833333333338767e-05 0.0001073148148148123 0
2.833333333338768e-05 0.0001080833333333311 0
2.833333333338767e-05 0.0001088518518518498 0
2.833333333338767e-05 0.0001096203703703685 0
2.833333333338768e-05 0.0001103888888888872 0
2.83333333333877e-05 0.0001111574074074059 0
2.833333333338775e-05 0.0001119259259259246 0
2.833333333338782e-05 0.0001126944444444434 0
2.833333333338796e-05 0.0001134629629629622 0
2.833333333338815e-05 0.0001142314814814811 0
2.750000000005691e-05 7.887962962962948e-05 0
2.750000000005664e-05 7.964814814814782e-05 0
2.750000000005641e-05 8.041666666666614e-05 0
2.750000000005624e-05 8.118518518518441e-05 0
2.750000000005613e-05 8.195370370370266e-05 0
2.750000000005605e-05 8.27222222222209e-05 0
2.7500000000056e-05 8.349074074073916e-05 0
2.750000000005597e-05 8.425925925925745e-05 0
2.750000000005595e-05 8.502777777777572e-05 0
2.750000000005595e-05 8.579629629629399e-05 0
2.750000000005594e-05 8.656481481481224e-05 0
2.750000000005594e-05 8.733333333333049e-05 0
2.750000000005594e-05 8.810185185184872e-05 0
2.750000000005594e-05 8.887037037036699e-05 0
2.750000000005594e-05 8.963888888888528e-05 0
2.750000000005594e-05 9.040740740740361e-05 0
2.750000000005593e-05 9.117592592592195e-05 0
2.750000000005594e-05 9.194444444444032e-05 0
2.750000000005594e-05 9.271296296295872e-05 0
2.750000000005594e-05 9.348148148147716e-05 0
2.750000000005594e-05 9.424999999999565e-05 0
2.750000000005594e-05 9.501851851851411e-05 0
2.750000000005593e-05 9.578703703703267e-05 0
2.750000000005593e-05 9.655555555555124e-05 0
2.750000000005593e-05 9.732407407406985e-05 0
2.750000000005594e-05 9.809259259258852e-05 0
2.750000000005594e-05 9.886111111110721e-05 0
2.750000000005594e-05 9.962962962962592e-05 0
2.750000000005594e-05 0.0001003981481481447 0
2.750000000005594e-05 0.0001011666666666634 0
2.750000000005593e-05 0.0001019351851851821 0
2.750000000005594e-05 0.0001027037037037008 0
2.750000000005594e-05 0.0001034722222222195 0
2.750000000005594e-05 0.0001042407407407382 0
2.750000000005594e-05 0.0001050092592592569 0
2.750000000005594e-05 0.0001057777777777756 0
2.750000000005594e-05 0.0001065462962962944 0
2.750000000005593e-05 0.000107314814814813 0
2.750000000005593e-05 0.0001080833333333317 0
2.750000000005594e-05 0.0001088518518518503 0
2.750000000005595e-05 0.0001096203703703689 0
2.750000000005596e-05 0.0001103888888888875 0
2.750000000005599e-05 0.0001111574074074062 0
2.750000000005607e-05 0.0001119259259259249 0
2.750000000005622e-05 0.0001126944444444436 0
2.750000000005646e-05 0.0001134629629629624 0
2.75000000000568e-05 0.0001142314814814812 0
2.666666666672551e-05 7.887962962962956e-05 0
2.666666666672497e-05 7.964814814814797e-05 0
2.666666666672456e-05 8.041666666666635e-05 0
2.666666666672427e-05 8.118518518518469e-05 0
2.666666666672409e-05 8.195370370370299e-05 0
2.666666666672398e-05 8.272222222222132e-05 0
2.666666666672391e-05 8.349074074073966e-05 0
2.666666666672387e-05 8.425925925925799e-05 0
2.666666666672384e-05 8.502777777777634e-05 0
2.666666666672383e-05 8.579629629629469e-05 0
2.666666666672382e-05 8.656481481481301e-05 0
2.666666666672381e-05 8.733333333333133e-05 0
2.666666666672381e-05 8.810185185184964e-05 0
2.666666666672381e-05 8.887037037036797e-05 0
2.666666666672381e-05 8.963888888888634e-05 0
2.666666666672381e-05 9.040740740740472e-05 0
2.666666666672381e-05 9.117592592592314e-05 0
2.666666666672381e-05 9.194444444444156e-05 0
2.666666666672381e-05 9.271296296296003e-05 0
2.666666666672381e-05 9.348148148147852e-05 0
2.666666666672381e-05 9.424999999999702e-05 0
2.666666666672381e-05 9.501851851851555e-05 0
2.666666666672381e-05 9.578703703703408e-05 0
2.666666666672381e-05 9.655555555555269e-05 0
2.666666666672381e-05 9.73240740740713e-05 0
2.666666666672381e-05 9.809259259258994e-05 0
2.666666666672381e-05 9.886111111110862e-05 0
2.666666666672381e-05 9.962962962962728e-05 0
2.666666666672381e-05 0.000100398148148146 0
2.666666666672381e-05 0.0001011666666666646 0
2.666666666672381e-05 0.0001019351851851833 0
2.666666666672381e-05 0.0001027037037037019 0
2.666666666672381e-05 0.0001034722222222205 0
2.666666666672381e-05 0.0001042407407407392 0
2.666666666672381e-05 0.0001050092592592578 0
2.666666666672381e-05 0.0001057777777777765 0
2.666666666672381e-05 0.0001065462962962951 0
2.666666666672381e-05 0.0001073148148148137 0
2.666666666672381e-05 0.0001080833333333323 0
2.666666666672381e-05 0.0001088518518518509 0
2.666666666672382e-05 0.0001096203703703694 0
2.666666666672385e-05 0.000110388888888888 0
2.666666666672391e-05 0.0001111574074074065 0
2.666666666672405e-05 0.0001119259259259251 0
2.666666666672431e-05 0.0001126944444444438 0
2.666666666672473e-05 0.0001134629629629625 0
2.666666666672536e-05 0.0001142314814814812 0
2.583333333339392e-05 7.887962962962963e-05 0
2.58333333333929e-05 7.964814814814812e-05 0
2.583333333339225e-05 8.041666666666656e-05 0
2.583333333339184e-05 8.118518518518495e-05 0
2.583333333339159e-05 8.195370370370332e-05 0
2.583333333339145e-05 8.272222222222173e-05 0
2.583333333339135e-05 8.349074074074014e-05 0
2.58333333333913e-05 8.425925925925855e-05 0
2.583333333339126e-05 8.502777777777695e-05 0
2.583333333339125e-05 8.579629629629536e-05 0
2.583333333339124e-05 8.656481481481377e-05 0
2.583333333339123e-05 8.733333333333218e-05 0
2.583333333339123e-05 8.810185185185058e-05 0
2.583333333339123e-05 8.887037037036896e-05 0
2.583333333339123e-05 8.963888888888739e-05 0
2.583333333339123e-05 9.040740740740586e-05 0
2.583333333339123e-05 9.117592592592433e-05 0
2.583333333339123e-05 9.194444444444284e-05 0
2.583333333339123e-05 9.271296296296135e-05 0
2.583333333339123e-05 9.348148148147987e-05 0
2.583333333339123e-05 9.42499999999984e-05 0
2.583333333339123e-05 9.501851851851697e-05 0
2.583333333339123e-05 9.578703703703554e-05 0
2.583333333339122e-05 9.655555555555413e-05 0
2.583333333339123e-05 9.732407407407273e-05 0
2.583333333339123e-05 9.809259259259135e-05 0
2.583333333339123e-05 9.886111111110999e-05 0
2.583333333339123e-05 9.962962962962862e-05 0
2.583333333339123e-05 0.0001003981481481472 0
2.583333333339124e-05 0.0001011666666666659 0
2.583333333339123e-05 0.0001019351851851845 0
2.583333333339123e-05 0.000102703703703703 0
2.583333333339122e-05 0.0001034722222222216 0
2.583333333339123e-05 0.0001042407407407401 0
2.583333333339123e-05 0.0001050092592592587 0
2.583333333339123e-05 0.0001057777777777773 0
2.583333333339123e-05 0.0001065462962962959 0
2.583333333339123e-05 0.0001073148148148144 0
2.583333333339123e-05 0.000108083333333333 0
2.583333333339124e-05 0.0001088518518518515 0
2.583333333339125e-05 0.0001096203703703699 0
2.583333333339129e-05 0.0001103888888888884 0
2.583333333339138e-05 0.0001111574074074069 0
2.583333333339158e-05 0.0001119259259259254 0
2.583333333339196e-05 0.000112694444444444 0
2.583333333339262e-05 0.0001134629629629626 0
2.583333333339374e-05 0.0001142314814814813 0
2.500000000006154e-05 7.88796296296297e-05 0
2.500000000006014e-05 7.964814814814827e-05 0
2.500000000005933e-05 8.041666666666676e-05 0
2.500000000005886e-05 8.118518518518524e-05 0
2.500000000005855e-05 8.195370370370367e-05 0
2.500000000005838e-05 8.272222222222215e-05 0
2.500000000005828e-05 8.349074074074063e-05 0
2.500000000005822e-05 8.425925925925909e-05 0
2.500000000005818e-05 8.502777777777756e-05 0
2.500000000005817e-05 8.579629629629607e-05 0
2.500000000005816e-05 8.656481481481453e-05 0
2.500000000005815e-05 8.733333333333301e-05 0
2.500000000005814e-05 8.810185185185146e-05 0
2.500000000005814e-05 8.887037037036996e-05 0
2.500000000005814e-05 8.963888888888848e-05 0
2.500000000005814e-05 9.040740740740698e-05 0
2.500000000005814e-05 9.117592592592551e-05 0
2.500000000005814e-05 9.194444444444408e-05 0
2.500000000005814e-05 9.271296296296264e-05 0
2.500000000005814e-05 9.348148148148124e-05 0
2.500000000005814e-05 9.424999999999984e-05 0
2.500000000005814e-05 9.501851851851841e-05 0
2.500000000005814e-05 9.578703703703698e-05 0
2.500000000005814e-05 9.655555555555558e-05 0
2.500000000005814e-05 9.732407407407418e-05 0
2.500000000005814e-05 9.809259259259278e-05 0
2.500000000005814e-05 9.88611111111114e-05 0
2.500000000005814e-05 9.962962962962999e-05 0
2.500000000005814e-05 0.0001003981481481486 0
2.500000000005815e-05 0.0001011666666666671 0
2.500000000005814e-05 0.0001019351851851856 0
2.500000000005814e-05 0.0001027037037037041 0
2.500000000005814e-05 0.0001034722222222226 0
2.500000000005814e-05 0.0001042407407407411 0
2.500000000005814e-05 0.0001050092592592596 0
2.500000000005814e-05 0.0001057777777777781 0
2.500000000005814e-05 0.0001065462962962966 0
2.500000000005814e-05 0.0001073148148148151 0
2.500000000005814e-05 0.0001080833333333336 0
2.500000000005815e-05 0.000108851851851852 0
2.500000000005817e-05 0.0001096203703703704 0
2.500000000005822e-05 0.0001103888888888888 0
2.500000000005832e-05 0.0001111574074074072 0
2.500000000005857e-05 0.0001119259259259257 0
2.500000000005902e-05 0.0001126944444444442 0
2.500000000005986e-05 0.0001134629629629628 0
2.500000000006135e-05 0.0001142314814814814 0
2.416666666672757e-05 7.887962962962975e-05 0
2.416666666672644e-05 7.964814814814838e-05 0
2.416666666672572e-05 8.041666666666696e-05 0
2.416666666672526e-05 8.118518518518551e-05 0
2.416666666672497e-05 8.195370370370402e-05 0
2.41666666667248e-05 8.272222222222256e-05 0
2.41666666667247e-05 8.34907407407411e-05 0
2.416666666672463e-05 8.425925925925963e-05 0
2.41666666667246e-05 8.50277777777782e-05 0
2.416666666672458e-05 8.579629629629676e-05 0
2.416666666672457e-05 8.656481481481529e-05 0
2.416666666672456e-05 8.733333333333383e-05 0
2.416666666672456e-05 8.810185185185237e-05 0
2.416666666672456e-05 8.887037037037094e-05 0
2.416666666672455e-05 8.963888888888951e-05 0
2.416666666672455e-05 9.040740740740811e-05 0
2.416666666672455e-05 9.117592592592669e-05 0
2.416666666672455e-05 9.194444444444534e-05 0
2.416666666672456e-05 9.271296296296396e-05 0
2.416666666672456e-05 9.348148148148259e-05 0
2.416666666672455e-05 9.425000000000122e-05 0
2.416666666672456e-05 9.501851851851983e-05 0
2.416666666672455e-05 9.578703703703843e-05 0
2.416666666672455e-05 9.655555555555704e-05 0
2.416666666672455e-05 9.732407407407563e-05 0
2.416666666672455e-05 9.809259259259421e-05 0
2.416666666672455e-05 9.886111111111277e-05 0
2.416666666672456e-05 9.962962962963133e-05 0
2.416666666672456e-05 0.0001003981481481499 0
2.416666666672456e-05 0.0001011666666666684 0
2.416666666672456e-05 0.0001019351851851868 0
2.416666666672455e-05 0.0001027037037037052 0
2.416666666672455e-05 0.0001034722222222237 0
2.416666666672455e-05 0.0001042407407407421 0
2.416666666672455e-05 0.0001050092592592606 0
2.416666666672455e-05 0.000105777777777779 0
2.416666666672456e-05 0.0001065462962962974 0
2.416666666672455e-05 0.0001073148148148158 0
2.416666666672456e-05 0.0001080833333333342 0
2.416666666672457e-05 0.0001088518518518526 0
2.416666666672458e-05 0.0001096203703703709 0
2.416666666672464e-05 0.0001103888888888892 0
2.416666666672475e-05 0.0001111574074074076 0
2.416666666672498e-05 0.000111925925925926 0
2.416666666672541e-05 0.0001126944444444444 0
2.416666666672617e-05 0.0001134629629629629 0
2.41666666667274e-05 0.0001142314814814815 0
2.333333333339279e-05 7.887962962962983e-05 0
2.333333333339204e-05 7.964814814814853e-05 0
2.33333333333915e-05 8.041666666666718e-05 0
2.333333333339113e-05 8.118518518518579e-05 0
2.333333333339089e-05 8.195370370370438e-05 0
2.333333333339074e-05 8.272222222222296e-05 0
2.333333333339064e-05 8.349074074074156e-05 0
2.333333333339058e-05 8.425925925926017e-05 0
2.333333333339054e-05 8.502777777777881e-05 0
2.333333333339053e-05 8.579629629629744e-05 0
2.333333333339052e-05 8.656481481481608e-05 0
2.333333333339051e-05 8.733333333333466e-05 0
2.333333333339051e-05 8.810185185185327e-05 0
2.333333333339051e-05 8.887037037037193e-05 0
2.33333333333905e-05 8.963888888889058e-05 0
2.33333333333905e-05 9.040740740740923e-05 0
2.33333333333905e-05 9.11759259259279e-05 0
2.33333333333905e-05 9.194444444444659e-05 0
2.33333333333905e-05 9.27129629629653e-05 0
2.33333333333905e-05 9.348148148148396e-05 0
2.33333333333905e-05 9.425000000000263e-05 0
2.33333333333905e-05 9.501851851852127e-05 0
2.33333333333905e-05 9.578703703703989e-05 0
2.33333333333905e-05 9.655555555555851e-05 0
2.33333333333905e-05 9.732407407407708e-05 0
2.33333333333905e-05 9.809259259259564e-05 0
2.33333333333905e-05 9.886111111111415e-05 0
2.33333333333905e-05 9.962962962963268e-05 0
2.33333333333905e-05 0.0001003981481481512 0
2.33333333333905e-05 0.0001011666666666696 0
2.33333333333905e-05 0.000101935185185188 0
2.33333333333905e-05 0.0001027037037037064 0
2.33333333333905e-05 0.0001034722222222247 0
2.333333333339051e-05 0.0001042407407407431 0
2.33333333333905e-05 0.0001050092592592614 0
2.333333333339051e-05 0.0001057777777777798 0
2.33333333333905e-05 0.0001065462962962982 0
2.33333333333905e-05 0.0001073148148148165 0
2.333333333339051e-05 0.0001080833333333348 0
2.333333333339051e-05 0.0001088518518518531 0
2.333333333339053e-05 0.0001096203703703714 0
2.333333333339058e-05 0.0001103888888888896 0
2.333333333339068e-05 0.0001111574074074079 0
2.333333333339088e-05 0.0001119259259259262 0
2.333333333339123e-05 0.0001126944444444446 0
2.333333333339179e-05 0.0001134629629629631 0
2.333333333339263e-05 0.0001142314814814815 0
2.250000000005766e-05 7.887962962962992e-05 0
2.25000000000572e-05 7.964814814814868e-05 0
2.250000000005682e-05 8.04166666666674e-05 0
2.250000000005656e-05 8.118518518518608e-05 0
2.250000000005637e-05 8.195370370370472e-05 0
2.250000000005625e-05 8.272222222222338e-05 0
2.250000000005617e-05 8.349074074074203e-05 0
2.250000000005613e-05 8.425925925926071e-05 0
2.25000000000561e-05 8.502777777777942e-05 0
2.250000000005607e-05 8.579629629629811e-05 0
2.250000000005606e-05 8.656481481481679e-05 0
2.250000000005606e-05 8.733333333333549e-05 0
2.250000000005605e-05 8.810185185185419e-05 0
2.250000000005605e-05 8.88703703703729e-05 0
2.250000000005605e-05 8.963888888889162e-05 0
2.250000000005605e-05 9.040740740741037e-05 0
2.250000000005605e-05 9.117592592592912e-05 0
2.250000000005605e-05 9.194444444444788e-05 0
2.250000000005605e-05 9.271296296296661e-05 0
2.250000000005605e-05 9.348148148148535e-05 0
2.250000000005606e-05 9.425000000000404e-05 0
2.250000000005605e-05 9.501851851852272e-05 0
2.250000000005605e-05 9.578703703704136e-05 0
2.250000000005605e-05 9.655555555555994e-05 0
2.250000000005605e-05 9.732407407407849e-05 0
2.250000000005605e-05 9.809259259259704e-05 0
2.250000000005605e-05 9.886111111111558e-05 0
2.250000000005605e-05 9.962962962963402e-05 0
2.250000000005605e-05 0.0001003981481481524 0
2.250000000005605e-05 0.0001011666666666708 0
2.250000000005605e-05 0.0001019351851851892 0
2.250000000005605e-05 0.0001027037037037075 0
2.250000000005605e-05 0.0001034722222222258 0
2.250000000005605e-05 0.000104240740740744 0
2.250000000005605e-05 0.0001050092592592623 0
2.250000000005605e-05 0.0001057777777777806 0
2.250000000005605e-05 0.0001065462962962989 0
2.250000000005605e-05 0.0001073148148148172 0
2.250000000005605e-05 0.0001080833333333354 0
2.250000000005606e-05 0.0001088518518518537 0
2.250000000005608e-05 0.0001096203703703718 0
2.250000000005612e-05 0.00011038888888889 0
2.250000000005619e-05 0.0001111574074074083 0
2.250000000005634e-05 0.0001119259259259265 0
2.250000000005659e-05 0.0001126944444444448 0
2.250000000005699e-05 0.0001134629629629632 0
2.250000000005753e-05 0.0001142314814814816 0
2.166666666672236e-05 7.887962962962998e-05 0
2.166666666672208e-05 7.964814814814881e-05 0
2.166666666672185e-05 8.04166666666676e-05 0
2.166666666672166e-05 8.118518518518635e-05 0
2.166666666672153e-05 8.195370370370505e-05 0
2.166666666672144e-05 8.272222222222379e-05 0
2.166666666672138e-05 8.349074074074251e-05 0
2.166666666672134e-05 8.425925925926127e-05 0
2.166666666672131e-05 8.502777777778003e-05 0
2.16666666667213e-05 8.579629629629881e-05 0
2.166666666672129e-05 8.656481481481757e-05 0
2.166666666672128e-05 8.733333333333633e-05 0
2.166666666672128e-05 8.81018518518551e-05 0
2.166666666672128e-05 8.887037037037389e-05 0
2.166666666672128e-05 8.963888888889268e-05 0
2.166666666672128e-05 9.040740740741145e-05 0
2.166666666672128e-05 9.117592592593028e-05 0
2.166666666672128e-05 9.19444444444491e-05 0
2.166666666672128e-05 9.271296296296793e-05 0
2.166666666672128e-05 9.348148148148671e-05 0
2.166666666672128e-05 9.425000000000545e-05 0
2.166666666672128e-05 9.501851851852416e-05 0
2.166666666672128e-05 9.578703703704279e-05 0
2.166666666672128e-05 9.655555555556141e-05 0
2.166666666672128e-05 9.732407407407995e-05 0
2.166666666672128e-05 9.809259259259847e-05 0
2.166666666672128e-05 9.886111111111696e-05 0
2.166666666672128e-05 9.962962962963538e-05 0
2.166666666672128e-05 0.0001003981481481537 0
2.166666666672128e-05 0.0001011666666666721 0
2.166666666672128e-05 0.0001019351851851904 0
2.166666666672128e-05 0.0001027037037037086 0
2.166666666672128e-05 0.0001034722222222268 0
2.166666666672128e-05 0.000104240740740745 0
2.166666666672128e-05 0.0001050092592592632 0
2.166666666672128e-05 0.0001057777777777814 0
2.166666666672128e-05 0.0001065462962962996 0
2.166666666672128e-05 0.0001073148148148179 0
2.166666666672128e-05 0.0001080833333333361 0
2.166666666672128e-05 0.0001088518518518542 0
2.16666666667213e-05 0.0001096203703703723 0
2.166666666672132e-05 0.0001103888888888905 0
2.166666666672139e-05 0.0001111574074074086 0
2.166666666672149e-05 0.0001119259259259268 0
2.166666666672166e-05 0.000112694444444445 0
2.166666666672191e-05 0.0001134629629629633 0
2.166666666672225e-05 0.0001142314814814817 0
2.083333333338695e-05 7.887962962963005e-05 0
2.083333333338679e-05 7.964814814814896e-05 0
2.083333333338665e-05 8.041666666666782e-05 0
2.083333333338653e-05 8.118518518518663e-05 0
2.083333333338644e-05 8.195370370370541e-05 0
2.083333333338638e-05 8.272222222222421e-05 0
2.083333333338633e-05 8.3490740740743e-05 0
2.083333333338631e-05 8.425925925926181e-05 0
2.083333333338629e-05 8.502777777778064e-05 0
2.083333333338628e-05 8.579629629629947e-05 0
2.083333333338627e-05 8.656481481481831e-05 0
2.083333333338626e-05 8.733333333333717e-05 0
2.083333333338627e-05 8.8101851851856e-05 0
2.083333333338627e-05 8.887037037037487e-05 0
2.083333333338626e-05 8.963888888889372e-05 0
2.083333333338626e-05 9.040740740741259e-05 0
2.083333333338626e-05 9.117592592593146e-05 0
2.083333333338626e-05 9.194444444445036e-05 0
2.083333333338627e-05 9.271296296296923e-05 0
2.083333333338627e-05 9.348148148148808e-05 0
2.083333333338627e-05 9.425000000000687e-05 0
2.083333333338627e-05 9.501851851852561e-05 0
2.083333333338627e-05 9.578703703704427e-05 0
2.083333333338626e-05 9.655555555556286e-05 0
2.083333333338626e-05 9.732407407408139e-05 0
2.083333333338627e-05 9.809259259259989e-05 0
2.083333333338626e-05 9.886111111111833e-05 0
2.083333333338626e-05 9.962962962963671e-05 0
2.083333333338626e-05 0.000100398148148155 0
2.083333333338626e-05 0.0001011666666666733 0
2.083333333338626e-05 0.0001019351851851916 0
2.083333333338626e-05 0.0001027037037037097 0
2.083333333338627e-05 0.0001034722222222279 0
2.083333333338626e-05 0.000104240740740746 0
2.083333333338626e-05 0.0001050092592592641 0
2.083333333338627e-05 0.0001057777777777823 0
2.083333333338626e-05 0.0001065462962963004 0
2.083333333338627e-05 0.0001073148148148186 0
2.083333333338627e-05 0.0001080833333333367 0
2.083333333338627e-05 0.0001088518518518548 0
2.083333333338628e-05 0.0001096203703703728 0
2.083333333338629e-05 0.0001103888888888908 0
2.083333333338633e-05 0.0001111574074074089 0
2.08333333333864e-05 0.000111925925925927 0
2.083333333338651e-05 0.0001126944444444452 0
2.083333333338667e-05 0.0001134629629629635 0
2.083333333338688e-05 0.0001142314814814817 0
2.000000000005149e-05 7.887962962963011e-05 0
2.00000000000514e-05 7.96481481481491e-05 0
2.000000000005131e-05 8.041666666666802e-05 0
2.000000000005124e-05 8.118518518518689e-05 0
2.000000000005119e-05 8.195370370370575e-05 0
2.000000000005115e-05 8.272222222222463e-05 0
2.000000000005112e-05 8.349074074074348e-05 0
2.00000000000511e-05 8.425925925926238e-05 0
2.000000000005108e-05 8.502777777778126e-05 0
2.000000000005107e-05 8.579629629630017e-05 0
2.000000000005107e-05 8.656481481481908e-05 0
2.000000000005106e-05 8.733333333333799e-05 0
2.000000000005106e-05 8.810185185185691e-05 0
2.000000000005107e-05 8.887037037037584e-05 0
2.000000000005106e-05 8.963888888889477e-05 0
2.000000000005106e-05 9.04074074074137e-05 0
2.000000000005106e-05 9.117592592593264e-05 0
2.000000000005105e-05 9.19444444444516e-05 0
2.000000000005106e-05 9.271296296297056e-05 0
2.000000000005106e-05 9.348148148148944e-05 0
2.000000000005106e-05 9.425000000000827e-05 0
2.000000000005106e-05 9.501851851852703e-05 0
2.000000000005106e-05 9.578703703704571e-05 0
2.000000000005106e-05 9.655555555556432e-05 0
2.000000000005107e-05 9.732407407408286e-05 0
2.000000000005106e-05 9.809259259260133e-05 0
2.000000000005107e-05 9.886111111111972e-05 0
2.000000000005106e-05 9.962962962963808e-05 0
2.000000000005106e-05 0.0001003981481481564 0
2.000000000005107e-05 0.0001011666666666746 0
2.000000000005106e-05 0.0001019351851851927 0
2.000000000005106e-05 0.0001027037037037108 0
2.000000000005106e-05 0.0001034722222222289 0
2.000000000005107e-05 0.000104240740740747 0
2.000000000005106e-05 0.000105009259259265 0
2.000000000005106e-05 0.0001057777777777831 0
2.000000000005106e-05 0.0001065462962963012 0
2.000000000005107e-05 0.0001073148148148193 0
2.000000000005107e-05 0.0001080833333333373 0
2.000000000005107e-05 0.0001088518518518553 0
2.000000000005107e-05 0.0001096203703703733 0
2.000000000005108e-05 0.0001103888888888913 0
2.00000000000511e-05 0.0001111574074074092 0
2.000000000005115e-05 0.0001119259259259273 0
2.000000000005121e-05 0.0001126944444444454 0
2.000000000005131e-05 0.0001134629629629636 0
2.000000000005143e-05 0.0001142314814814818 0
1.9166666666716e-05 7.887962962963019e-05 0
1.916666666671594e-05 7.964814814814922e-05 0
1.916666666671589e-05 8.041666666666822e-05 0
1.916666666671585e-05 8.118518518518717e-05 0
1.916666666671582e-05 8.195370370370608e-05 0
1.91666666667158e-05 8.272222222222501e-05 0
1.916666666671578e-05 8.349074074074396e-05 0
1.916666666671576e-05 8.425925925926291e-05 0
1.916666666671575e-05 8.502777777778187e-05 0
1.916666666671575e-05 8.579629629630085e-05 0
1.916666666671574e-05 8.656481481481983e-05 0
1.916666666671573e-05 8.733333333333881e-05 0
1.916666666671574e-05 8.810185185185781e-05 0
1.916666666671574e-05 8.88703703703768e-05 0
1.916666666671573e-05 8.963888888889582e-05 0
1.916666666671573e-05 9.040740740741483e-05 0
1.916666666671573e-05 9.117592592593385e-05 0
1.916666666671573e-05 9.194444444445287e-05 0
1.916666666671573e-05 9.271296296297184e-05 0
1.916666666671574e-05 9.348148148149081e-05 0
1.916666666671574e-05 9.425000000000968e-05 0
1.916666666671573e-05 9.501851851852848e-05 0
1.916666666671573e-05 9.578703703704716e-05 0
1.916666666671574e-05 9.655555555556578e-05 0
1.916666666671574e-05 9.732407407408431e-05 0
1.916666666671574e-05 9.809259259260274e-05 0
1.916666666671574e-05 9.886111111112112e-05 0
1.916666666671574e-05 9.962962962963941e-05 0
1.916666666671574e-05 0.0001003981481481576 0
1.916666666671574e-05 0.0001011666666666758 0
1.916666666671573e-05 0.0001019351851851939 0
1.916666666671574e-05 0.0001027037037037119 0
1.916666666671574e-05 0.0001034722222222299 0
1.916666666671574e-05 0.0001042407407407479 0
1.916666666671574e-05 0.0001050092592592659 0
1.916666666671574e-05 0.0001057777777777839 0
1.916666666671574e-05 0.0001065462962963019 0
1.916666666671574e-05 0.00010731481481482 0
1.916666666671574e-05 0.0001080833333333379 0
1.916666666671574e-05 0.0001088518518518558 0
1.916666666671575e-05 0.0001096203703703738 0
1.916666666671575e-05 0.0001103888888888917 0
1.916666666671576e-05 0.0001111574074074096 0
1.916666666671578e-05 0.0001119259259259276 0
1.916666666671582e-05 0.0001126944444444456 0
1.916666666671588e-05 0.0001134629629629637 0
1.916666666671595e-05 0.0001142314814814819 0
1.833333333338049e-05 7.887962962963025e-05 0
1.833333333338045e-05 7.964814814814937e-05 0
1.833333333338043e-05 8.041666666666844e-05 0
1.833333333338041e-05 8.118518518518745e-05 0
1.833333333338038e-05 8.195370370370644e-05 0
1.833333333338037e-05 8.272222222222544e-05 0
1.833333333338036e-05 8.349074074074443e-05 0
1.833333333338035e-05 8.425925925926345e-05 0
1.833333333338034e-05 8.50277777777825e-05 0
1.833333333338034e-05 8.579629629630156e-05 0
1.833333333338033e-05 8.656481481482059e-05 0
1.833333333338033e-05 8.733333333333963e-05 0
1.833333333338033e-05 8.810185185185871e-05 0
1.833333333338033e-05 8.887037037037779e-05 0
1.833333333338033e-05 8.963888888889689e-05 0
1.833333333338033e-05 9.040740740741595e-05 0
1.833333333338033e-05 9.117592592593503e-05 0
1.833333333338033e-05 9.19444444444541e-05 0
1.833333333338033e-05 9.271296296297316e-05 0
1.833333333338033e-05 9.348148148149214e-05 0
1.833333333338033e-05 9.425000000001106e-05 0
1.833333333338033e-05 9.501851851852989e-05 0
1.833333333338033e-05 9.57870370370486e-05 0
1.833333333338033e-05 9.655555555556722e-05 0
1.833333333338033e-05 9.732407407408575e-05 0
1.833333333338033e-05 9.809259259260417e-05 0
1.833333333338033e-05 9.886111111112251e-05 0
1.833333333338033e-05 9.962962962964079e-05 0
1.833333333338033e-05 0.000100398148148159 0
1.833333333338033e-05 0.0001011666666666771 0
1.833333333338033e-05 0.0001019351851851951 0
1.833333333338033e-05 0.0001027037037037131 0
1.833333333338033e-05 0.000103472222222231 0
1.833333333338033e-05 0.0001042407407407489 0
1.833333333338033e-05 0.0001050092592592668 0
1.833333333338034e-05 0.0001057777777777848 0
1.833333333338033e-05 0.0001065462962963027 0
1.833333333338033e-05 0.0001073148148148206 0
1.833333333338033e-05 0.0001080833333333385 0
1.833333333338033e-05 0.0001088518518518564 0
1.833333333338034e-05 0.0001096203703703742 0
1.833333333338034e-05 0.0001103888888888921 0
1.833333333338034e-05 0.00011115740740741 0
1.833333333338036e-05 0.0001119259259259279 0
1.833333333338038e-05 0.0001126944444444458 0
1.833333333338041e-05 0.0001134629629629639 0
1.833333333338045e-05 0.0001142314814814819 0
1.750000000004496e-05 7.887962962963034e-05 0
1.750000000004494e-05 7.964814814814952e-05 0
1.750000000004493e-05 8.041666666666864e-05 0
1.750000000004491e-05 8.118518518518772e-05 0
1.75000000000449e-05 8.195370370370678e-05 0
1.750000000004489e-05 8.272222222222582e-05 0
1.750000000004488e-05 8.349074074074491e-05 0
1.750000000004488e-05 8.425925925926401e-05 0
1.750000000004488e-05 8.502777777778312e-05 0
1.750000000004488e-05 8.579629629630223e-05 0
1.750000000004487e-05 8.656481481482135e-05 0
1.750000000004487e-05 8.733333333334048e-05 0
1.750000000004487e-05 8.810185185185962e-05 0
1.750000000004487e-05 8.887037037037878e-05 0
1.750000000004487e-05 8.963888888889791e-05 0
1.750000000004487e-05 9.040740740741706e-05 0
1.750000000004487e-05 9.117592592593622e-05 0
1.750000000004487e-05 9.194444444445537e-05 0
1.750000000004487e-05 9.271296296297447e-05 0
1.750000000004487e-05 9.348148148149352e-05 0
1.750000000004487e-05 9.425000000001247e-05 0
1.750000000004487e-05 9.501851851853134e-05 0
1.750000000004487e-05 9.578703703705007e-05 0
1.750000000004487e-05 9.655555555556867e-05 0
1.750000000004487e-05 9.73240740740872e-05 0
1.750000000004487e-05 9.809259259260562e-05 0
1.750000000004487e-05 9.886111111112391e-05 0
1.750000000004487e-05 9.962962962964213e-05 0
1.750000000004487e-05 0.0001003981481481603 0
1.750000000004487e-05 0.0001011666666666783 0
1.750000000004487e-05 0.0001019351851851963 0
1.750000000004487e-05 0.0001027037037037142 0
1.750000000004487e-05 0.000103472222222232 0
1.750000000004487e-05 0.0001042407407407499 0
1.750000000004487e-05 0.0001050092592592677 0
1.750000000004488e-05 0.0001057777777777856 0
1.750000000004487e-05 0.0001065462962963034 0
1.750000000004487e-05 0.0001073148148148213 0
1.750000000004487e-05 0.0001080833333333391 0
1.750000000004487e-05 0.0001088518518518569 0
1.750000000004487e-05 0.0001096203703703747 0
1.750000000004487e-05 0.0001103888888888925 0
1.750000000004487e-05 0.0001111574074074103 0
1.750000000004488e-05 0.0001119259259259282 0
1.750000000004489e-05 0.0001126944444444461 0
1.750000000004491e-05 0.000113462962962964 0
1.750000000004494e-05 0.000114231481481482 0
1.666666666670942e-05 7.887962962963038e-05 0
1.666666666670942e-05 7.964814814814965e-05 0
1.666666666670941e-05 8.041666666666883e-05 0
1.666666666670941e-05 8.118518518518799e-05 0
1.66666666667094e-05 8.195370370370711e-05 0
1.666666666670939e-05 8.272222222222624e-05 0
1.666666666670939e-05 8.349074074074538e-05 0
1.666666666670939e-05 8.425925925926456e-05 0
1.666666666670938e-05 8.502777777778373e-05 0
1.666666666670938e-05 8.579629629630293e-05 0
1.666666666670938e-05 8.656481481482212e-05 0
1.666666666670938e-05 8.73333333333413e-05 0
1.666666666670937e-05 8.810185185186054e-05 0
1.666666666670937e-05 8.887037037037976e-05 0
1.666666666670937e-05 8.963888888889897e-05 0
1.666666666670937e-05 9.040740740741818e-05 0
1.666666666670937e-05 9.117592592593741e-05 0
1.666666666670937e-05 9.194444444445661e-05 0
1.666666666670937e-05 9.271296296297577e-05 0
1.666666666670938e-05 9.348148148149487e-05 0
1.666666666670938e-05 9.425000000001389e-05 0
1.666666666670938e-05 9.501851851853279e-05 0
1.666666666670938e-05 9.578703703705151e-05 0
1.666666666670938e-05 9.655555555557013e-05 0
1.666666666670938e-05 9.732407407408865e-05 0
1.666666666670938e-05 9.809259259260702e-05 0
1.666666666670938e-05 9.886111111112529e-05 0
1.666666666670938e-05 9.962962962964348e-05 0
1.666666666670938e-05 0.0001003981481481616 0
1.666666666670938e-05 0.0001011666666666796 0
1.666666666670938e-05 0.0001019351851851975 0
1.666666666670938e-05 0.0001027037037037153 0
1.666666666670938e-05 0.0001034722222222331 0
1.666666666670938e-05 0.0001042407407407508 0
1.666666666670938e-05 0.0001050092592592686 0
1.666666666670939e-05 0.0001057777777777864 0
1.666666666670938e-05 0.0001065462962963042 0
1.666666666670938e-05 0.000107314814814822 0
1.666666666670938e-05 0.0001080833333333397 0
1.666666666670937e-05 0.0001088518518518575 0
1.666666666670937e-05 0.0001096203703703752 0
1.666666666670938e-05 0.0001103888888888929 0
1.666666666670938e-05 0.0001111574074074107 0
1.666666666670938e-05 0.0001119259259259284 0
1.666666666670939e-05 0.0001126944444444463 0
1.66666666667094e-05 0.0001134629629629642 0
1.666666666670942e-05 0.0001142314814814821 0
1.583333333337389e-05 7.887962962963044e-05 0
1.583333333337389e-05 7.964814814814977e-05 0
1.583333333337389e-05 8.041666666666906e-05 0
1.583333333337388e-05 8.118518518518826e-05 0
1.583333333337388e-05 8.195370370370747e-05 0
1.583333333337387e-05 8.272222222222665e-05 0
1.583333333337387e-05 8.349074074074586e-05 0
1.583333333337387e-05 8.425925925926509e-05 0
1.583333333337387e-05 8.502777777778434e-05 0
1.583333333337387e-05 8.579629629630359e-05 0
1.583333333337387e-05 8.656481481482288e-05 0
1.583333333337386e-05 8.733333333334214e-05 0
1.583333333337386e-05 8.810185185186145e-05 0
1.583333333337386e-05 8.887037037038075e-05 0
1.583333333337387e-05 8.963888888890004e-05 0
1.583333333337386e-05 9.04074074074193e-05 0
1.583333333337387e-05 9.11759259259386e-05 0
1.583333333337386e-05 9.194444444445787e-05 0
1.583333333337386e-05 9.271296296297709e-05 0
1.583333333337387e-05 9.348148148149624e-05 0
1.583333333337386e-05 9.425000000001526e-05 0
1.583333333337386e-05 9.50185185185342e-05 0
1.583333333337386e-05 9.578703703705297e-05 0
1.583333333337386e-05 9.655555555557158e-05 0
1.583333333337387e-05 9.732407407409009e-05 0
1.583333333337387e-05 9.809259259260847e-05 0
1.583333333337387e-05 9.886111111112668e-05 0
1.583333333337387e-05 9.962962962964483e-05 0
1.583333333337387e-05 0.0001003981481481628 0
1.583333333337387e-05 0.0001011666666666808 0
1.583333333337387e-05 0.0001019351851851986 0
1.583333333337387e-05 0.0001027037037037164 0
1.583333333337387e-05 0.0001034722222222341 0
1.583333333337387e-05 0.0001042407407407518 0
1.583333333337387e-05 0.0001050092592592695 0
1.583333333337387e-05 0.0001057777777777873 0
1.583333333337387e-05 0.000106546296296305 0
1.583333333337387e-05 0.0001073148148148227 0
1.583333333337387e-05 0.0001080833333333404 0
1.583333333337387e-05 0.000108851851851858 0
1.583333333337387e-05 0.0001096203703703757 0
1.583333333337387e-05 0.0001103888888888933 0
1.583333333337387e-05 0.000111157407407411 0
1.583333333337387e-05 0.0001119259259259287 0
1.583333333337387e-05 0.0001126944444444465 0
1.583333333337388e-05 0.0001134629629629643 0
1.583333333337389e-05 0.0001142314814814821 0
1.500000000003835e-05 7.887962962963053e-05 0
1.500000000003835e-05 7.96481481481499e-05 0
1.500000000003835e-05 8.041666666666925e-05 0
1.500000000003834e-05 8.118518518518854e-05 0
1.500000000003834e-05 8.195370370370781e-05 0
1.500000000003834e-05 8.272222222222705e-05 0
1.500000000003834e-05 8.349074074074633e-05 0
1.500000000003834e-05 8.425925925926563e-05 0
1.500000000003834e-05 8.502777777778496e-05 0
1.500000000003834e-05 8.579629629630429e-05 0
1.500000000003834e-05 8.656481481482364e-05 0
1.500000000003834e-05 8.733333333334297e-05 0
1.500000000003834e-05 8.810185185186234e-05 0
1.500000000003834e-05 8.887037037038172e-05 0
1.500000000003834e-05 8.963888888890108e-05 0
1.500000000003834e-05 9.040740740742045e-05 0
1.500000000003834e-05 9.11759259259398e-05 0
1.500000000003834e-05 9.19444444444591e-05 0
1.500000000003834e-05 9.271296296297839e-05 0
1.500000000003834e-05 9.34814814814976e-05 0
1.500000000003834e-05 9.425000000001667e-05 0
1.500000000003834e-05 9.501851851853562e-05 0
1.500000000003834e-05 9.578703703705442e-05 0
1.500000000003834e-05 9.655555555557303e-05 0
1.500000000003834e-05 9.732407407409151e-05 0
1.500000000003834e-05 9.809259259260987e-05 0
1.500000000003834e-05 9.886111111112807e-05 0
1.500000000003834e-05 9.962962962964618e-05 0
1.500000000003834e-05 0.0001003981481481642 0
1.500000000003834e-05 0.0001011666666666821 0
1.500000000003834e-05 0.0001019351851851998 0
1.500000000003834e-05 0.0001027037037037175 0
1.500000000003834e-05 0.0001034722222222352 0
1.500000000003834e-05 0.0001042407407407528 0
1.500000000003834e-05 0.0001050092592592704 0
1.500000000003834e-05 0.0001057777777777881 0
1.500000000003835e-05 0.0001065462962963057 0
1.500000000003834e-05 0.0001073148148148234 0
1.500000000003834e-05 0.000108083333333341 0
1.500000000003834e-05 0.0001088518518518586 0
1.500000000003834e-05 0.0001096203703703762 0
1.500000000003834e-05 0.0001103888888888937 0
1.500000000003834e-05 0.0001111574074074113 0
1.500000000003834e-05 0.000111925925925929 0
1.500000000003834e-05 0.0001126944444444467 0
1.500000000003834e-05 0.0001134629629629644 0
1.500000000003835e-05 0.0001142314814814822 0
1.416666666670282e-05 7.887962962963061e-05 0
1.416666666670281e-05 7.964814814815006e-05 0
1.416666666670281e-05 8.041666666666946e-05 0
1.416666666670281e-05 8.11851851851888e-05 0
1.416666666670281e-05 8.195370370370816e-05 0
1.416666666670281e-05 8.27222222222275e-05 0
1.416666666670281e-05 8.349074074074683e-05 0
1.416666666670281e-05 8.42592592592662e-05 0
1.416666666670281e-05 8.502777777778557e-05 0
1.416666666670281e-05 8.579629629630497e-05 0
1.416666666670281e-05 8.65648148148244e-05 0
1.416666666670281e-05 8.733333333334382e-05 0
1.416666666670281e-05 8.810185185186326e-05 0
1.416666666670281e-05 8.88703703703827e-05 0
1.416666666670281e-05 8.963888888890214e-05 0
1.416666666670281e-05 9.040740740742156e-05 0
1.416666666670281e-05 9.117592592594099e-05 0
1.416666666670281e-05 9.194444444446036e-05 0
1.416666666670281e-05 9.271296296297969e-05 0
1.416666666670281e-05 9.348148148149895e-05 0
1.416666666670281e-05 9.425000000001808e-05 0
1.416666666670281e-05 9.501851851853704e-05 0
1.416666666670281e-05 9.578703703705586e-05 0
1.416666666670281e-05 9.65555555555745e-05 0
1.416666666670281e-05 9.732407407409296e-05 0
1.416666666670281e-05 9.80925925926113e-05 0
1.416666666670281e-05 9.886111111112948e-05 0
1.416666666670281e-05 9.962962962964754e-05 0
1.416666666670281e-05 0.0001003981481481655 0
1.416666666670281e-05 0.0001011666666666833 0
1.416666666670281e-05 0.000101935185185201 0
1.416666666670281e-05 0.0001027037037037186 0
1.416666666670281e-05 0.0001034722222222362 0
1.416666666670281e-05 0.0001042407407407538 0
1.416666666670281e-05 0.0001050092592592713 0
1.416666666670281e-05 0.0001057777777777889 0
1.416666666670281e-05 0.0001065462962963065 0
1.416666666670281e-05 0.0001073148148148241 0
1.416666666670281e-05 0.0001080833333333416 0
1.416666666670281e-05 0.0001088518518518592 0
1.416666666670281e-05 0.0001096203703703766 0
1.416666666670281e-05 0.0001103888888888942 0
1.416666666670281e-05 0.0001111574074074117 0
1.416666666670281e-05 0.0001119259259259293 0
1.416666666670281e-05 0.0001126944444444469 0
1.416666666670281e-05 0.0001134629629629646 0
1.416666666670282e-05 0.0001142314814814823 0
1.333333333336728e-05 7.887962962963067e-05 0
1.333333333336728e-05 7.964814814815021e-05 0
1.333333333336728e-05 8.041666666666966e-05 0
1.333333333336728e-05 8.118518518518907e-05 0
1.333333333336727e-05 8.195370370370848e-05 0
1.333333333336728e-05 8.272222222222791e-05 0
1.333333333336728e-05 8.349074074074733e-05 0
1.333333333336728e-05 8.425925925926676e-05 0
1.333333333336728e-05 8.50277777777862e-05 0
1.333333333336728e-05 8.579629629630566e-05 0
1.333333333336728e-05 8.656481481482517e-05 0
1.333333333336728e-05 8.733333333334468e-05 0
1.333333333336728e-05 8.810185185186417e-05 0
1.333333333336728e-05 8.887037037038369e-05 0
1.333333333336728e-05 8.963888888890318e-05 0
1.333333333336728e-05 9.040740740742268e-05 0
1.333333333336728e-05 9.117592592594218e-05 0
1.333333333336728e-05 9.194444444446161e-05 0
1.333333333336727e-05 9.2712962962981e-05 0
1.333333333336727e-05 9.348148148150029e-05 0
1.333333333336727e-05 9.425000000001949e-05 0
1.333333333336728e-05 9.501851851853848e-05 0
1.333333333336728e-05 9.578703703705731e-05 0
1.333333333336727e-05 9.655555555557593e-05 0
1.333333333336728e-05 9.732407407409441e-05 0
1.333333333336728e-05 9.809259259261271e-05 0
1.333333333336728e-05 9.886111111113086e-05 0
1.333333333336728e-05 9.962962962964886e-05 0
1.333333333336728e-05 0.0001003981481481667 0
1.333333333336728e-05 0.0001011666666666845 0
1.333333333336728e-05 0.0001019351851852022 0
1.333333333336728e-05 0.0001027037037037197 0
1.333333333336728e-05 0.0001034722222222372 0
1.333333333336728e-05 0.0001042407407407547 0
1.333333333336728e-05 0.0001050092592592723 0
1.333333333336728e-05 0.0001057777777777897 0
1.333333333336728e-05 0.0001065462962963072 0
1.333333333336727e-05 0.0001073148148148247 0
1.333333333336727e-05 0.0001080833333333422 0
1.333333333336727e-05 0.0001088518518518597 0
1.333333333336728e-05 0.0001096203703703771 0
1.333333333336728e-05 0.0001103888888888946 0
1.333333333336728e-05 0.000111157407407412 0
1.333333333336727e-05 0.0001119259259259296 0
1.333333333336727e-05 0.0001126944444444471 0
1.333333333336728e-05 0.0001134629629629647 0
1.333333333336728e-05 0.0001142314814814824 0
1.250000000003175e-05 7.887962962963076e-05 0
1.250000000003174e-05 7.964814814815034e-05 0
1.250000000003174e-05 8.041666666666988e-05 0
1.250000000003174e-05 8.118518518518936e-05 0
1.250000000003174e-05 8.195370370370884e-05 0
1.250000000003174e-05 8.272222222222833e-05 0
1.250000000003174e-05 8.349074074074779e-05 0
1.250000000003174e-05 8.42592592592673e-05 0
1.250000000003174e-05 8.502777777778682e-05 0
1.250000000003174e-05 8.579629629630635e-05 0
1.250000000003174e-05 8.656481481482594e-05 0
1.250000000003174e-05 8.733333333334552e-05 0
1.250000000003174e-05 8.810185185186509e-05 0
1.250000000003174e-05 8.887037037038465e-05 0
1.250000000003174e-05 8.963888888890424e-05 0
1.250000000003174e-05 9.040740740742379e-05 0
1.250000000003174e-05 9.117592592594333e-05 0
1.250000000003174e-05 9.194444444446287e-05 0
1.250000000003174e-05 9.271296296298232e-05 0
1.250000000003174e-05 9.348148148150166e-05 0
1.250000000003174e-05 9.425000000002088e-05 0
1.250000000003174e-05 9.501851851853992e-05 0
1.250000000003174e-05 9.578703703705875e-05 0
1.250000000003174e-05 9.65555555555774e-05 0
1.250000000003174e-05 9.732407407409585e-05 0
1.250000000003174e-05 9.809259259261413e-05 0
1.250000000003174e-05 9.886111111113225e-05 0
1.250000000003174e-05 9.962962962965022e-05 0
1.250000000003174e-05 0.000100398148148168 0
1.250000000003174e-05 0.0001011666666666858 0
1.250000000003174e-05 0.0001019351851852033 0
1.250000000003174e-05 0.0001027037037037208 0
1.250000000003174e-05 0.0001034722222222383 0
1.250000000003174e-05 0.0001042407407407557 0
1.250000000003174e-05 0.0001050092592592731 0
1.250000000003174e-05 0.0001057777777777906 0
1.250000000003174e-05 0.000106546296296308 0
1.250000000003174e-05 0.0001073148148148254 0
1.250000000003174e-05 0.0001080833333333428 0
1.250000000003174e-05 0.0001088518518518602 0
1.250000000003174e-05 0.0001096203703703776 0
1.250000000003174e-05 0.000110388888888895 0
1.250000000003174e-05 0.0001111574074074124 0
1.250000000003174e-05 0.0001119259259259298 0
1.250000000003174e-05 0.0001126944444444473 0
1.250000000003174e-05 0.0001134629629629648 0
1.250000000003174e-05 0.0001142314814814824 0
1.166666666669621e-05 7.88796296296308e-05 0
1.16666666666962e-05 7.964814814815047e-05 0
1.16666666666962e-05 8.041666666667008e-05 0
1.16666666666962e-05 8.118518518518963e-05 0
1.16666666666962e-05 8.195370370370919e-05 0
1.16666666666962e-05 8.272222222222874e-05 0
1.16666666666962e-05 8.349074074074828e-05 0
1.16666666666962e-05 8.425925925926784e-05 0
1.16666666666962e-05 8.502777777778746e-05 0
1.16666666666962e-05 8.579629629630706e-05 0
1.166666666669621e-05 8.656481481482671e-05 0
1.166666666669621e-05 8.733333333334637e-05 0
1.166666666669621e-05 8.810185185186603e-05 0
1.16666666666962e-05 8.887037037038564e-05 0
1.16666666666962e-05 8.963888888890528e-05 0
1.16666666666962e-05 9.04074074074249e-05 0
1.16666666666962e-05 9.117592592594454e-05 0
1.16666666666962e-05 9.194444444446414e-05 0
1.16666666666962e-05 9.271296296298365e-05 0
1.16666666666962e-05 9.348148148150305e-05 0
1.16666666666962e-05 9.425000000002229e-05 0
1.16666666666962e-05 9.501851851854137e-05 0
1.16666666666962e-05 9.578703703706024e-05 0
1.16666666666962e-05 9.655555555557885e-05 0
1.16666666666962e-05 9.732407407409727e-05 0
1.16666666666962e-05 9.809259259261556e-05 0
1.16666666666962e-05 9.886111111113365e-05 0
1.16666666666962e-05 9.962962962965156e-05 0
1.16666666666962e-05 0.0001003981481481693 0
1.16666666666962e-05 0.000101166666666687 0
1.16666666666962e-05 0.0001019351851852045 0
1.16666666666962e-05 0.000102703703703722 0
1.16666666666962e-05 0.0001034722222222393 0
1.16666666666962e-05 0.0001042407407407567 0
1.16666666666962e-05 0.000105009259259274 0
1.16666666666962e-05 0.0001057777777777914 0
1.16666666666962e-05 0.0001065462962963088 0
1.16666666666962e-05 0.0001073148148148261 0
1.16666666666962e-05 0.0001080833333333435 0
1.16666666666962e-05 0.0001088518518518608 0
1.16666666666962e-05 0.0001096203703703781 0
1.16666666666962e-05 0.0001103888888888954 0
1.16666666666962e-05 0.0001111574074074127 0
1.16666666666962e-05 0.0001119259259259301 0
1.16666666666962e-05 0.0001126944444444475 0
1.16666666666962e-05 0.000113462962962965 0
1.16666666666962e-05 0.0001142314814814825 0
1.083333333336067e-05 7.887962962963086e-05 0
1.083333333336067e-05 7.96481481481506e-05 0
1.083333333336066e-05 8.041666666667028e-05 0
1.083333333336067e-05 8.118518518518991e-05 0
1.083333333336067e-05 8.195370370370953e-05 0
1.083333333336066e-05 8.272222222222914e-05 0
1.083333333336066e-05 8.349074074074876e-05 0
1.083333333336067e-05 8.42592592592684e-05 0
1.083333333336067e-05 8.502777777778807e-05 0
1.083333333336067e-05 8.579629629630775e-05 0
1.083333333336067e-05 8.656481481482746e-05 0
1.083333333336067e-05 8.733333333334718e-05 0
1.083333333336067e-05 8.810185185186689e-05 0
1.083333333336067e-05 8.887037037038662e-05 0
1.083333333336067e-05 8.963888888890633e-05 0
1.083333333336067e-05 9.040740740742605e-05 0
1.083333333336067e-05 9.117592592594576e-05 0
1.083333333336067e-05 9.194444444446541e-05 0
1.083333333336066e-05 9.271296296298493e-05 0
1.083333333336066e-05 9.34814814815044e-05 0
1.083333333336066e-05 9.42500000000237e-05 0
1.083333333336066e-05 9.501851851854279e-05 0
1.083333333336066e-05 9.578703703706167e-05 0
1.083333333336067e-05 9.655555555558031e-05 0
1.083333333336067e-05 9.732407407409872e-05 0
1.083333333336066e-05 9.809259259261695e-05 0
1.083333333336066e-05 9.886111111113502e-05 0
1.083333333336066e-05 9.962962962965292e-05 0
1.083333333336067e-05 0.0001003981481481706 0
1.083333333336067e-05 0.0001011666666666882 0
1.083333333336067e-05 0.0001019351851852057 0
1.083333333336067e-05 0.0001027037037037231 0
1.083333333336067e-05 0.0001034722222222404 0
1.083333333336067e-05 0.0001042407407407577 0
1.083333333336066e-05 0.0001050092592592749 0
1.083333333336067e-05 0.0001057777777777922 0
1.083333333336067e-05 0.0001065462962963095 0
1.083333333336067e-05 0.0001073148148148268 0
1.083333333336067e-05 0.0001080833333333441 0
1.083333333336066e-05 0.0001088518518518613 0
1.083333333336067e-05 0.0001096203703703786 0
1.083333333336066e-05 0.0001103888888888958 0
1.083333333336067e-05 0.0001111574074074131 0
1.083333333336066e-05 0.0001119259259259304 0
1.083333333336066e-05 0.0001126944444444477 0
1.083333333336066e-05 0.0001134629629629651 0
1.083333333336066e-05 0.0001142314814814826 0
1.000000000002513e-05 7.887962962963093e-05 0
1.000000000002513e-05 7.964814814815074e-05 0
1.000000000002513e-05 8.041666666667049e-05 0
1.000000000002513e-05 8.11851851851902e-05 0
1.000000000002513e-05 8.195370370370987e-05 0
1.000000000002513e-05 8.272222222222955e-05 0
1.000000000002513e-05 8.349074074074923e-05 0
1.000000000002513e-05 8.425925925926893e-05 0
1.000000000002513e-05 8.502777777778868e-05 0
1.000000000002513e-05 8.579629629630844e-05 0
1.000000000002513e-05 8.656481481482821e-05 0
1.000000000002513e-05 8.7333333333348e-05 0
1.000000000002513e-05 8.81018518518678e-05 0
1.000000000002513e-05 8.887037037038762e-05 0
1.000000000002513e-05 8.96388888889074e-05 0
1.000000000002513e-05 9.040740740742717e-05 0
1.000000000002513e-05 9.117592592594694e-05 0
1.000000000002513e-05 9.194444444446663e-05 0
1.000000000002512e-05 9.271296296298625e-05 0
1.000000000002513e-05 9.348148148150577e-05 0
1.000000000002513e-05 9.425000000002509e-05 0
1.000000000002513e-05 9.50185185185442e-05 0
1.000000000002512e-05 9.578703703706311e-05 0
1.000000000002513e-05 9.655555555558178e-05 0
1.000000000002513e-05 9.732407407410017e-05 0
1.000000000002513e-05 9.809259259261838e-05 0
1.000000000002513e-05 9.886111111113643e-05 0
1.000000000002513e-05 9.962962962965427e-05 0
1.000000000002513e-05 0.0001003981481481719 0
1.000000000002513e-05 0.0001011666666666895 0
1.000000000002513e-05 0.0001019351851852069 0
1.000000000002513e-05 0.0001027037037037242 0
1.000000000002513e-05 0.0001034722222222414 0
1.000000000002513e-05 0.0001042407407407586 0
1.000000000002513e-05 0.0001050092592592758 0
1.000000000002513e-05 0.000105777777777793 0
1.000000000002513e-05 0.0001065462962963103 0
1.000000000002513e-05 0.0001073148148148275 0
1.000000000002513e-05 0.0001080833333333447 0
1.000000000002513e-05 0.0001088518518518619 0
1.000000000002513e-05 0.0001096203703703791 0
1.000000000002513e-05 0.0001103888888888962 0
1.000000000002513e-05 0.0001111574074074134 0
1.000000000002512e-05 0.0001119259259259306 0
1.000000000002513e-05 0.0001126944444444479 0
1.000000000002513e-05 0.0001134629629629653 0
1.000000000002513e-05 0.0001142314814814826 0
9.166666666689591e-06 7.887962962963101e-05 0
9.166666666689589e-06 7.964814814815089e-05 0
9.166666666689589e-06 8.041666666667069e-05 0
9.166666666689591e-06 8.118518518519047e-05 0
9.166666666689591e-06 8.195370370371022e-05 0
9.166666666689589e-06 8.272222222222997e-05 0
9.166666666689589e-06 8.349074074074971e-05 0
9.166666666689589e-06 8.42592592592695e-05 0
9.166666666689591e-06 8.502777777778929e-05 0
9.166666666689592e-06 8.579629629630913e-05 0
9.166666666689592e-06 8.656481481482898e-05 0
9.166666666689591e-06 8.733333333334884e-05 0
9.166666666689591e-06 8.810185185186872e-05 0
9.166666666689591e-06 8.887037037038858e-05 0
9.166666666689591e-06 8.963888888890844e-05 0
9.166666666689594e-06 9.04074074074283e-05 0
9.166666666689592e-06 9.117592592594813e-05 0
9.166666666689591e-06 9.19444444444679e-05 0
9.166666666689589e-06 9.271296296298758e-05 0
9.166666666689589e-06 9.348148148150712e-05 0
9.166666666689589e-06 9.425000000002648e-05 0
9.166666666689589e-06 9.501851851854564e-05 0
9.166666666689589e-06 9.578703703706457e-05 0
9.166666666689589e-06 9.655555555558324e-05 0
9.166666666689589e-06 9.732407407410161e-05 0
9.166666666689589e-06 9.809259259261979e-05 0
9.166666666689589e-06 9.886111111113782e-05 0
9.166666666689592e-06 9.962962962965561e-05 0
9.166666666689592e-06 0.0001003981481481733 0
9.166666666689591e-06 0.0001011666666666907 0
9.166666666689591e-06 0.0001019351851852081 0
9.166666666689589e-06 0.0001027037037037253 0
9.166666666689587e-06 0.0001034722222222425 0
9.166666666689587e-06 0.0001042407407407596 0
9.166666666689589e-06 0.0001050092592592767 0
9.166666666689591e-06 0.0001057777777777939 0
9.166666666689591e-06 0.000106546296296311 0
9.166666666689591e-06 0.0001073148148148282 0
9.166666666689589e-06 0.0001080833333333453 0
9.166666666689589e-06 0.0001088518518518624 0
9.166666666689589e-06 0.0001096203703703795 0
9.166666666689591e-06 0.0001103888888888966 0
9.166666666689589e-06 0.0001111574074074138 0
9.166666666689589e-06 0.0001119259259259309 0
9.166666666689587e-06 0.0001126944444444482 0
9.166666666689589e-06 0.0001134629629629654 0
9.166666666689589e-06 0.0001142314814814827 0
8.333333333354052e-06 7.887962962963108e-05 0
8.333333333354052e-06 7.964814814815101e-05 0
8.333333333354052e-06 8.041666666667089e-05 0
8.333333333354054e-06 8.118518518519074e-05 0
8.333333333354054e-06 8.195370370371057e-05 0
8.333333333354054e-06 8.272222222223039e-05 0
8.333333333354052e-06 8.349074074075021e-05 0
8.333333333354052e-06 8.425925925927004e-05 0
8.333333333354054e-06 8.50277777777899e-05 0
8.333333333354056e-06 8.57962962963098e-05 0
8.333333333354054e-06 8.656481481482972e-05 0
8.333333333354052e-06 8.733333333334968e-05 0
8.333333333354052e-06 8.810185185186962e-05 0
8.333333333354054e-06 8.887037037038956e-05 0
8.333333333354054e-06 8.963888888890951e-05 0
8.333333333354054e-06 9.040740740742941e-05 0
8.333333333354054e-06 9.11759259259493e-05 0
8.333333333354054e-06 9.194444444446916e-05 0
8.333333333354052e-06 9.271296296298891e-05 0
8.333333333354052e-06 9.348148148150848e-05 0
8.333333333354052e-06 9.425000000002791e-05 0
8.333333333354052e-06 9.501851851854709e-05 0
8.33333333335405e-06 9.578703703706602e-05 0
8.333333333354052e-06 9.655555555558469e-05 0
8.333333333354052e-06 9.732407407410306e-05 0
8.333333333354052e-06 9.809259259262122e-05 0
8.333333333354052e-06 9.88611111111392e-05 0
8.333333333354052e-06 9.962962962965697e-05 0
8.333333333354054e-06 0.0001003981481481746 0
8.333333333354054e-06 0.000101166666666692 0
8.333333333354054e-06 0.0001019351851852093 0
8.333333333354052e-06 0.0001027037037037264 0
8.333333333354052e-06 0.0001034722222222435 0
8.333333333354052e-06 0.0001042407407407606 0
8.333333333354052e-06 0.0001050092592592776 0
8.33333333335405e-06 0.0001057777777777947 0
8.333333333354054e-06 0.0001065462962963118 0
8.33333333335405e-06 0.0001073148148148288 0
8.333333333354054e-06 0.000108083333333346 0
8.333333333354052e-06 0.000108851851851863 0
8.33333333335405e-06 0.00010962037037038 0
8.333333333354052e-06 0.0001103888888888971 0
8.333333333354054e-06 0.0001111574074074141 0
8.333333333354054e-06 0.0001119259259259312 0
8.333333333354052e-06 0.0001126944444444484 0
8.333333333354052e-06 0.0001134629629629656 0
8.333333333354052e-06 0.0001142314814814828 0
7.500000000018514e-06 7.887962962963116e-05 0
7.500000000018515e-06 7.964814814815116e-05 0
7.500000000018516e-06 8.041666666667111e-05 0
7.500000000018517e-06 8.118518518519101e-05 0
7.500000000018518e-06 8.195370370371091e-05 0
7.500000000018519e-06 8.27222222222308e-05 0
7.500000000018518e-06 8.349074074075068e-05 0
7.500000000018519e-06 8.425925925927058e-05 0
7.500000000018519e-06 8.502777777779052e-05 0
7.50000000001852e-06 8.57962962963105e-05 0
7.500000000018519e-06 8.65648148148305e-05 0
7.500000000018519e-06 8.733333333335053e-05 0
7.500000000018519e-06 8.810185185187055e-05 0
7.500000000018519e-06 8.887037037039055e-05 0
7.500000000018519e-06 8.963888888891057e-05 0
7.500000000018521e-06 9.040740740743055e-05 0
7.50000000001852e-06 9.11759259259505e-05 0
7.500000000018518e-06 9.194444444447039e-05 0
7.500000000018518e-06 9.271296296299021e-05 0
7.500000000018519e-06 9.348148148150986e-05 0
7.500000000018519e-06 9.425000000002931e-05 0
7.500000000018517e-06 9.501851851854852e-05 0
7.500000000018517e-06 9.578703703706747e-05 0
7.500000000018518e-06 9.655555555558611e-05 0
7.500000000018516e-06 9.732407407410449e-05 0
7.500000000018518e-06 9.809259259262266e-05 0
7.500000000018518e-06 9.886111111114059e-05 0
7.500000000018519e-06 9.962962962965831e-05 0
7.500000000018518e-06 0.0001003981481481759 0
7.50000000001852e-06 0.0001011666666666932 0
7.50000000001852e-06 0.0001019351851852104 0
7.500000000018518e-06 0.0001027037037037275 0
7.50000000001852e-06 0.0001034722222222446 0
7.500000000018519e-06 0.0001042407407407615 0
7.500000000018519e-06 0.0001050092592592785 0
7.500000000018518e-06 0.0001057777777777955 0
7.500000000018519e-06 0.0001065462962963126 0
7.500000000018518e-06 0.0001073148148148296 0
7.500000000018518e-06 0.0001080833333333465 0
7.50000000001852e-06 0.0001088518518518635 0
7.500000000018519e-06 0.0001096203703703805 0
7.500000000018519e-06 0.0001103888888888975 0
7.500000000018519e-06 0.0001111574074074145 0
7.500000000018518e-06 0.0001119259259259315 0
7.500000000018518e-06 0.0001126944444444486 0
7.500000000018515e-06 0.0001134629629629657 0
7.500000000018515e-06 0.0001142314814814828 0
6.666666666682979e-06 7.887962962963124e-05 0
6.666666666682981e-06 7.964814814815131e-05 0
6.666666666682983e-06 8.041666666667133e-05 0
6.666666666682986e-06 8.118518518519129e-05 0
6.666666666682988e-06 8.195370370371125e-05 0
6.666666666682989e-06 8.27222222222312e-05 0
6.666666666682989e-06 8.349074074075113e-05 0
6.66666666668299e-06 8.425925925927112e-05 0
6.66666666668299e-06 8.502777777779113e-05 0
6.666666666682991e-06 8.579629629631118e-05 0
6.666666666682991e-06 8.656481481483126e-05 0
6.666666666682992e-06 8.733333333335134e-05 0
6.666666666682992e-06 8.810185185187145e-05 0
6.666666666682992e-06 8.887037037039155e-05 0
6.66666666668299e-06 8.963888888891163e-05 0
6.66666666668299e-06 9.040740740743166e-05 0
6.666666666682992e-06 9.11759259259517e-05 0
6.666666666682991e-06 9.194444444447164e-05 0
6.666666666682991e-06 9.271296296299152e-05 0
6.666666666682992e-06 9.348148148151122e-05 0
6.666666666682991e-06 9.425000000003071e-05 0
6.666666666682992e-06 9.501851851854997e-05 0
6.666666666682992e-06 9.578703703706892e-05 0
6.666666666682991e-06 9.655555555558759e-05 0
6.666666666682991e-06 9.732407407410597e-05 0
6.66666666668299e-06 9.809259259262408e-05 0
6.666666666682992e-06 9.886111111114198e-05 0
6.666666666682992e-06 9.962962962965969e-05 0
6.666666666682992e-06 0.0001003981481481772 0
6.666666666682992e-06 0.0001011666666666945 0
6.666666666682992e-06 0.0001019351851852116 0
6.666666666682991e-06 0.0001027037037037286 0
6.66666666668299e-06 0.0001034722222222456 0
6.666666666682991e-06 0.0001042407407407625 0
6.666666666682991e-06 0.0001050092592592794 0
6.666666666682992e-06 0.0001057777777777964 0
6.66666666668299e-06 0.0001065462962963133 0
6.666666666682992e-06 0.0001073148148148303 0
6.666666666682992e-06 0.0001080833333333472 0
6.666666666682992e-06 0.0001088518518518641 0
6.666666666682993e-06 0.000109620370370381 0
6.666666666682992e-06 0.0001103888888888979 0
6.666666666682992e-06 0.0001111574074074148 0
6.666666666682992e-06 0.0001119259259259318 0
6.666666666682989e-06 0.0001126944444444488 0
6.666666666682986e-06 0.0001134629629629658 0
6.666666666682981e-06 0.0001142314814814829 0
5.833333333347449e-06 7.887962962963131e-05 0
5.833333333347454e-06 7.964814814815145e-05 0
5.83333333334746e-06 8.041666666667154e-05 0
5.833333333347466e-06 8.118518518519157e-05 0
5.83333333334747e-06 8.195370370371159e-05 0
5.833333333347473e-06 8.272222222223161e-05 0
5.833333333347473e-06 8.349074074075162e-05 0
5.833333333347474e-06 8.425925925927166e-05 0
5.833333333347475e-06 8.502777777779174e-05 0
5.833333333347478e-06 8.579629629631187e-05 0
5.833333333347478e-06 8.656481481483201e-05 0
5.833333333347479e-06 8.733333333335218e-05 0
5.833333333347479e-06 8.810185185187236e-05 0
5.833333333347478e-06 8.887037037039251e-05 0
5.833333333347476e-06 8.963888888891267e-05 0
5.833333333347478e-06 9.04074074074328e-05 0
5.833333333347478e-06 9.117592592595287e-05 0
5.833333333347479e-06 9.19444444444729e-05 0
5.833333333347478e-06 9.271296296299282e-05 0
5.833333333347479e-06 9.348148148151257e-05 0
5.833333333347478e-06 9.425000000003212e-05 0
5.833333333347478e-06 9.50185185185514e-05 0
5.833333333347478e-06 9.578703703707037e-05 0
5.833333333347478e-06 9.655555555558904e-05 0
5.833333333347478e-06 9.732407407410741e-05 0
5.833333333347478e-06 9.809259259262552e-05 0
5.833333333347479e-06 9.886111111114339e-05 0
5.833333333347478e-06 9.962962962966104e-05 0
5.833333333347477e-06 0.0001003981481481785 0
5.833333333347477e-06 0.0001011666666666957 0
5.833333333347478e-06 0.0001019351851852128 0
5.833333333347477e-06 0.0001027037037037298 0
5.833333333347477e-06 0.0001034722222222466 0
5.833333333347476e-06 0.0001042407407407635 0
5.833333333347477e-06 0.0001050092592592803 0
5.833333333347477e-06 0.0001057777777777972 0
5.833333333347477e-06 0.0001065462962963141 0
5.833333333347478e-06 0.0001073148148148309 0
5.833333333347478e-06 0.0001080833333333478 0
5.833333333347477e-06 0.0001088518518518646 0
5.833333333347479e-06 0.0001096203703703815 0
5.833333333347478e-06 0.0001103888888888983 0
5.833333333347478e-06 0.0001111574074074152 0
5.833333333347476e-06 0.0001119259259259321 0
5.833333333347473e-06 0.000112694444444449 0
5.833333333347465e-06 0.000113462962962966 0
5.833333333347456e-06 0.000114231481481483 0
5.000000000011924e-06 7.887962962963139e-05 0
5.00000000001194e-06 7.96481481481516e-05 0
5.000000000011955e-06 8.041666666667175e-05 0
5.000000000011966e-06 8.118518518519185e-05 0
5.000000000011975e-06 8.195370370371194e-05 0
5.00000000001198e-06 8.2722222222232e-05 0
5.000000000011983e-06 8.349074074075209e-05 0
5.000000000011986e-06 8.425925925927221e-05 0
5.000000000011988e-06 8.502777777779235e-05 0
5.000000000011989e-06 8.579629629631253e-05 0
5.000000000011989e-06 8.656481481483277e-05 0
5.000000000011989e-06 8.733333333335302e-05 0
5.000000000011989e-06 8.810185185187326e-05 0
5.000000000011989e-06 8.887037037039351e-05 0
5.000000000011989e-06 8.963888888891374e-05 0
5.000000000011989e-06 9.040740740743394e-05 0
5.000000000011989e-06 9.117592592595407e-05 0
5.000000000011989e-06 9.194444444447417e-05 0
5.000000000011988e-06 9.271296296299415e-05 0
5.00000000001199e-06 9.348148148151397e-05 0
5.00000000001199e-06 9.425000000003353e-05 0
5.00000000001199e-06 9.501851851855285e-05 0
5.000000000011989e-06 9.578703703707185e-05 0
5.000000000011989e-06 9.655555555559054e-05 0
5.000000000011989e-06 9.732407407410889e-05 0
5.000000000011989e-06 9.809259259262697e-05 0
5.00000000001199e-06 9.886111111114481e-05 0
5.00000000001199e-06 9.962962962966239e-05 0
5.000000000011988e-06 0.0001003981481481798 0
5.000000000011989e-06 0.000101166666666697 0
5.000000000011989e-06 0.000101935185185214 0
5.000000000011989e-06 0.0001027037037037309 0
5.000000000011988e-06 0.0001034722222222477 0
5.000000000011988e-06 0.0001042407407407645 0
5.000000000011989e-06 0.0001050092592592812 0
5.00000000001199e-06 0.000105777777777798 0
5.000000000011989e-06 0.0001065462962963148 0
5.00000000001199e-06 0.0001073148148148316 0
5.000000000011989e-06 0.0001080833333333484 0
5.000000000011988e-06 0.0001088518518518652 0
5.000000000011989e-06 0.000109620370370382 0
5.000000000011988e-06 0.0001103888888888987 0
5.000000000011987e-06 0.0001111574074074155 0
5.000000000011983e-06 0.0001119259259259323 0
5.000000000011973e-06 0.0001126944444444492 0
5.000000000011958e-06 0.0001134629629629661 0
5.000000000011934e-06 0.000114231481481483 0
4.166666666676409e-06 7.887962962963147e-05 0
4.166666666676448e-06 7.964814814815175e-05 0
4.166666666676478e-06 8.041666666667198e-05 0
4.166666666676501e-06 8.118518518519216e-05 0
4.166666666676517e-06 8.195370370371231e-05 0
4.166666666676525e-06 8.272222222223242e-05 0
4.166666666676531e-06 8.349074074075258e-05 0
4.166666666676536e-06 8.425925925927275e-05 0
4.166666666676538e-06 8.502777777779299e-05 0
4.166666666676539e-06 8.579629629631323e-05 0
4.16666666667654e-06 8.656481481483352e-05 0
4.166666666676541e-06 8.733333333335382e-05 0
4.16666666667654e-06 8.810185185187417e-05 0
4.16666666667654e-06 8.887037037039448e-05 0
4.16666666667654e-06 8.963888888891478e-05 0
4.166666666676541e-06 9.040740740743506e-05 0
4.166666666676541e-06 9.117592592595529e-05 0
4.16666666667654e-06 9.194444444447543e-05 0
4.16666666667654e-06 9.271296296299545e-05 0
4.16666666667654e-06 9.348148148151534e-05 0
4.166666666676541e-06 9.425000000003497e-05 0
4.166666666676541e-06 9.501851851855434e-05 0
4.166666666676541e-06 9.578703703707337e-05 0
4.166666666676541e-06 9.655555555559208e-05 0
4.166666666676541e-06 9.732407407411043e-05 0
4.16666666667654e-06 9.809259259262846e-05 0
4.166666666676541e-06 9.886111111114623e-05 0
4.166666666676541e-06 9.962962962966377e-05 0
4.166666666676541e-06 0.0001003981481481811 0
4.166666666676541e-06 0.0001011666666666983 0
4.166666666676541e-06 0.0001019351851852152 0
4.166666666676541e-06 0.0001027037037037321 0
4.16666666667654e-06 0.0001034722222222488 0
4.16666666667654e-06 0.0001042407407407655 0
4.16666666667654e-06 0.0001050092592592821 0
4.166666666676541e-06 0.0001057777777777988 0
4.166666666676541e-06 0.0001065462962963156 0
4.166666666676541e-06 0.0001073148148148323 0
4.16666666667654e-06 0.0001080833333333491 0
4.16666666667654e-06 0.0001088518518518658 0
4.166666666676538e-06 0.0001096203703703825 0
4.166666666676537e-06 0.0001103888888888991 0
4.166666666676534e-06 0.0001111574074074158 0
4.166666666676525e-06 0.0001119259259259326 0
4.166666666676505e-06 0.0001126944444444494 0
4.166666666676472e-06 0.0001134629629629662 0
4.166666666676425e-06 0.0001142314814814831 0
3.333333333340914e-06 7.887962962963157e-05 0
3.333333333340989e-06 7.964814814815196e-05 0
3.333333333341046e-06 8.041666666667226e-05 0
3.333333333341083e-06 8.118518518519249e-05 0
3.333333333341107e-06 8.195370370371266e-05 0
3.333333333341123e-06 8.272222222223283e-05 0
3.333333333341131e-06 8.349074074075304e-05 0
3.333333333341136e-06 8.425925925927328e-05 0
3.333333333341139e-06 8.502777777779357e-05 0
3.33333333334114e-06 8.579629629631393e-05 0
3.33333333334114e-06 8.656481481483428e-05 0
3.333333333341142e-06 8.733333333335465e-05 0
3.333333333341141e-06 8.810185185187505e-05 0
3.333333333341141e-06 8.887037037039547e-05 0
3.333333333341141e-06 8.963888888891585e-05 0
3.333333333341142e-06 9.040740740743621e-05 0
3.333333333341142e-06 9.117592592595648e-05 0
3.333333333341142e-06 9.194444444447668e-05 0
3.333333333341142e-06 9.271296296299679e-05 0
3.333333333341143e-06 9.348148148151676e-05 0
3.333333333341143e-06 9.425000000003648e-05 0
3.333333333341142e-06 9.50185185185559e-05 0
3.333333333341142e-06 9.5787037037075e-05 0
3.333333333341143e-06 9.655555555559374e-05 0
3.333333333341143e-06 9.73240740741121e-05 0
3.333333333341142e-06 9.809259259263006e-05 0
3.333333333341142e-06 9.886111111114774e-05 0
3.333333333341142e-06 9.962962962966518e-05 0
3.333333333341142e-06 0.0001003981481481825 0
3.333333333341142e-06 0.0001011666666666996 0
3.333333333341142e-06 0.0001019351851852165 0
3.333333333341142e-06 0.0001027037037037333 0
3.333333333341142e-06 0.0001034722222222499 0
3.333333333341142e-06 0.0001042407407407665 0
3.333333333341141e-06 0.000105009259259283 0
3.333333333341142e-06 0.0001057777777777996 0
3.333333333341142e-06 0.0001065462962963163 0
3.333333333341142e-06 0.000107314814814833 0
3.333333333341141e-06 0.0001080833333333497 0
3.333333333341141e-06 0.0001088518518518663 0
3.33333333334114e-06 0.000109620370370383 0
3.333333333341137e-06 0.0001103888888888996 0
3.333333333341129e-06 0.0001111574074074162 0
3.333333333341111e-06 0.0001119259259259329 0
3.333333333341077e-06 0.0001126944444444495 0
3.333333333341018e-06 0.0001134629629629663 0
3.333333333340933e-06 0.0001142314814814831 0
2.500000000005455e-06 7.887962962963169e-05 0
2.500000000005584e-06 7.964814814815223e-05 0
2.500000000005671e-06 8.041666666667261e-05 0
2.500000000005725e-06 8.118518518519289e-05 0
2.500000000005757e-06 8.195370370371305e-05 0
2.500000000005776e-06 8.272222222223319e-05 0
2.500000000005786e-06 8.349074074075345e-05 0
2.500000000005792e-06 8.425925925927374e-05 0
2.500000000005795e-06 8.502777777779418e-05 0
2.500000000005797e-06 8.579629629631462e-05 0
2.500000000005798e-06 8.656481481483501e-05 0
2.500000000005798e-06 8.733333333335542e-05 0
2.500000000005799e-06 8.810185185187591e-05 0
2.500000000005799e-06 8.887037037039644e-05 0
2.500000000005798e-06 8.963888888891698e-05 0
2.500000000005799e-06 9.040740740743739e-05 0
2.500000000005799e-06 9.11759259259577e-05 0
2.500000000005799e-06 9.194444444447794e-05 0
2.500000000005799e-06 9.271296296299816e-05 0
2.5000000000058e-06 9.348148148151825e-05 0
2.500000000005799e-06 9.425000000003803e-05 0
2.500000000005799e-06 9.501851851855758e-05 0
2.500000000005798e-06 9.578703703707676e-05 0
2.500000000005799e-06 9.655555555559561e-05 0
2.500000000005799e-06 9.732407407411395e-05 0
2.500000000005799e-06 9.809259259263177e-05 0
2.500000000005799e-06 9.886111111114929e-05 0
2.500000000005799e-06 9.962962962966666e-05 0
2.500000000005799e-06 0.0001003981481481839 0
2.500000000005799e-06 0.0001011666666667009 0
2.500000000005799e-06 0.0001019351851852179 0
2.500000000005799e-06 0.0001027037037037346 0
2.500000000005799e-06 0.0001034722222222511 0
2.500000000005799e-06 0.0001042407407407675 0
2.500000000005799e-06 0.0001050092592592839 0
2.500000000005799e-06 0.0001057777777778003 0
2.500000000005799e-06 0.0001065462962963169 0
2.500000000005799e-06 0.0001073148148148336 0
2.500000000005799e-06 0.0001080833333333504 0
2.500000000005798e-06 0.000108851851851867 0
2.500000000005796e-06 0.0001096203703703835 0
2.500000000005791e-06 0.0001103888888889 0
2.500000000005778e-06 0.0001111574074074165 0
2.500000000005752e-06 0.0001119259259259332 0
2.500000000005702e-06 0.0001126944444444497 0
2.500000000005613e-06 0.0001134629629629664 0
2.500000000005474e-06 0.0001142314814814832 0
1.666666666670061e-06 7.887962962963184e-05 0
1.666666666670257e-06 7.964814814815269e-05 0
1.666666666670368e-06 8.041666666667306e-05 0
1.666666666670431e-06 8.118518518519345e-05 0
1.666666666670465e-06 8.195370370371347e-05 0
1.666666666670483e-06 8.272222222223345e-05 0
1.666666666670494e-06 8.349074074075381e-05 0
1.666666666670499e-06 8.425925925927409e-05 0
1.666666666670502e-06 8.502777777779479e-05 0
1.666666666670504e-06 8.579629629631537e-05 0
1.666666666670505e-06 8.656481481483569e-05 0
1.666666666670505e-06 8.733333333335618e-05 0
1.666666666670505e-06 8.810185185187669e-05 0
1.666666666670505e-06 8.887037037039743e-05 0
1.666666666670506e-06 8.963888888891821e-05 0
1.666666666670505e-06 9.040740740743869e-05 0
1.666666666670505e-06 9.1175925925959e-05 0
1.666666666670506e-06 9.194444444447912e-05 0
1.666666666670506e-06 9.271296296299959e-05 0
1.666666666670506e-06 9.34814814815199e-05 0
1.666666666670506e-06 9.425000000003968e-05 0
1.666666666670505e-06 9.501851851855939e-05 0
1.666666666670505e-06 9.578703703707878e-05 0
1.666666666670505e-06 9.655555555559789e-05 0
1.666666666670506e-06 9.732407407411619e-05 0
1.666666666670506e-06 9.809259259263369e-05 0
1.666666666670506e-06 9.886111111115092e-05 0
1.666666666670506e-06 9.96296296296681e-05 0
1.666666666670506e-06 0.0001003981481481853 0
1.666666666670506e-06 0.0001011666666667025 0
1.666666666670506e-06 0.0001019351851852193 0
1.666666666670506e-06 0.000102703703703736 0
1.666666666670506e-06 0.0001034722222222525 0
1.666666666670506e-06 0.0001042407407407686 0
1.666666666670506e-06 0.0001050092592592846 0
1.666666666670506e-06 0.0001057777777778009 0
1.666666666670506e-06 0.0001065462962963175 0
1.666666666670506e-06 0.0001073148148148343 0
1.666666666670505e-06 0.0001080833333333511 0
1.666666666670505e-06 0.0001088518518518677 0
1.666666666670502e-06 0.0001096203703703841 0
1.666666666670497e-06 0.0001103888888889003 0
1.666666666670482e-06 0.0001111574074074169 0
1.666666666670453e-06 0.0001119259259259335 0
1.666666666670393e-06 0.0001126944444444498 0
1.666666666670279e-06 0.0001134629629629663 0
1.666666666670076e-06 0.0001142314814814831 0
8.333333333348123e-07 7.887962962963187e-05 0
8.333333333350466e-07 7.96481481481537e-05 0
8.33333333335148e-07 8.041666666667343e-05 0
8.333333333351961e-07 8.118518518519441e-05 0
8.3333333333522e-07 8.195370370371396e-05 0
8.333333333352326e-07 8.272222222223322e-05 0
8.333333333352389e-07 8.349074074075431e-05 0
8.333333333352424e-07 8.425925925927397e-05 0
8.333333333352442e-07 8.502777777779556e-05 0
8.333333333352454e-07 8.579629629631637e-05 0
8.333333333352458e-07 8.656481481483612e-05 0
8.333333333352461e-07 8.733333333335694e-05 0
8.333333333352462e-07 8.810185185187711e-05 0
8.333333333352464e-07 8.887037037039838e-05 0
8.333333333352464e-07 8.963888888891973e-05 0
8.333333333352465e-07 9.040740740744017e-05 0
8.333333333352465e-07 9.117592592596045e-05 0
8.333333333352468e-07 9.194444444447981e-05 0
8.333333333352467e-07 9.271296296300109e-05 0
8.333333333352466e-07 9.348148148152203e-05 0
8.333333333352464e-07 9.425000000004135e-05 0
8.333333333352464e-07 9.501851851856148e-05 0
8.333333333352466e-07 9.578703703708104e-05 0
8.333333333352466e-07 9.655555555560097e-05 0
8.333333333352464e-07 9.732407407411929e-05 0
8.333333333352464e-07 9.809259259263585e-05 0
8.333333333352467e-07 9.886111111115249e-05 0
8.333333333352466e-07 9.962962962966934e-05 0
8.333333333352464e-07 0.0001003981481481868 0
8.333333333352465e-07 0.0001011666666667043 0
8.333333333352466e-07 0.0001019351851852209 0
8.333333333352466e-07 0.0001027037037037378 0
8.333333333352466e-07 0.0001034722222222543 0
8.333333333352465e-07 0.0001042407407407697 0
8.333333333352466e-07 0.0001050092592592849 0
8.333333333352466e-07 0.000105777777777801 0
8.333333333352466e-07 0.0001065462962963178 0
8.333333333352465e-07 0.0001073148148148348 0
8.333333333352462e-07 0.000108083333333352 0
8.333333333352456e-07 0.0001088518518518689 0
8.333333333352442e-07 0.0001096203703703847 0
8.333333333352399e-07 0.0001103888888889003 0
8.3333333333523e-07 0.0001111574074074172 0
8.333333333352083e-07 0.0001119259259259341 0
8.333333333351612e-07 0.0001126944444444498 0
8.333333333350586e-07 0.0001134629629629659 0
8.333333333348202e-07 0.0001142314814814828 0
2 203 0 531
7335
7336
7337
7338
7339
7340
7341
7342
7343
7344
7345
7346
7347
7348
7349
7350
7351
7352
7353
7354
7355
7356
7357
7358
7359
7360
7361
7362
7363
7364
7365
7366
7367
7368
7369
7370
7371
7372
7373
7374
7375
7376
7377
7378
7379
7380
7381
7382
7383
7384
7385
7386
7387
7388
7389
7390
7391
7392
7393
7394
7395
7396
7397
7398
7399
7400
7401
7402
7403
7404
7405
7406
7407
7408
7409
7410
7411
7412
7413
7414
7415
7416
7417
7418
7419
7420
7421
7422
7423
7424
7425
7426
7427
7428
7429
7430
7431
7432
7433
7434
7435
7436
7437
7438
7439
7440
7441
7442
7443
7444
7445
7446
7447
7448
7449
7450
7451
7452
7453
7454
7455
7456
7457
7458
7459
7460
7461
7462
7463
7464
7465
7466
7467
7468
7469
7470
7471
7472
7473
7474
7475
7476
7477
7478
7479
7480
7481
7482
7483
7484
7485
7486
7487
7488
7489
7490
7491
7492
7493
7494
7495
7496
7497
7498
7499
7500
7501
7502
7503
7504
7505
7506
7507
7508
7509
7510
7511
7512
7513
7514
7515
7516
7517
7518
7519
7520
7521
7522
7523
7524
7525
7526
7527
7528
7529
7530
7531
7532
7533
7534
7535
7536
7537
7538
7539
7540
7541
7542
7543
7544
7545
7546
7547
7548
7549
7550
7551
7552
7553
7554
7555
7556
7557
7558
7559
7560
7561
7562
7563
7564
7565
7566
7567
7568
7569
7570
7571
7572
7573
7574
7575
7576
7577
7578
7579
7580
7581
7582
7583
7584
7585
7586
7587
7588
7589
7590
7591
7592
7593
7594
7595
7596
7597
7598
7599
7600
7601
7602
7603
7604
7605
7606
7607
7608
7609
7610
7611
7612
7613
7614
7615
7616
7617
7618
7619
7620
7621
7622
7623
7624
7625
7626
7627
7628
7629
7630
7631
7632
7633
7634
7635
7636
7637
7638
7639
7640
7641
7642
7643
7644
7645
7646
7647
7648
7649
7650
7651
7652
7653
7654
7655
7656
7657
7658
7659
7660
7661
7662
7663
7664
7665
7666
7667
7668
7669
7670
7671
7672
7673
7674
7675
7676
7677
7678
7679
7680
7681
7682
7683
7684
7685
7686
7687
7688
7689
7690
7691
7692
7693
7694
7695
7696
7697
7698
7699
7700
7701
7702
7703
7704
7705
7706
7707
7708
7709
7710
7711
7712
7713
7714
7715
7716
7717
7718
7719
7720
7721
7722
7723
7724
7725
7726
7727
7728
7729
7730
7731
7732
7733
7734
7735
7736
7737
7738
7739
7740
7741
7742
7743
7744
7745
7746
7747
7748
7749
7750
7751
7752
7753
7754
7755
7756
7757
7758
7759
7760
7761
7762
7763
7764
7765
7766
7767
7768
7769
7770
7771
7772
7773
7774
7775
7776
7777
7778
7779
7780
7781
7782
7783
7784
7785
7786
7787
7788
7789
7790
7791
7792
7793
7794
7795
7796
7797
7798
7799
7800
7801
7802
7803
7804
7805
7806
7807
7808
7809
7810
7811
7812
7813
7814
7815
7816
7817
7818
7819
7820
7821
7822
7823
7824
7825
7826
7827
7828
7829
7830
7831
7832
7833
7834
7835
7836
7837
7838
7839
7840
7841
7842
7843
7844
7845
7846
7847
7848
7849
7850
7851
7852
7853
7854
7855
7856
7857
7858
7859
7860
7861
7862
7863
7864
7865
4.916666666666777e-05 0.0001154999999999981 0
4.916666666666792e-05 0.0001159999999999961 0
4.9166666666668e-05 0.0001164999999999951 0
4.916666666666803e-05 0.0001169999999999942 0
4.916666666666805e-05 0.0001174999999999942 0
4.916666666666804e-05 0.0001179999999999952 0
4.9166666666668e-05 0.0001184999999999965 0
4.916666666666792e-05 0.0001189999999999978 0
4.916666666666778e-05 0.0001194999999999994 0
4.8333333333336e-05 0.0001154999999999986 0
4.833333333333606e-05 0.0001159999999999974 0
4.83333333333361e-05 0.0001164999999999965 0
4.833333333333613e-05 0.000116999999999996 0
4.833333333333615e-05 0.000117499999999996 0
4.833333333333615e-05 0.0001179999999999965 0
4.833333333333613e-05 0.0001184999999999972 0
4.833333333333608e-05 0.0001189999999999981 0
4.833333333333602e-05 0.0001194999999999991 0
4.750000000000436e-05 0.0001154999999999989 0
4.75000000000043e-05 0.0001159999999999979 0
4.750000000000428e-05 0.0001164999999999972 0
4.750000000000427e-05 0.0001169999999999968 0
4.750000000000429e-05 0.0001174999999999968 0
4.750000000000428e-05 0.0001179999999999971 0
4.75000000000043e-05 0.0001184999999999977 0
4.750000000000431e-05 0.0001189999999999984 0
4.750000000000436e-05 0.0001194999999999992 0
4.666666666667247e-05 0.000115499999999999 0
4.666666666667245e-05 0.0001159999999999982 0
4.666666666667245e-05 0.0001164999999999976 0
4.666666666667244e-05 0.0001169999999999973 0
4.666666666667245e-05 0.0001174999999999973 0
4.666666666667247e-05 0.0001179999999999975 0
4.666666666667247e-05 0.000118499999999998 0
4.666666666667247e-05 0.0001189999999999986 0
4.666666666667247e-05 0.0001194999999999993 0
4.583333333334053e-05 0.0001154999999999991 0
4.58333333333406e-05 0.0001159999999999983 0
4.583333333334064e-05 0.0001164999999999978 0
4.583333333334065e-05 0.0001169999999999975 0
4.583333333334067e-05 0.0001174999999999975 0
4.583333333334068e-05 0.0001179999999999978 0
4.583333333334067e-05 0.0001184999999999982 0
4.583333333334062e-05 0.0001189999999999987 0
4.583333333334056e-05 0.0001194999999999994 0
4.500000000000886e-05 0.0001154999999999991 0
4.500000000000887e-05 0.0001159999999999984 0
4.500000000000891e-05 0.0001164999999999979 0
4.500000000000894e-05 0.0001169999999999977 0
4.500000000000897e-05 0.0001174999999999977 0
4.500000000000898e-05 0.0001179999999999979 0
4.500000000000896e-05 0.0001184999999999983 0
4.500000000000891e-05 0.0001189999999999988 0
4.500000000000889e-05 0.0001194999999999994 0
4.416666666667682e-05 0.0001154999999999992 0
4.416666666667712e-05 0.0001159999999999985 0
4.41666666666773e-05 0.000116499999999998 0
4.416666666667739e-05 0.0001169999999999978 0
4.416666666667743e-05 0.0001174999999999978 0
4.416666666667741e-05 0.000117999999999998 0
4.416666666667732e-05 0.0001184999999999984 0
4.416666666667716e-05 0.0001189999999999989 0
4.416666666667684e-05 0.0001194999999999994 0
4.333333333334552e-05 0.0001154999999999992 0
4.333333333334581e-05 0.0001159999999999986 0
4.333333333334598e-05 0.0001164999999999981 0
4.333333333334608e-05 0.0001169999999999979 0
4.333333333334611e-05 0.0001174999999999979 0
4.333333333334609e-05 0.0001179999999999981 0
4.333333333334601e-05 0.0001184999999999984 0
4.333333333334584e-05 0.0001189999999999989 0
4.333333333334553e-05 0.0001194999999999995 0
4.250000000001489e-05 0.0001154999999999993 0
4.250000000001491e-05 0.0001159999999999986 0
4.250000000001497e-05 0.0001164999999999982 0
4.250000000001502e-05 0.000116999999999998 0
4.250000000001505e-05 0.000117499999999998 0
4.250000000001503e-05 0.0001179999999999982 0
4.2500000000015e-05 0.0001184999999999985 0
4.250000000001494e-05 0.000118999999999999 0
4.250000000001491e-05 0.0001194999999999995 0
4.166666666668375e-05 0.0001154999999999993 0
4.166666666668394e-05 0.0001159999999999987 0
4.166666666668405e-05 0.0001164999999999983 0
4.166666666668411e-05 0.0001169999999999981 0
4.166666666668413e-05 0.0001174999999999981 0
4.166666666668413e-05 0.0001179999999999983 0
4.166666666668407e-05 0.0001184999999999986 0
4.166666666668397e-05 0.000118999999999999 0
4.166666666668378e-05 0.0001194999999999995 0
4.083333333335301e-05 0.0001154999999999993 0
4.083333333335321e-05 0.0001159999999999987 0
4.083333333335332e-05 0.0001164999999999983 0
4.083333333335336e-05 0.0001169999999999981 0
4.083333333335339e-05 0.0001174999999999982 0
4.083333333335338e-05 0.0001179999999999983 0
4.083333333335334e-05 0.0001184999999999987 0
4.083333333335323e-05 0.0001189999999999991 0
4.083333333335303e-05 0.0001194999999999995 0
4.000000000002275e-05 0.0001154999999999993 0
4.000000000002274e-05 0.0001159999999999988 0
4.000000000002276e-05 0.0001164999999999984 0
4.000000000002276e-05 0.0001169999999999982 0
4.000000000002276e-05 0.0001174999999999982 0
4.000000000002276e-05 0.0001179999999999984 0
4.000000000002276e-05 0.0001184999999999987 0
4.000000000002276e-05 0.0001189999999999991 0
4.000000000002275e-05 0.0001194999999999995 0
3.916666666669248e-05 0.0001154999999999994 0
3.916666666669228e-05 0.0001159999999999988 0
3.916666666669218e-05 0.0001164999999999985 0
3.916666666669213e-05 0.0001169999999999983 0
3.916666666669211e-05 0.0001174999999999983 0
3.916666666669212e-05 0.0001179999999999985 0
3.916666666669216e-05 0.0001184999999999987 0
3.916666666669227e-05 0.0001189999999999991 0
3.916666666669247e-05 0.0001194999999999996 0
3.833333333336163e-05 0.0001154999999999994 0
3.833333333336151e-05 0.0001159999999999989 0
3.833333333336143e-05 0.0001164999999999985 0
3.833333333336137e-05 0.0001169999999999984 0
3.833333333336135e-05 0.0001174999999999984 0
3.833333333336136e-05 0.0001179999999999985 0
3.83333333333614e-05 0.0001184999999999988 0
3.833333333336149e-05 0.0001189999999999992 0
3.833333333336163e-05 0.0001194999999999996 0
3.750000000003059e-05 0.0001154999999999994 0
3.750000000003058e-05 0.0001159999999999989 0
3.750000000003052e-05 0.0001164999999999986 0
3.750000000003048e-05 0.0001169999999999985 0
3.750000000003046e-05 0.0001174999999999985 0
3.750000000003046e-05 0.0001179999999999986 0
3.75000000000305e-05 0.0001184999999999989 0
3.750000000003055e-05 0.0001189999999999992 0
3.750000000003058e-05 0.0001194999999999996 0
3.666666666669998e-05 0.0001154999999999994 0
3.666666666669969e-05 0.000115999999999999 0
3.666666666669954e-05 0.0001164999999999987 0
3.666666666669945e-05 0.0001169999999999986 0
3.666666666669942e-05 0.0001174999999999986 0
3.666666666669944e-05 0.0001179999999999987 0
3.666666666669952e-05 0.0001184999999999989 0
3.666666666669967e-05 0.0001189999999999993 0
3.666666666669996e-05 0.0001194999999999996 0
3.583333333336859e-05 0.0001154999999999995 0
3.58333333333684e-05 0.0001159999999999991 0
3.58333333333683e-05 0.0001164999999999988 0
3.583333333336824e-05 0.0001169999999999986 0
3.583333333336823e-05 0.0001174999999999986 0
3.583333333336823e-05 0.0001179999999999988 0
3.583333333336829e-05 0.000118499999999999 0
3.58333333333684e-05 0.0001189999999999993 0
3.583333333336859e-05 0.0001194999999999997 0
3.500000000003668e-05 0.0001154999999999995 0
3.500000000003684e-05 0.0001159999999999991 0
3.50000000000369e-05 0.0001164999999999988 0
3.500000000003692e-05 0.0001169999999999987 0
3.500000000003693e-05 0.0001174999999999987 0
3.500000000003692e-05 0.0001179999999999988 0
3.500000000003689e-05 0.000118499999999999 0
3.500000000003683e-05 0.0001189999999999993 0
3.500000000003668e-05 0.0001194999999999997 0
3.41666666667055e-05 0.0001154999999999995 0
3.416666666670555e-05 0.0001159999999999991 0
3.416666666670562e-05 0.0001164999999999989 0
3.416666666670566e-05 0.0001169999999999988 0
3.416666666670568e-05 0.0001174999999999988 0
3.416666666670567e-05 0.0001179999999999989 0
3.416666666670564e-05 0.0001184999999999991 0
3.416666666670557e-05 0.0001189999999999994 0
3.41666666667055e-05 0.0001194999999999997 0
3.333333333337401e-05 0.0001154999999999995 0
3.333333333337428e-05 0.0001159999999999992 0
3.333333333337443e-05 0.0001164999999999989 0
3.333333333337451e-05 0.0001169999999999988 0
3.333333333337454e-05 0.0001174999999999989 0
3.333333333337453e-05 0.000117999999999999 0
3.333333333337446e-05 0.0001184999999999992 0
3.33333333333743e-05 0.0001189999999999994 0
3.333333333337402e-05 0.0001194999999999997 0
3.250000000004331e-05 0.0001154999999999996 0
3.250000000004343e-05 0.0001159999999999993 0
3.250000000004349e-05 0.000116499999999999 0
3.250000000004352e-05 0.0001169999999999989 0
3.250000000004353e-05 0.0001174999999999989 0
3.250000000004352e-05 0.000117999999999999 0
3.250000000004349e-05 0.0001184999999999992 0
3.250000000004343e-05 0.0001189999999999995 0
3.250000000004332e-05 0.0001194999999999997 0
3.166666666671284e-05 0.0001154999999999996 0
3.166666666671268e-05 0.0001159999999999993 0
3.166666666671262e-05 0.0001164999999999991 0
3.16666666667126e-05 0.000116999999999999 0
3.16666666667126e-05 0.000117499999999999 0
3.16666666667126e-05 0.0001179999999999991 0
3.166666666671264e-05 0.0001184999999999993 0
3.16666666667127e-05 0.0001189999999999995 0
3.166666666671287e-05 0.0001194999999999998 0
3.083333333338181e-05 0.0001154999999999996 0
3.083333333338171e-05 0.0001159999999999994 0
3.083333333338166e-05 0.0001164999999999992 0
3.083333333338162e-05 0.0001169999999999991 0
3.083333333338161e-05 0.0001174999999999991 0
3.083333333338162e-05 0.0001179999999999992 0
3.083333333338166e-05 0.0001184999999999993 0
3.083333333338171e-05 0.0001189999999999996 0
3.08333333333818e-05 0.0001194999999999998 0
3.000000000005065e-05 0.0001154999999999997 0
3.000000000005062e-05 0.0001159999999999994 0
3.00000000000506e-05 0.0001164999999999992 0
3.000000000005058e-05 0.0001169999999999991 0
3.000000000005056e-05 0.0001174999999999991 0
3.000000000005057e-05 0.0001179999999999992 0
3.000000000005058e-05 0.0001184999999999994 0
3.000000000005061e-05 0.0001189999999999996 0
3.000000000005064e-05 0.0001194999999999998 0
2.916666666671953e-05 0.0001154999999999997 0
2.91666666667195e-05 0.0001159999999999994 0
2.916666666671948e-05 0.0001164999999999993 0
2.916666666671947e-05 0.0001169999999999992 0
2.916666666671945e-05 0.0001174999999999992 0
2.916666666671945e-05 0.0001179999999999993 0
2.916666666671946e-05 0.0001184999999999994 0
2.916666666671948e-05 0.0001189999999999996 0
2.916666666671952e-05 0.0001194999999999998 0
2.833333333338837e-05 0.0001154999999999997 0
2.833333333338833e-05 0.0001159999999999995 0
2.83333333333883e-05 0.0001164999999999994 0
2.833333333338828e-05 0.0001169999999999993 0
2.833333333338827e-05 0.0001174999999999993 0
2.833333333338826e-05 0.0001179999999999994 0
2.833333333338827e-05 0.0001184999999999995 0
2.83333333333883e-05 0.0001189999999999997 0
2.833333333338834e-05 0.0001194999999999999 0
2.750000000005713e-05 0.0001154999999999997 0
2.750000000005707e-05 0.0001159999999999996 0
2.750000000005701e-05 0.0001164999999999994 0
2.750000000005695e-05 0.0001169999999999994 0
2.750000000005692e-05 0.0001174999999999994 0
2.750000000005691e-05 0.0001179999999999995 0
2.750000000005694e-05 0.0001184999999999996 0
2.7500000000057e-05 0.0001189999999999997 0
2.750000000005708e-05 0.0001194999999999999 0
2.666666666672591e-05 0.0001154999999999998 0
2.666666666672568e-05 0.0001159999999999996 0
2.66666666667255e-05 0.0001164999999999995 0
2.666666666672537e-05 0.0001169999999999995 0
2.66666666667253e-05 0.0001174999999999995 0
2.66666666667253e-05 0.0001179999999999995 0
2.66666666667254e-05 0.0001184999999999996 0
2.666666666672559e-05 0.0001189999999999997 0
2.666666666672583e-05 0.0001194999999999999 0
2.583333333339461e-05 0.0001154999999999998 0
2.583333333339399e-05 0.0001159999999999997 0
2.583333333339358e-05 0.0001164999999999996 0
2.583333333339332e-05 0.0001169999999999995 0
2.583333333339321e-05 0.0001174999999999995 0
2.583333333339325e-05 0.0001179999999999996 0
2.583333333339346e-05 0.0001184999999999997 0
2.583333333339387e-05 0.0001189999999999998 0
2.583333333339452e-05 0.0001194999999999999 0
2.50000000000625e-05 0.0001154999999999999 0
2.50000000000615e-05 0.0001159999999999997 0
2.500000000006089e-05 0.0001164999999999996 0
2.500000000006055e-05 0.0001169999999999996 0
2.500000000006042e-05 0.0001174999999999996 0
2.500000000006048e-05 0.0001179999999999997 0
2.500000000006077e-05 0.0001184999999999997 0
2.500000000006136e-05 0.0001189999999999998 0
2.50000000000624e-05 0.0001194999999999999 0
2.416666666672834e-05 0.0001154999999999999 0
2.416666666672764e-05 0.0001159999999999998 0
2.416666666672717e-05 0.0001164999999999997 0
2.416666666672688e-05 0.0001169999999999997 0
2.416666666672677e-05 0.0001174999999999997 0
2.416666666672682e-05 0.0001179999999999997 0
2.416666666672706e-05 0.0001184999999999998 0
2.416666666672751e-05 0.0001189999999999998 0
2.416666666672824e-05 0.0001194999999999999 0
2.333333333339331e-05 0.0001154999999999999 0
2.333333333339294e-05 0.0001159999999999998 0
2.333333333339266e-05 0.0001164999999999997 0
2.333333333339248e-05 0.0001169999999999997 0
2.33333333333924e-05 0.0001174999999999998 0
2.333333333339242e-05 0.0001179999999999998 0
2.333333333339257e-05 0.0001184999999999998 0
2.333333333339284e-05 0.0001189999999999999 0
2.333333333339324e-05 0.0001195 0
2.2500000000058e-05 0.0001154999999999999 0
2.250000000005782e-05 0.0001159999999999999 0
2.250000000005767e-05 0.0001164999999999998 0
2.250000000005757e-05 0.0001169999999999998 0
2.250000000005752e-05 0.0001174999999999998 0
2.250000000005754e-05 0.0001179999999999999 0
2.250000000005761e-05 0.0001184999999999999 0
2.250000000005775e-05 0.000119 0
2.250000000005796e-05 0.0001195 0
2.166666666672257e-05 0.0001155 0
2.166666666672249e-05 0.0001159999999999999 0
2.166666666672242e-05 0.0001164999999999999 0
2.166666666672236e-05 0.0001169999999999999 0
2.166666666672233e-05 0.0001174999999999999 0
2.166666666672233e-05 0.0001179999999999999 0
2.166666666672237e-05 0.0001184999999999999 0
2.166666666672244e-05 0.000119 0
2.166666666672254e-05 0.0001195 0
2.083333333338709e-05 0.0001155 0
2.083333333338705e-05 0.000116 0
2.083333333338702e-05 0.0001165 0
2.083333333338699e-05 0.000117 0
2.083333333338697e-05 0.0001175 0
2.083333333338697e-05 0.000118 0
2.083333333338699e-05 0.0001185 0
2.083333333338702e-05 0.000119 0
2.083333333338707e-05 0.0001195 0
2.000000000005157e-05 0.0001155 0
2.000000000005156e-05 0.000116 0
2.000000000005155e-05 0.0001165000000000001 0
2.000000000005153e-05 0.0001170000000000001 0
2.000000000005152e-05 0.0001175000000000001 0
2.000000000005152e-05 0.0001180000000000001 0
2.000000000005152e-05 0.0001185000000000001 0
2.000000000005154e-05 0.0001190000000000001 0
2.000000000005156e-05 0.0001195 0
1.916666666671604e-05 0.0001155 0
1.916666666671604e-05 0.0001160000000000001 0
1.916666666671603e-05 0.0001165000000000001 0
1.916666666671602e-05 0.0001170000000000002 0
1.916666666671602e-05 0.0001175000000000002 0
1.916666666671602e-05 0.0001180000000000002 0
1.916666666671602e-05 0.0001185000000000002 0
1.916666666671602e-05 0.0001190000000000001 0
1.916666666671603e-05 0.0001195 0
1.833333333338051e-05 0.0001155000000000001 0
1.833333333338051e-05 0.0001160000000000001 0
1.83333333333805e-05 0.0001165000000000002 0
1.83333333333805e-05 0.0001170000000000002 0
1.83333333333805e-05 0.0001175000000000003 0
1.83333333333805e-05 0.0001180000000000002 0
1.83333333333805e-05 0.0001185000000000002 0
1.83333333333805e-05 0.0001190000000000001 0
1.833333333338051e-05 0.0001195000000000001 0
1.750000000004497e-05 0.0001155000000000001 0
1.750000000004497e-05 0.0001160000000000002 0
1.750000000004497e-05 0.0001165000000000002 0
1.750000000004497e-05 0.0001170000000000003 0
1.750000000004496e-05 0.0001175000000000003 0
1.750000000004497e-05 0.0001180000000000003 0
1.750000000004496e-05 0.0001185000000000003 0
1.750000000004497e-05 0.0001190000000000002 0
1.750000000004497e-05 0.0001195000000000001 0
1.666666666670943e-05 0.0001155000000000001 0
1.666666666670944e-05 0.0001160000000000002 0
1.666666666670943e-05 0.0001165000000000003 0
1.666666666670943e-05 0.0001170000000000004 0
1.666666666670943e-05 0.0001175000000000004 0
1.666666666670943e-05 0.0001180000000000004 0
1.666666666670943e-05 0.0001185000000000003 0
1.666666666670943e-05 0.0001190000000000002 0
1.666666666670944e-05 0.0001195000000000001 0
1.583333333337389e-05 0.0001155000000000002 0
1.583333333337389e-05 0.0001160000000000003 0
1.583333333337389e-05 0.0001165000000000004 0
1.583333333337389e-05 0.0001170000000000005 0
1.583333333337389e-05 0.0001175000000000005 0
1.583333333337389e-05 0.0001180000000000004 0
1.583333333337389e-05 0.0001185000000000004 0
1.58333333333739e-05 0.0001190000000000003 0
1.583333333337389e-05 0.0001195000000000002 0
1.500000000003835e-05 0.0001155000000000002 0
1.500000000003835e-05 0.0001160000000000003 0
1.500000000003835e-05 0.0001165000000000005 0
1.500000000003836e-05 0.0001170000000000005 0
1.500000000003836e-05 0.0001175000000000006 0
1.500000000003836e-05 0.0001180000000000005 0
1.500000000003836e-05 0.0001185000000000004 0
1.500000000003836e-05 0.0001190000000000003 0
1.500000000003835e-05 0.0001195000000000001 0
1.416666666670282e-05 0.0001155000000000002 0
1.416666666670282e-05 0.0001160000000000004 0
1.416666666670282e-05 0.0001165000000000006 0
1.416666666670282e-05 0.0001170000000000006 0
1.416666666670282e-05 0.0001175000000000007 0
1.416666666670282e-05 0.0001180000000000006 0
1.416666666670282e-05 0.0001185000000000005 0
1.416666666670282e-05 0.0001190000000000003 0
1.416666666670282e-05 0.0001195000000000002 0
1.333333333336728e-05 0.0001155000000000002 0
1.333333333336728e-05 0.0001160000000000004 0
1.333333333336728e-05 0.0001165000000000006 0
1.333333333336728e-05 0.0001170000000000007 0
1.333333333336728e-05 0.0001175000000000007 0
1.333333333336728e-05 0.0001180000000000007 0
1.333333333336728e-05 0.0001185000000000005 0
1.333333333336728e-05 0.0001190000000000004 0
1.333333333336728e-05 0.0001195000000000002 0
1.250000000003175e-05 0.0001155000000000003 0
1.250000000003175e-05 0.0001160000000000005 0
1.250000000003175e-05 0.0001165000000000007 0
1.250000000003174e-05 0.0001170000000000007 0
1.250000000003174e-05 0.0001175000000000008 0
1.250000000003175e-05 0.0001180000000000007 0
1.250000000003174e-05 0.0001185000000000006 0
1.250000000003174e-05 0.0001190000000000004 0
1.250000000003175e-05 0.0001195000000000002 0
1.166666666669621e-05 0.0001155000000000003 0
1.166666666669621e-05 0.0001160000000000005 0
1.166666666669621e-05 0.0001165000000000007 0
1.16666666666962e-05 0.0001170000000000008 0
1.166666666669621e-05 0.0001175000000000009 0
1.166666666669621e-05 0.0001180000000000008 0
1.166666666669621e-05 0.0001185000000000007 0
1.166666666669621e-05 0.0001190000000000005 0
1.166666666669621e-05 0.0001195000000000002 0
1.083333333336067e-05 0.0001155000000000003 0
1.083333333336067e-05 0.0001160000000000006 0
1.083333333336067e-05 0.0001165000000000008 0
1.083333333336067e-05 0.0001170000000000009 0
1.083333333336066e-05 0.0001175000000000009 0
1.083333333336066e-05 0.0001180000000000009 0
1.083333333336067e-05 0.0001185000000000007 0
1.083333333336067e-05 0.0001190000000000005 0
1.083333333336067e-05 0.0001195000000000003 0
1.000000000002513e-05 0.0001155000000000003 0
1.000000000002513e-05 0.0001160000000000007 0
1.000000000002513e-05 0.0001165000000000009 0
1.000000000002513e-05 0.000117000000000001 0
1.000000000002513e-05 0.0001175000000000011 0
1.000000000002513e-05 0.000118000000000001 0
1.000000000002513e-05 0.0001185000000000008 0
1.000000000002513e-05 0.0001190000000000006 0
1.000000000002513e-05 0.0001195000000000003 0
9.166666666689592e-06 0.0001155000000000004 0
9.166666666689591e-06 0.0001160000000000007 0
9.166666666689589e-06 0.0001165000000000009 0
9.166666666689589e-06 0.0001170000000000011 0
9.166666666689589e-06 0.0001175000000000011 0
9.166666666689592e-06 0.000118000000000001 0
9.166666666689592e-06 0.0001185000000000009 0
9.166666666689592e-06 0.0001190000000000006 0
9.166666666689592e-06 0.0001195000000000003 0
8.333333333354052e-06 0.0001155000000000004 0
8.333333333354052e-06 0.0001160000000000007 0
8.33333333335405e-06 0.000116500000000001 0
8.333333333354054e-06 0.0001170000000000012 0
8.333333333354052e-06 0.0001175000000000012 0
8.33333333335405e-06 0.0001180000000000011 0
8.333333333354052e-06 0.0001185000000000009 0
8.333333333354052e-06 0.0001190000000000007 0
8.333333333354052e-06 0.0001195000000000004 0
7.500000000018513e-06 0.0001155000000000004 0
7.500000000018514e-06 0.0001160000000000008 0
7.500000000018515e-06 0.0001165000000000011 0
7.500000000018515e-06 0.0001170000000000012 0
7.500000000018515e-06 0.0001175000000000013 0
7.500000000018514e-06 0.0001180000000000011 0
7.500000000018515e-06 0.0001185000000000009 0
7.500000000018514e-06 0.0001190000000000007 0
7.500000000018514e-06 0.0001195000000000004 0
6.666666666682975e-06 0.0001155000000000005 0
6.666666666682976e-06 0.0001160000000000008 0
6.666666666682977e-06 0.0001165000000000011 0
6.666666666682978e-06 0.0001170000000000013 0
6.666666666682977e-06 0.0001175000000000013 0
6.666666666682976e-06 0.0001180000000000012 0
6.666666666682977e-06 0.000118500000000001 0
6.666666666682976e-06 0.0001190000000000007 0
6.666666666682975e-06 0.0001195000000000004 0
5.833333333347443e-06 0.0001155000000000005 0
5.833333333347443e-06 0.0001160000000000009 0
5.833333333347444e-06 0.0001165000000000012 0
5.833333333347443e-06 0.0001170000000000014 0
5.833333333347443e-06 0.0001175000000000014 0
5.833333333347443e-06 0.0001180000000000013 0
5.833333333347445e-06 0.0001185000000000011 0
5.833333333347445e-06 0.0001190000000000007 0
5.833333333347445e-06 0.0001195000000000004 0
5.000000000011908e-06 0.0001155000000000005 0
5.000000000011911e-06 0.0001160000000000009 0
5.000000000011914e-06 0.0001165000000000013 0
5.000000000011916e-06 0.0001170000000000014 0
5.000000000011918e-06 0.0001175000000000015 0
5.000000000011918e-06 0.0001180000000000014 0
5.000000000011917e-06 0.0001185000000000011 0
5.000000000011916e-06 0.0001190000000000008 0
5.000000000011911e-06 0.0001195000000000004 0
4.166666666676377e-06 0.0001155000000000005 0
4.166666666676388e-06 0.000116000000000001 0
4.166666666676398e-06 0.0001165000000000013 0
4.166666666676405e-06 0.0001170000000000015 0
4.16666666667641e-06 0.0001175000000000016 0
4.166666666676411e-06 0.0001180000000000015 0
4.166666666676407e-06 0.0001185000000000012 0
4.166666666676398e-06 0.0001190000000000009 0
4.166666666676383e-06 0.0001195000000000004 0
3.333333333340858e-06 0.0001155000000000006 0
3.33333333334089e-06 0.0001160000000000011 0
3.333333333340916e-06 0.0001165000000000015 0
3.333333333340934e-06 0.0001170000000000017 0
3.333333333340944e-06 0.0001175000000000017 0
3.333333333340943e-06 0.0001180000000000016 0
3.333333333340931e-06 0.0001185000000000014 0
3.333333333340906e-06 0.0001190000000000009 0
3.333333333340869e-06 0.0001195000000000005 0
2.500000000005368e-06 0.0001155000000000006 0
2.500000000005439e-06 0.0001160000000000012 0
2.500000000005494e-06 0.0001165000000000016 0
2.500000000005528e-06 0.0001170000000000019 0
2.500000000005544e-06 0.000117500000000002 0
2.500000000005539e-06 0.0001180000000000019 0
2.500000000005511e-06 0.0001185000000000016 0
2.500000000005459e-06 0.0001190000000000011 0
2.500000000005381e-06 0.0001195000000000006 0
1.666666666669937e-06 0.0001155000000000007 0
1.666666666670077e-06 0.0001160000000000013 0
1.66666666667017e-06 0.0001165000000000019 0
1.666666666670224e-06 0.0001170000000000023 0
1.666666666670245e-06 0.0001175000000000025 0
1.666666666670234e-06 0.0001180000000000023 0
1.666666666670187e-06 0.000118500000000002 0
1.666666666670095e-06 0.0001190000000000014 0
1.666666666669949e-06 0.0001195000000000007 0
8.333333333346558e-07 0.000115500000000001 0
8.333333333348794e-07 0.0001160000000000012 0
8.333333333349944e-07 0.0001165000000000025 0
8.333333333350509e-07 0.0001170000000000034 0
8.333333333350697e-07 0.0001175000000000035 0
8.333333333350562e-07 0.0001180000000000033 0
8.333333333350035e-07 0.000118500000000003 0
8.333333333348893e-07 0.000119000000000002 0
8.33333333334663e-07 0.0001195000000000011 0
2 3000 0 30
7866
7867
7868
7869
7870
7871
7872
7873
7874
7875
7876
7877
7878
7879
7880
7881
7882
7883
7884
7885
7886
7887
7888
7889
7890
7891
7892
7893
7894
7895
3.887595181180833e-06 8.468484890599775e-06 0
6.390743981895201e-06 5.945810609838677e-06 0
4.656984376845079e-06 5.323407776402543e-06 0
2.897062106974036e-06 7.21269648211197e-06 0
6.575838004077828e-06 8.500667594232144e-06 0
3.001153785705332e-06 5.661531608635148e-06 0
7.377261843421265e-06 7.19511041232238e-06 0
5.007890939147134e-06 8.86089431751544e-06 0
5.537315309951634e-06 5.617354947193796e-06 0
5.696866850971991e-06 6.507197725275864e-06 0
6.534683124907732e-06 6.83124151378508e-06 0
5.854836564280562e-06 7.354319913162899e-06 0
5.014542439167921e-06 7.089792532960939e-06 0
4.8490796856289e-06 6.2046668347138e-06 0
4.188206537458961e-06 6.769561688322118e-06 0
3.988930911069329e-06 5.926561032074564e-06 0
5.222579289902878e-06 8.023915372035497e-06 0
4.275685706764241e-06 7.679093664255465e-06 0
3.363790200981258e-06 6.522905650857781e-06 0
6.617128999601128e-06 7.672181866363398e-06 0
3.375473935589388e-06 7.877707260530496e-06 0
2.561918161524808e-06 6.344084221939129e-06 0
3.704584632694254e-06 5.069509900651729e-06 0
5.770357116373596e-06 8.751662873792359e-06 0
7.224777557879767e-06 6.321925052755795e-06 0
7.356706091978871e-06 8.073331345260752e-06 0
3.620043697553577e-06 7.212392949215567e-06 0
5.999075022919736e-06 8.066312101374767e-06 0
4.343518509786895e-06 8.949315779854932e-06 0
4.560895439651819e-06 8.373188323654657e-06 0
2 3001 0 30
7896
7897
7898
7899
7900
7901
7902
7903
7904
7905
7906
7907
7908
7909
7910
7911
7912
7913
7914
7915
7916
7917
7918
7919
7920
7921
7922
7923
7924
7925
1.590322474188132e-05 8.399803544158499e-06 0
1.329897695877429e-05 6.175009676331169e-06 0
1.731048327808107e-05 5.83984567502343e-06 0
1.495951878349043e-05 5.471531511669095e-06 0
1.35981117197472e-05 8.436168637006608e-06 0
1.718815837046169e-05 7.467071982567534e-06 0
1.241332959524577e-05 7.232159495318357e-06 0
1.656739238432759e-05 5.290945062227199e-06 0
1.446581128707957e-05 8.612513950300062e-06 0
1.415650061488087e-05 7.741381672007763e-06 0
1.32983240986285e-05 7.565539495135854e-06 0
1.504194561464545e-05 7.948324549495608e-06 0
1.471643891056972e-05 7.012862904690078e-06 0
1.572927081588038e-05 7.214460717314787e-06 0
1.531550809610082e-05 6.296873820962705e-06 0
1.646280822658385e-05 6.504549972019122e-06 0
1.270616215462159e-05 8.240488068191845e-06 0
1.380518617650495e-05 6.889246189351909e-06 0
1.425022214540576e-05 5.986890479007864e-06 0
1.639528081797446e-05 7.723934330217907e-06 0
1.729997836634013e-05 6.641194903799608e-06 0
1.577478969467477e-05 5.590947341075282e-06 0
1.521654365223006e-05 8.756041321141359e-06 0
1.259569478003929e-05 6.453369355216048e-06 0
1.204634860275709e-05 7.885569716081294e-06 0
1.778849946662693e-05 7.054274290126897e-06 0
1.783096432900513e-05 6.386042038130026e-06 0
1.718855057486264e-05 5.166474795574309e-06 0
1.677620064848442e-05 8.256006750804841e-06 0
1.311065433077056e-05 6.853792908938727e-06 0
2 3002 0 33
7926
7927
7928
7929
7930
7931
7932
7933
7934
7935
7936
7937
7938
7939
7940
7941
7942
7943
7944
7945
7946
7947
7948
7949
7950
7951
7952
7953
7954
7955
7956
7957
7958
2.381137250670378e-05 8.118768332779218e-06 0
2.713482775917054e-05 6.490407722065986e-06 0
2.555378042256402e-05 5.506133302129038e-06 0
2.265739570142524e-05 6.979633614716851e-06 0
2.556921849521059e-05 8.748715179232843e-06 0
2.365013287764826e-05 5.085316111283804e-06 0
2.76816810096136e-05 8.348839502262027e-06 0
2.197401653756255e-05 5.675189474219642e-06 0
2.718779888530177e-05 9.197811255360622e-06 0
2.665506347153812e-05 8.475940714280976e-06 0
2.265619354685678e-05 4.982638846818685e-06 0
2.294412531822576e-05 5.991960666984275e-06 0
2.402837697247796e-05 6.01271807092928e-06 0
2.352421771259064e-05 6.796128498588729e-06 0
2.438650961782382e-05 6.846587762630242e-06 0
2.636951183235501e-05 5.92950326401543e-06 0
2.628068962134886e-05 6.841726934838087e-06 0
2.45825967416601e-05 8.519257757708905e-06 0
2.522749784528031e-05 7.95291593859043e-06 0
2.713993329103503e-05 7.480157430545194e-06 0
2.318952789224813e-05 7.603169311920339e-06 0
2.466400482538515e-05 5.220697017081208e-06 0
2.211854387864205e-05 6.412100052731755e-06 0
2.494619970457557e-05 6.193933658661806e-06 0
2.45333359996595e-05 7.65297359325302e-06 0
2.18812281006711e-05 4.903000091116678e-06 0
2.530053740841196e-05 7.079511663859976e-06 0
2.388899274580518e-05 7.403525499834308e-06 0
2.631410985359052e-05 9.321944213800684e-06 0
2.802297280025948e-05 7.628537740965448e-06 0
2.60376392944772e-05 7.758176704484487e-06 0
2.77895344849253e-05 6.974380636639927e-06 0
2.569188977571843e-05 6.310267054561754e-06 0
2 3003 0 26
7959
7960
7961
7962
7963
7964
7965
7966
7967
7968
7969
7970
7971
7972
7973
7974
7975
7976
7977
7978
7979
7980
7981
7982
7983
7984
3.337539558689373e-05 8.429191966244784e-06 0
3.667715345796713e-05 6.250372870216881e-06 0
3.477390224977513e-05 4.784672870376219e-06 0
3.581286471346632e-05 8.761394887523884e-06 0
3.358328474947219e-05 6.431637990745782e-06 0
3.591629859061896e-05 5.136100925312799e-06 0
3.680456191204244e-05 7.692683561124154e-06 0
3.443993973369384e-05 9.075809752021121e-06 0
3.4069553030704e-05 5.532229813633399e-06 0
3.468786528826379e-05 6.327510957045769e-06 0
3.431763206638366e-05 7.293922946211041e-06 0
3.53128876978812e-05 7.127005194056461e-06 0
3.578007530022098e-05 6.11507263429021e-06 0
3.500607849574933e-05 8.213227308697937e-06 0
3.328035231448448e-05 7.492143715169122e-06 0
3.625122731807226e-05 7.000898459615927e-06 0
3.594259044523442e-05 7.862902487706386e-06 0
3.699009509508738e-05 6.957354010301473e-06 0
3.506375888492636e-05 5.465197163341088e-06 0
3.655920564748448e-05 5.503144118188989e-06 0
3.403532385245217e-05 8.172012511551874e-06 0
3.542473189217656e-05 4.689168666098885e-06 0
3.37608165812055e-05 8.963627117678212e-06 0
3.650378573520512e-05 8.393230299252459e-06 0
3.288049742370072e-05 8.027214058884367e-06 0
3.518131096113373e-05 9.199543381814797e-06 0
2 3004 0 32
7985
7986
7987
7988
7989
7990
7991
7992
7993
7994
7995
7996
7997
7998
7999
8000
8001
8002
8003
8004
8005
8006
8007
8008
8009
8010
8011
8012
8013
8014
8015
8016
4.52194335204414e-05 5.168352130091721e-06 0
4.503710195802953e-05 8.628621892655244e-06 0
4.290638648452149e-05 7.529216264957457e-06 0
4.69571845258518e-05 6.531273058834881e-06 0
4.37490432382844e-05 5.332258419999149e-06 0
4.699446239201783e-05 8.766592830202028e-06 0
4.248978069814362e-05 6.25653966090073e-06 0
4.420795064856805e-05 8.348306117306888e-06 0
4.487257400959908e-05 7.708743164693392e-06 0
4.573926931314367e-05 7.992713643312295e-06 0
4.560401777001934e-05 7.142376652018611e-06 0
4.475214823664884e-05 6.772680038821142e-06 0
4.553389940363421e-05 6.09149174070209e-06 0
4.461448847014372e-05 5.777970423133556e-06 0
4.393491760741363e-05 6.329366177026509e-06 0
4.747525925732337e-05 7.921392529914271e-06 0
4.38949561316544e-05 7.367760643628287e-06 0
4.656134657095099e-05 7.364540825879783e-06 0
4.641145662581054e-05 5.869621309306328e-06 0
4.584941666780153e-05 8.892399327580992e-06 0
4.326766514979588e-05 5.969378382933798e-06 0
4.341458070414222e-05 8.126580914304654e-06 0
4.449748881443982e-05 4.973674032160725e-06 0
4.277660690786507e-05 5.436962607132649e-06 0
4.742895524865751e-05 7.144569182636639e-06 0
4.592217022356454e-05 5.309580913801155e-06 0
4.651115890303932e-05 8.219599996531265e-06 0
4.621358097925337e-05 6.599860717348339e-06 0
4.233621819061707e-05 7.016413320332294e-06 0
4.317647396430051e-05 6.75765673788033e-06 0
4.649680413856519e-05 9.144585462632182e-06 0
4.762734457092737e-05 8.567259229797041e-06 0
2 3005 0 32
8017
8018
8019
8020
8021
8022
8023
8024
8025
8026
8027
8028
8029
8030
8031
8032
8033
8034
8035
8036
8037
8038
8039
8040
8041
8042
8043
8044
8045
8046
8047
8048
6.331940417537218e-06 1.823142098433197e-05 0
3.133366513506699e-06 1.636994444922426e-05 0
7.258828880470722e-06 1.612626030444406e-05 0
3.892530858107926e-06 1.922959964593731e-05 0
5.041511706897812e-06 1.495525962314401e-05 0
2.844952067309537e-06 1.780862731845174e-05 0
6.720614565110125e-06 1.478667794948703e-05 0
5.259912485146774e-06 1.935971767938327e-05 0
4.163148727694122e-06 1.53286352518392e-05 0
4.923065949907156e-06 1.593008840242905e-05 0
5.91020893954576e-06 1.555522131231378e-05 0
5.653553404357458e-06 1.660190503991131e-05 0
4.742945169963015e-06 1.689781620519476e-05 0
5.523283291014987e-06 1.754839844790465e-05 0
4.639137759848238e-06 1.785946144002825e-05 0
6.349754202423557e-06 1.723952403309324e-05 0
3.691644607395797e-06 1.720812664898092e-05 0
3.778267871577461e-06 1.825973773380558e-05 0
4.026986007254457e-06 1.62389172519144e-05 0
5.418811360658794e-06 1.845548226346194e-05 0
5.813516636511622e-06 1.45776704380083e-05 0
2.974990497087164e-06 1.86809873267248e-05 0
5.948045110759449e-06 1.903166854263941e-05 0
2.67584647029414e-06 1.702096181283712e-05 0
3.450836889957445e-06 1.564535767641563e-05 0
7.123897362361672e-06 1.695342146282618e-05 0
6.727157062209088e-06 1.565523817365335e-05 0
4.626351439716109e-06 1.877162402271046e-05 0
6.974835097759472e-06 1.771225770119964e-05 0
6.491015641510547e-06 1.638974056238571e-05 0
7.318245180278304e-06 1.537641657856733e-05 0
4.540833814748429e-06 1.967376194610785e-05 0
2 3006 0 31
8049
8050
8051
8052
8053
8054
8055
8056
8057
8058
8059
8060
8061
8062
8063
8064
8065
8066
8067
8068
8069
8070
8071
8072
8073
8074
8075
8076
8077
8078
8079
1.666725509379255e-05 1.755868047132403e-05 0
1.353131087781349e-05 1.554235391525079e-05 0
1.335204329057031e-05 1.880832881220011e-05 0
1.652274578726242e-05 1.48730282599171e-05 0
1.582387965269257e-05 1.933553697523759e-05 0
1.482255455000921e-05 1.465052312924857e-05 0
1.311492527728254e-05 1.692091485725522e-05 0
1.717270956397066e-05 1.616007619601242e-05 0
1.454585695945757e-05 1.979182034683786e-05 0
1.321985322431562e-05 1.786037593924894e-05 0
1.400802616489131e-05 1.735339082165155e-05 0
1.384939680188683e-05 1.640455102956055e-05 0
1.480825256999939e-05 1.680676330051656e-05 0
1.495317691570287e-05 1.785048686630796e-05 0
1.461525381058309e-05 1.568591756822796e-05 0
1.566879855434505e-05 1.627867853981425e-05 0
1.562209926696311e-05 1.527023017660679e-05 0
1.602098116802181e-05 1.84090912664517e-05 0
1.57191523308703e-05 1.435919571153769e-05 0
1.575767240752502e-05 1.726543719022838e-05 0
1.410255220016062e-05 1.82772529370201e-05 0
1.498863097680252e-05 1.894856663536028e-05 0
1.400436405306457e-05 1.484832288659823e-05 0
1.715056036428618e-05 1.692300195985956e-05 0
1.413069095927845e-05 1.910395031641841e-05 0
1.366437136940125e-05 1.969378285067369e-05 0
1.301331984972877e-05 1.611635388820689e-05 0
1.64226529925993e-05 1.577663696766687e-05 0
1.712113863240244e-05 1.539199015914975e-05 0
1.642757014328842e-05 1.668892269695581e-05 0
1.533234616836762e-05 1.987341428456615e-05 0
2 3007 0 41
8080
8081
8082
8083
8084
8085
8086
8087
8088
8089
8090
8091
8092
8093
8094
8095
8096
8097
8098
8099
8100
8101
8102
8103
8104
8105
8106
8107
8108
8109
8110
8111
8112
8113
8114
8115
8116
8117
8118
8119
8120
2.665900723038819e-05 1.868484940371036e-05 0
2.347779441368128e-05 1.52430222092454e-05 0
2.335671570911029e-05 1.913626448015653e-05 0
2.747418132373531e-05 1.573522457366486e-05 0
2.255785394327776e-05 1.643610087041889e-05 0
2.559892811037896e-05 1.444394348367518e-05 0
2.77781214713585e-05 1.757212374277676e-05 0
2.498957101426639e-05 1.924765865394067e-05 0
2.210106025593901e-05 1.816731162930756e-05 0
2.256817121431077e-05 1.891000278368515e-05 0
2.308164419485879e-05 1.8205388402887e-05 0
2.419436093029909e-05 1.849455912789728e-05 0
2.375964946063746e-05 1.745108620135059e-05 0
2.476440892126798e-05 1.757312664865289e-05 0
2.44610049244334e-05 1.6661193744631e-05 0
2.537310380479937e-05 1.685584128765144e-05 0
2.512887280991802e-05 1.597428476962326e-05 0
2.598810841561e-05 1.620086779853178e-05 0
2.624093537603073e-05 1.70503842147853e-05 0
2.568744120833506e-05 1.768698237526631e-05 0
2.346957903834615e-05 1.642215417605855e-05 0
2.781077568581127e-05 1.664863494188593e-05 0
2.42704155173887e-05 1.569066938297254e-05 0
2.49487243671286e-05 1.509243383751371e-05 0
2.686759819753e-05 1.640619630537546e-05 0
2.592269122039124e-05 1.910796321224573e-05 0
2.717792562540728e-05 1.499524322177507e-05 0
2.524353358083838e-05 1.840040343248385e-05 0
2.283160695447957e-05 1.578831369282897e-05 0
2.259383329306434e-05 1.734864663912386e-05 0
2.649171097345836e-05 1.787623250038942e-05 0
2.732002757155527e-05 1.82016273530318e-05 0
2.661431384791888e-05 1.555174129149319e-05 0
2.416500363111437e-05 1.944798607580942e-05 0
2.573187983417112e-05 1.534470256540714e-05 0
2.703764965645162e-05 1.72761850214974e-05 0
2.413651755249025e-05 1.475092756033614e-05 0
2.64789962313812e-05 1.46006608772309e-05 0
2.600152575450485e-05 1.835269490627921e-05 0
2.824368801705219e-05 1.712618117728924e-05 0
2.482573237907347e-05 1.435007526290158e-05 0
2 3008 0 47
8121
8122
8123
8124
8125
8126
8127
8128
8129
8130
8131
8132
8133
8134
8135
8136
8137
8138
8139
8140
8141
8142
8143
8144
8145
8146
8147
8148
8149
8150
8151
8152
8153
8154
8155
8156
8157
8158
8159
8160
8161
8162
8163
8164
8165
8166
8167
3.707877724513873e-05 1.558488763575647e-05 0
3.303478264756074e-05 1.50350035448132e-05 0
3.43221127874036e-05 1.943487502540046e-05 0
3.742243105183104e-05 1.803428508254167e-05 0
3.573358558406041e-05 1.396501313743316e-05 0
3.243742549531855e-05 1.697152593966496e-05 0
3.66572817762691e-05 1.968121243055125e-05 0
3.294636677257356e-05 1.854947281315594e-05 0
3.440209845311659e-05 1.405568623606584e-05 0
3.52331045196943e-05 1.971289351930869e-05 0
3.507881468880497e-05 1.872902265562308e-05 0
3.400190393033904e-05 1.839544526039113e-05 0
3.490596037190461e-05 1.773333578252477e-05 0
3.403360332694798e-05 1.731380739569188e-05 0
3.478333657155126e-05 1.673645219621058e-05 0
3.570493490815999e-05 1.707889830349312e-05 0
3.553496673883978e-05 1.612688100128566e-05 0
3.462559565708335e-05 1.579806003518292e-05 0
3.531633111039926e-05 1.524459762072534e-05 0
3.658577473557759e-05 1.641369286828218e-05 0
3.581523616017043e-05 1.801533131949937e-05 0
3.392167218463707e-05 1.636615462296231e-05 0
3.661813842615577e-05 1.740997773434659e-05 0
3.747453454289745e-05 1.701687360708107e-05 0
3.619382745026725e-05 1.548958498381988e-05 0
3.670949709965869e-05 1.484471065570405e-05 0
3.604015471041847e-05 1.902246776914399e-05 0
3.693493507184884e-05 1.885847184821986e-05 0
3.379121329204711e-05 1.544576920700271e-05 0
3.301522787630184e-05 1.605068673277454e-05 0
3.369137862572337e-05 1.449502449432853e-05 0
3.445862276097633e-05 1.49296858119548e-05 0
3.332102083241074e-05 1.689230760796136e-05 0
3.219500347089474e-05 1.613193047870111e-05 0
3.240281344206175e-05 1.784460977355938e-05 0
3.347481951665414e-05 1.92033717837481e-05 0
3.635890815173291e-05 1.423596871972158e-05 0
3.326772607084519e-05 1.77591489041011e-05 0
3.241440352244824e-05 1.550033672370069e-05 0
3.510563460672791e-05 1.446643742930611e-05 0
3.598202411915661e-05 1.995459715602163e-05 0
3.726840727010307e-05 1.941173225898603e-05 0
3.506801085369639e-05 1.375800649956108e-05 0
3.764164898548679e-05 1.879538809330625e-05 0
3.593196842945052e-05 1.474348077508903e-05 0
3.749312029705192e-05 1.620713984559503e-05 0
3.657968663698456e-05 1.820574545478995e-05 0
2 3009 0 38
8168
8169
8170
8171
8172
8173
8174
8175
8176
8177
8178
8179
8180
8181
8182
8183
8184
8185
8186
8187
8188
8189
8190
8191
8192
8193
8194
8195
8196
8197
8198
8199
8200
8201
8202
8203
8204
8205
4.655340750283352e-05 1.867306241014055e-05 0
4.353839118232246e-05 1.549953406411268e-05 0
4.312172933946214e-05 1.925636939966874e-05 0
4.542916450428346e-05 1.407091571847158e-05 0
4.697196600793129e-05 1.609767507320274e-05 0
4.285981740019589e-05 1.734973197024558e-05 0
4.553784944168039e-05 1.975953935071743e-05 0
4.692188146079461e-05 1.428627336049883e-05 0
4.422946540166486e-05 2.008119220920307e-05 0
4.697769144375279e-05 1.710533152324259e-05 0
4.608843362861692e-05 1.666066926279793e-05 0
4.61300242848963e-05 1.562202729367381e-05 0
4.529369146877146e-05 1.611425843468215e-05 0
4.526203661745508e-05 1.715251979792704e-05 0
4.450480857440292e-05 1.662973602286289e-05 0
4.442691506727578e-05 1.771381507405571e-05 0
4.518954338576545e-05 1.800377693256432e-05 0
4.459311931613661e-05 1.857740176686816e-05 0
4.534313834947169e-05 1.507872852145687e-05 0
4.609249882826442e-05 1.776894831680595e-05 0
4.362240927133474e-05 1.824664860301424e-05 0
4.315339377837313e-05 1.635516527534686e-05 0
4.618264225762722e-05 1.465539771041263e-05 0
4.458960022024456e-05 1.446790226320934e-05 0
4.557314709969539e-05 1.880619970716475e-05 0
4.265396526559685e-05 1.845768580742069e-05 0
4.696842962256815e-05 1.510232937877554e-05 0
4.443370736262973e-05 1.554186970774637e-05 0
4.631324900508497e-05 1.37688277184718e-05 0
4.700056485241851e-05 1.797667390996945e-05 0
4.37399778602934e-05 1.707872143831842e-05 0
4.398234270198506e-05 1.925397423272182e-05 0
4.389500446894539e-05 1.482529149264585e-05 0
4.47643583707633e-05 1.943999605168813e-05 0
4.618508904971594e-05 1.93639732232726e-05 0
4.356297451254871e-05 1.992223736588859e-05 0
4.492099202869606e-05 2.017219382640223e-05 0
4.387252307017795e-05 1.617723168438522e-05 0
2 3010 0 35
8206
8207
8208
8209
8210
8211
8212
8213
8214
8215
8216
8217
8218
8219
8220
8221
8222
8223
8224
8225
8226
8227
8228
8229
8230
8231
8232
8233
8234
8235
8236
8237
8238
8239
8240
6.227262919281491e-06 2.530155666179927e-05 0
5.121707305090269e-06 2.966174599502061e-05 0
3.146253723132926e-06 2.761298613155915e-05 0
3.521397962213266e-06 2.465308146946883e-05 0
7.133248464628473e-06 2.777704918995165e-05 0
2.653337288502634e-06 2.608134717251756e-05 0
7.280811331944105e-06 2.632938647601578e-05 0
3.839816619073953e-06 2.909238175744519e-05 0
4.764963712340375e-06 2.428494112116922e-05 0
6.460201001501572e-06 2.923921644041209e-05 0
5.460432829434249e-06 2.475643580828654e-05 0
5.350997192476442e-06 2.573967257312508e-05 0
6.298167113471634e-06 2.629866434247444e-05 0
5.275345025575378e-06 2.678016396605156e-05 0
4.421020549049953e-06 2.61748949701302e-05 0
4.278000521542669e-06 2.718716589988682e-05 0
5.178267369446975e-06 2.793938801963217e-05 0
3.492162829116889e-06 2.659111296773958e-05 0
3.564100929516923e-06 2.565770006462979e-05 0
4.070243435970751e-06 2.814796804552518e-05 0
6.125617407464601e-06 2.734119799106062e-05 0
4.688531816778195e-06 2.887257775425285e-05 0
6.228263822977603e-06 2.829725578920298e-05 0
2.831530260659357e-06 2.521470309816028e-05 0
4.455719621233843e-06 2.5061152922415e-05 0
2.696575805253866e-06 2.688570755483389e-05 0
7.041188183505985e-06 2.866139014095242e-05 0
3.309861319488237e-06 2.85224930097896e-05 0
6.953255670092701e-06 2.562157019665492e-05 0
6.869629372494653e-06 2.699212553464661e-05 0
5.58186955581963e-06 2.894938669144522e-05 0
5.880099431638995e-06 2.975146615959066e-05 0
4.091188798256336e-06 2.416994377641827e-05 0
4.384118343361254e-06 2.964622386611496e-05 0
7.564308609492137e-06 2.702519739853671e-05 0
2 3011 0 39
8241
8242
8243
8244
8245
8246
8247
8248
8249
8250
8251
8252
8253
8254
8255
8256
8257
8258
8259
8260
8261
8262
8263
8264
8265
8266
8267
8268
8269
8270
8271
8272
8273
8274
8275
8276
8277
8278
8279
1.608606697242279e-05 2.568917325219171e-05 0
1.439742330774647e-05 2.492714458268893e-05 0
1.527767859369292e-05 2.922303622511971e-05 0
1.784125883672339e-05 2.715547762703166e-05 0
1.318425481980307e-05 2.781429655675669e-05 0
1.195724748542609e-05 2.568541514669282e-05 0
1.692467923558083e-05 2.922996768227765e-05 0
1.846404023580992e-05 2.856125225102061e-05 0
1.279656419116603e-05 2.442613095771115e-05 0
1.392327846401119e-05 2.847782938054396e-05 0
1.416281078423344e-05 2.750743355553164e-05 0
1.344998428935778e-05 2.680008742649793e-05 0
1.43788212173479e-05 2.651777171250592e-05 0
1.512807007812712e-05 2.717550962113597e-05 0
1.373602794605188e-05 2.569652458784289e-05 0
1.495442453632986e-05 2.826969330898555e-05 0
1.589601001273981e-05 2.783986218219359e-05 0
1.617170270438707e-05 2.675059493119107e-05 0
1.690883038527865e-05 2.767950807069345e-05 0
1.707243423081834e-05 2.676388599286636e-05 0
1.527260364351595e-05 2.618338525194187e-05 0
1.526363157770329e-05 2.525293265475847e-05 0
1.248165756387727e-05 2.711210338551257e-05 0
1.775170202052946e-05 2.812271230155256e-05 0
1.275633340483313e-05 2.615239476083795e-05 0
1.645508039594232e-05 2.853940246253708e-05 0
1.453274076285986e-05 2.903764412084193e-05 0
1.355813519388489e-05 2.467034589349575e-05 0
1.844403222387666e-05 2.778981364741564e-05 0
1.770790727561969e-05 2.898316103767742e-05 0
1.610698645455189e-05 2.930790579272804e-05 0
1.688971870222908e-05 2.597765179106806e-05 0
1.203835882170295e-05 2.477327646887158e-05 0
1.46097015384731e-05 2.571555175794762e-05 0
1.576038305864465e-05 2.862653807753207e-05 0
1.28928301942507e-05 2.52754799164105e-05 0
1.19120810969435e-05 2.649269618304297e-05 0
1.7634733886721e-05 2.638906827986763e-05 0
1.71736244958102e-05 2.858462099748188e-05 0
2 3012 0 48
8280
8281
8282
8283
8284
8285
8286
8287
8288
8289
8290
8291
8292
8293
8294
8295
8296
8297
8298
8299
8300
8301
8302
8303
8304
8305
8306
8307
8308
8309
8310
8311
8312
8313
8314
8315
8316
8317
8318
8319
8320
8321
8322
8323
8324
8325
8326
8327
2.508510153959662e-05 2.95990653791151e-05 0
2.376034696977658e-05 2.471100646424639e-05 0
2.77350699054118e-05 2.683527777311244e-05 0
2.221739121781466e-05 2.784274270956629e-05 0
2.628944337457093e-05 2.436720011549623e-05 0
2.712205452605984e-05 2.90250631549976e-05 0
2.239070941470831e-05 2.598412633993567e-05 0
2.357465050217479e-05 2.946383401119026e-05 0
2.735168999858868e-05 2.54499337701251e-05 0
2.49538185055189e-05 2.399631959647954e-05 0
2.594176856394824e-05 2.957639174546016e-05 0
2.542458004579874e-05 2.877446129070109e-05 0
2.438425767078984e-05 2.88887862994612e-05 0
2.489820329078487e-05 2.798570923777429e-05 0
2.585743341045913e-05 2.798611360346311e-05 0
2.53445817452101e-05 2.713368945493464e-05 0
2.440277368923615e-05 2.714923743268844e-05 0
2.480228716244862e-05 2.631559100055649e-05 0
2.580094084779449e-05 2.627779347168746e-05 0
2.386532524141569e-05 2.634857763627881e-05 0
2.350108429233114e-05 2.722974893905954e-05 0
2.519390076714264e-05 2.548356219209258e-05 0
2.397559318637309e-05 2.798196755449032e-05 0
2.630773198269567e-05 2.716083490352178e-05 0
2.685365714830032e-05 2.804323138915314e-05 0
2.690511367623756e-05 2.633312180410565e-05 0
2.628783408229337e-05 2.532844684808208e-05 0
2.420620068389265e-05 2.550068581565703e-05 0
2.305740618325099e-05 2.796269905580557e-05 0
2.316806829343597e-05 2.552164751182109e-05 0
2.631584625215006e-05 2.881875548957786e-05 0
2.768416069335588e-05 2.768133867829026e-05 0
2.298715016872366e-05 2.656670637079465e-05 0
2.210614387173199e-05 2.688313598474366e-05 0
2.696830385552289e-05 2.474003789383201e-05 0
2.254751703471878e-05 2.86173095492995e-05 0
2.463911752493506e-05 2.475527068181312e-05 0
2.428788685336202e-05 2.973984495713473e-05 0
2.344378828166291e-05 2.867662194496373e-05 0
2.760370810432469e-05 2.843945413781082e-05 0
2.77678638478219e-05 2.608850610580016e-05 0
2.288913627878358e-05 2.923218551341786e-05 0
2.56641927531374e-05 2.393147461272066e-05 0
2.550544637001885e-05 2.464752060712769e-05 0
2.42484194292994e-05 2.413070739037459e-05 0
2.708466506905702e-05 2.719105975641057e-05 0
2.277395055242618e-05 2.729711240147768e-05 0
2.6686472654398e-05 2.959452253725954e-05 0
2 3013 0 27
8328
8329
8330
8331
8332
8333
8334
8335
8336
8337
8338
8339
8340
8341
8342
8343
8344
8345
8346
8347
8348
8349
8350
8351
8352
8353
8354
3.673260060807353e-05 2.72413670336067e-05 0
3.340202306242433e-05 2.621633074436976e-05 0
3.419325461388584e-05 2.877372212934921e-05 0
3.543167235272716e-05 2.518039594689926e-05 0
3.299894110957703e-05 2.795661292047144e-05 0
3.593948780665952e-05 2.839411001979965e-05 0
3.680030876060393e-05 2.568692872581493e-05 0
3.4556255406623e-05 2.528117306560269e-05 0
3.514216518441152e-05 2.605001782253965e-05 0
3.426380223497293e-05 2.616091414382701e-05 0
3.479072248768917e-05 2.692382654956297e-05 0
3.583086049082696e-05 2.685484267203411e-05 0
3.530510785982566e-05 2.765861843638392e-05 0
3.432438040305387e-05 2.7828985873598e-05 0
3.389380769968484e-05 2.698505798012947e-05 0
3.295634507307526e-05 2.714554211682016e-05 0
3.675214833707484e-05 2.641954040449214e-05 0
3.493231072645418e-05 2.842694359518764e-05 0
3.5426624568599e-05 2.902450725976563e-05 0
3.605039890911474e-05 2.587808555412295e-05 0
3.634523832904407e-05 2.507678775295763e-05 0
3.606522091827155e-05 2.756265838208223e-05 0
3.355093052201938e-05 2.835101111995925e-05 0
3.665119080809452e-05 2.796324571680998e-05 0
3.382101712832843e-05 2.552502889821166e-05 0
3.478019361304318e-05 2.915715710934334e-05 0
3.361762716827135e-05 2.765912665626453e-05 0
2 3014 0 32
8355
8356
8357
8358
8359
8360
8361
8362
8363
8364
8365
8366
8367
8368
8369
8370
8371
8372
8373
8374
8375
8376
8377
8378
8379
8380
8381
8382
8383
8384
8385
8386
4.611041151613171e-05 2.548055430312577e-05 0
4.399004757806424e-05 2.855231335470937e-05 0
4.717850916846314e-05 2.790240781728541e-05 0
4.410290257326409e-05 2.508764484960128e-05 0
4.295672549514936e-05 2.725202276622129e-05 0
4.551881872818799e-05 2.892421771915217e-05 0
4.705901406294102e-05 2.648964796427154e-05 0
4.258358392186506e-05 2.575886424220202e-05 0
4.694967145071506e-05 2.881824388554302e-05 0
4.61760949876539e-05 2.820975914650431e-05 0
4.523117570822079e-05 2.804155151214366e-05 0
4.570870039827485e-05 2.727864718505465e-05 0
4.484015931151447e-05 2.719991302012633e-05 0
4.523717503302288e-05 2.646878990951246e-05 0
4.434950335596336e-05 2.644003974370693e-05 0
4.480657595827577e-05 2.56353452544604e-05 0
4.390117427979649e-05 2.718261442891188e-05 0
4.336922570759351e-05 2.633954765622102e-05 0
4.613274175604978e-05 2.6370797776247e-05 0
4.658881768318658e-05 2.724192035464833e-05 0
4.471351418302995e-05 2.872541675098459e-05 0
4.249147055229373e-05 2.659960468467638e-05 0
4.540729715892363e-05 2.512558794152171e-05 0
4.348177172989669e-05 2.796417310837069e-05 0
4.334136843132125e-05 2.537669388757113e-05 0
4.674445400897083e-05 2.581406866596469e-05 0
4.477152394394081e-05 2.488808880089942e-05 0
4.739603766784585e-05 2.715398434160201e-05 0
4.394270984557706e-05 2.581402819300947e-05 0
4.442976664066358e-05 2.791135525103995e-05 0
4.549592565108541e-05 2.581391654563449e-05 0
4.624029706263395e-05 2.912537219493843e-05 0
2 3015 0 34
8387
8388
8389
8390
8391
8392
8393
8394
8395
8396
8397
8398
8399
8400
8401
8402
8403
8404
8405
8406
8407
8408
8409
8410
8411
8412
8413
8414
8415
8416
8417
8418
8419
8420
5.854034289591213e-06 3.859698954550157e-05 0
3.231325241683141e-06 3.580163572503818e-05 0
5.589968903862623e-06 3.485882882816654e-05 0
2.716253324866887e-06 3.771371724267787e-05 0
6.973279182604471e-06 3.728077675577978e-05 0
4.545796190885229e-06 3.925546872447864e-05 0
7.441516202715754e-06 3.576613363198515e-05 0
3.192363488343226e-06 3.894023187167718e-05 0
2.756948172008351e-06 3.691076861778252e-05 0
3.548062787066276e-06 3.728657030892924e-05 0
6.450825904290133e-06 3.798080084668834e-05 0
6.060745668574247e-06 3.71369889221407e-05 0
6.665955389897293e-06 3.64168697330135e-05 0
5.682073920999294e-06 3.630471976470377e-05 0
5.093027605507785e-06 3.701506755964191e-05 0
4.646755094133837e-06 3.612117539061405e-05 0
7.474301615336459e-06 3.667985714877494e-05 0
6.295060634874491e-06 3.551886459481535e-05 0
5.473038129689338e-06 3.783378820657911e-05 0
4.403758345237534e-06 3.77665619351703e-05 0
3.434925388371608e-06 3.810818052910114e-05 0
4.722104362118621e-06 3.512511406108621e-05 0
3.923725899965193e-06 3.546332773107993e-05 0
4.27246674206344e-06 3.694657406774075e-05 0
4.948662747161286e-06 3.853295470515956e-05 0
5.326074473458284e-06 3.916415417341881e-05 0
5.32998293905519e-06 3.56036701261392e-05 0
3.604628535747491e-06 3.648513582974298e-05 0
3.773114529523244e-06 3.934203721830053e-05 0
4.056125016803004e-06 3.864279816904043e-05 0
2.781039559593096e-06 3.622756356794587e-05 0
6.314836617850713e-06 3.468558065204429e-05 0
2.668685436055462e-06 3.843829750426044e-05 0
7.041090469740574e-06 3.499624942765502e-05 0
2 3016 0 29
8421
8422
8423
8424
8425
8426
8427
8428
8429
8430
8431
8432
8433
8434
8435
8436
8437
8438
8439
8440
8441
8442
8443
8444
8445
8446
8447
8448
8449
1.339939203583665e-05 3.84106940601528e-05 0
1.552892325578208e-05 3.535841586091441e-05 0
1.582744406397196e-05 3.844135644630104e-05 0
1.728254578300117e-05 3.670458333267796e-05 0
1.346177726738942e-05 3.588406887963137e-05 0
1.445951320636641e-05 3.897400916076687e-05 0
1.286343454924461e-05 3.721228867736543e-05 0
1.684090383031508e-05 3.587201360686011e-05 0
1.447906185350688e-05 3.551567041826341e-05 0
1.512658999527226e-05 3.61949699462619e-05 0
1.658244095702426e-05 3.789211352193737e-05 0
1.571718728979376e-05 3.753777933121378e-05 0
1.486838016549566e-05 3.808706027863524e-05 0
1.423777333278541e-05 3.651496124153771e-05 0
1.597664968386906e-05 3.607005726123542e-05 0
1.49087766547398e-05 3.71092842173455e-05 0
1.38354348301705e-05 3.75478543001039e-05 0
1.646031733904418e-05 3.690809603466808e-05 0
1.285275499902118e-05 3.648505256965517e-05 0
1.346949741586932e-05 3.674590384968953e-05 0
1.41005532863946e-05 3.835914524348867e-05 0
1.627007400470751e-05 3.529279934459927e-05 0
1.378727914020401e-05 3.891836299559353e-05 0
1.523743221665722e-05 3.900583877362975e-05 0
1.283567120099797e-05 3.794349683261628e-05 0
1.720642484413979e-05 3.74261654289096e-05 0
1.744868702279104e-05 3.607656952198829e-05 0
1.37558650228041e-05 3.520211984255608e-05 0
1.563770944285882e-05 3.676492166791351e-05 0
2 3017 0 20
8450
8451
8452
8453
8454
8455
8456
8457
8458
8459
8460
8461
8462
8463
8464
8465
8466
8467
8468
8469
2.396259824926486e-05 3.796961339351324e-05 0
2.63385329512369e-05 3.627188357854486e-05 0
2.397900890570754e-05 3.54454545900876e-05 0
2.580974442168907e-05 3.825583815607088e-05 0
2.29368563873766e-05 3.66471669941797e-05 0
2.684563107663084e-05 3.790064495641326e-05 0
2.312939879333133e-05 3.575630575126032e-05 0
2.604140084583517e-05 3.724019826969788e-05 0
2.500476109057199e-05 3.760288423214395e-05 0
2.52114652016782e-05 3.652362158049067e-05 0
2.563139855385044e-05 3.572704754121544e-05 0
2.423533936350475e-05 3.704024768810421e-05 0
2.437250040739508e-05 3.620259675250796e-05 0
2.476877786157397e-05 3.857474573239744e-05 0
2.485632319935311e-05 3.558049300122046e-05 0
2.703827033320403e-05 3.688631711452371e-05 0
2.334134401565045e-05 3.732210443316697e-05 0
2.363760864265149e-05 3.634928318342898e-05 0
2.261807581574387e-05 3.611689136370654e-05 0
2.341733930901704e-05 3.517827208826101e-05 0
2 3018 0 30
8470
8471
8472
8473
8474
8475
8476
8477
8478
8479
8480
8481
8482
8483
8484
8485
8486
8487
8488
8489
8490
8491
8492
8493
8494
8495
8496
8497
8498
8499
3.611953019747536e-05 3.848513192822241e-05 0
3.303892231566644e-05 3.621977145517036e-05 0
3.747821939901063e-05 3.552032881917609e-05 0
3.483061522270505e-05 3.530144027023002e-05 0
3.355589158677579e-05 3.871309876320803e-05 0
3.747436199697299e-05 3.734209022676854e-05 0
3.213878932260713e-05 3.746887068515984e-05 0
3.660619260892329e-05 3.496959918091471e-05 0
3.453636197031545e-05 3.883887733635917e-05 0
3.412111441781042e-05 3.78940836256386e-05 0
3.315128826484869e-05 3.776809074632889e-05 0
3.512383173082123e-05 3.805248738331213e-05 0
3.468531897392941e-05 3.703738426546808e-05 0
3.582943875704942e-05 3.717947615834948e-05 0
3.529411232726966e-05 3.61914533626198e-05 0
3.658844825161806e-05 3.632937669337736e-05 0
3.254684782821353e-05 3.85677638882669e-05 0
3.366064337707072e-05 3.697385783389933e-05 0
3.408277323355494e-05 3.593294722898931e-05 0
3.661243426536226e-05 3.769257539867148e-05 0
3.753169720336275e-05 3.64134344082679e-05 0
3.574807952476112e-05 3.536809555930464e-05 0
3.538392773168897e-05 3.893762825834091e-05 0
3.227850171001017e-05 3.658690567447836e-05 0
3.178332177156786e-05 3.822624810546176e-05 0
3.810923033218757e-05 3.683364014006555e-05 0
3.810216439978741e-05 3.608615248002685e-05 0
3.728768934132253e-05 3.47804902069968e-05 0
3.707983804262114e-05 3.825402357471545e-05 0
3.288444305661449e-05 3.699086968180077e-05 0
2 3019 0 29
8500
8501
8502
8503
8504
8505
8506
8507
8508
8509
8510
8511
8512
8513
8514
8515
8516
8517
8518
8519
8520
8521
8522
8523
8524
8525
8526
8527
8528
4.498223978239233e-05 3.864709219209806e-05 0
4.431540397995627e-05 3.528399602668457e-05 0
4.775182817064836e-05 3.714071437570857e-05 0
4.627162311300583e-05 3.583243355584897e-05 0
4.327458130444937e-05 3.763864966280707e-05 0
4.239806621636182e-05 3.550606218325582e-05 0
4.656514210067654e-05 3.887929657209325e-05 0
4.754485028986393e-05 3.869405733799843e-05 0
4.693863291028712e-05 3.78422679615008e-05 0
4.679394111212241e-05 3.67689517726298e-05 0
4.592713523985383e-05 3.731267360719963e-05 0
4.192798750381491e-05 3.636482381770097e-05 0
4.590208312009469e-05 3.823124864797978e-05 0
4.252859982317295e-05 3.70302817495023e-05 0
4.341163211249538e-05 3.662715310674893e-05 0
4.419302085674077e-05 3.718949598284521e-05 0
4.425455639005858e-05 3.618801063972803e-05 0
4.506555639815431e-05 3.678203999059855e-05 0
4.339338787539343e-05 3.555427421756963e-05 0
4.412241801175254e-05 3.818241185658018e-05 0
4.51860363057727e-05 3.573931650869428e-05 0
4.502938092353452e-05 3.771871064060857e-05 0
4.704894641292131e-05 3.598759188239843e-05 0
4.573569262718189e-05 3.900629227342765e-05 0
4.170826093856133e-05 3.55952470420226e-05 0
4.792089156667462e-05 3.791523811831266e-05 0
4.273063931716493e-05 3.621174095490397e-05 0
4.75858310352173e-05 3.642402997491062e-05 0
4.583321697492992e-05 3.653282262988027e-05 0
2 3020 0 33
8529
8530
8531
8532
8533
8534
8535
8536
8537
8538
8539
8540
8541
8542
8543
8544
8545
8546
8547
8548
8549
8550
8551
8552
8553
8554
8555
8556
8557
8558
8559
8560
8561
3.226495209726218e-06 4.666568290322135e-05 0
7.005029602994489e-06 4.69923529026127e-05 0
5.704851443108479e-06 4.907736744634397e-05 0
5.583279466926289e-06 4.464353243994961e-05 0
3.342902748971715e-06 4.836116494483538e-05 0
3.916945939248195e-06 4.504835374311627e-05 0
4.430229589147525e-06 4.926280118961964e-05 0
6.47439585749475e-06 4.550616383196275e-05 0
6.906788833621307e-06 4.824249562768512e-05 0
3.538282146955155e-06 4.580300011235171e-05 0
4.118931902701039e-06 4.653116345837828e-05 0
3.771033678488772e-06 4.743473710909332e-05 0
4.652721032498784e-06 4.725081314043699e-05 0
5.033747941976611e-06 4.63589803225788e-05 0
5.533537557766086e-06 4.704534117898522e-05 0
4.282403242556808e-06 4.827375118591241e-05 0
5.200749750934223e-06 4.786979745619212e-05 0
5.905060097286474e-06 4.620863704295178e-05 0
6.275380703206991e-06 4.770843101211311e-05 0
2.949163378086825e-06 4.764322157074898e-05 0
4.491311408083727e-06 4.567376716046593e-05 0
5.500925654498826e-06 4.544415995289608e-05 0
6.802805112828476e-06 4.624500994375813e-05 0
4.839034863597667e-06 4.485694537281262e-05 0
5.064683544734922e-06 4.871472795648255e-05 0
6.365923564641818e-06 4.86343798646421e-05 0
6.286923815278285e-06 4.683645805728155e-05 0
3.735752873173548e-06 4.903957470174221e-05 0
6.179649946288813e-06 4.486109349932466e-05 0
5.092243349603373e-06 4.942196100788322e-05 0
7.181258279341066e-06 4.767328505137574e-05 0
5.722317801325287e-06 4.840094074715478e-05 0
4.257509209172708e-06 4.450332826644483e-05 0
2 3021 0 39
8562
8563
8564
8565
8566
8567
8568
8569
8570
8571
8572
8573
8574
8575
8576
8577
8578
8579
8580
8581
8582
8583
8584
8585
8586
8587
8588
8589
8590
8591
8592
8593
8594
8595
8596
8597
8598
8599
8600
1.66288060160782e-05 4.564125880795347e-05 0
1.327568086903989e-05 4.804298271683628e-05 0
1.578604753970899e-05 4.920065752224916e-05 0
1.371457213945836e-05 4.466750034591867e-05 0
1.754001940766257e-05 4.713615181776516e-05 0
1.203697420576442e-05 4.645159615798417e-05 0
1.758479978207089e-05 4.885649024318613e-05 0
1.536172510460247e-05 4.484411200791725e-05 0
1.237532666585347e-05 4.522408347607733e-05 0
1.789024513937039e-05 4.799008880688804e-05 0
1.692125275495924e-05 4.798816365354614e-05 0
1.660052482299259e-05 4.701067658585686e-05 0
1.598958584574916e-05 4.764191600874921e-05 0
1.566749639904548e-05 4.677587784850199e-05 0
1.501187495413277e-05 4.743561209066535e-05 0
1.472829291267663e-05 4.64988783017187e-05 0
1.398303310832533e-05 4.722658547616797e-05 0
1.366049234907896e-05 4.628189789575161e-05 0
1.435180552459531e-05 4.810504867904192e-05 0
1.287005204042839e-05 4.699509317299404e-05 0
1.67124049598404e-05 4.887985393188521e-05 0
1.440762132384251e-05 4.544028278374341e-05 0
1.533200314523232e-05 4.830404397682769e-05 0
1.560883961166898e-05 4.57993298613117e-05 0
1.271491315762868e-05 4.604721470103087e-05 0
1.241023727005859e-05 4.772706181626046e-05 0
1.712617564323461e-05 4.633185373071164e-05 0
1.455743329478832e-05 4.456067517425346e-05 0
1.615615114177636e-05 4.505216393580403e-05 0
1.472306100483119e-05 4.895550702324282e-05 0
1.655620703481122e-05 4.961461827822735e-05 0
1.322199385462382e-05 4.542958589933252e-05 0
1.378518006601036e-05 4.866556079051146e-05 0
1.718719894097137e-05 4.946921954004918e-05 0
1.186809100843229e-05 4.573643614551845e-05 0
1.613118932702867e-05 4.840196818049248e-05 0
1.289752482685574e-05 4.472760669547268e-05 0
1.627703506897639e-05 4.629894976040908e-05 0
1.200823844696111e-05 4.718680323766408e-05 0
2 3022 0 40
8601
8602
8603
8604
8605
8606
8607
8608
8609
8610
8611
8612
8613
8614
8615
8616
8617
8618
8619
8620
8621
8622
8623
8624
8625
8626
8627
8628
8629
8630
8631
8632
8633
8634
8635
8636
8637
8638
8639
8640
2.602222546464286e-05 4.92901041674038e-05 0
2.394948680008119e-05 4.497516695637277e-05 0
2.729547096685743e-05 4.701427251384993e-05 0
2.257977142404692e-05 4.7711107363332e-05 0
2.566049872332918e-05 4.433775245558111e-05 0
2.338407070078563e-05 4.949450765924893e-05 0
2.749584313519121e-05 4.531141713441037e-05 0
2.295994869515531e-05 4.610752626439534e-05 0
2.468301988544045e-05 4.989117372775237e-05 0
2.724422710898185e-05 4.434746103919087e-05 0
2.645019654194738e-05 4.505489035730627e-05 0
2.545023592397167e-05 4.532057398213353e-05 0
2.601330479648582e-05 4.606239703542422e-05 0
2.510196871272781e-05 4.629810216444649e-05 0
2.568144291521418e-05 4.704204623429767e-05 0
2.471160210211399e-05 4.724793782732681e-05 0
2.536984888455948e-05 4.795252348022297e-05 0
2.440277185587696e-05 4.819860912148431e-05 0
2.371217484258516e-05 4.750755621542932e-05 0
2.637630216064985e-05 4.772162613127856e-05 0
2.345744835730773e-05 4.846723310170668e-05 0
2.400211265282024e-05 4.64899944026034e-05 0
2.514054617880831e-05 4.897600720516227e-05 0
2.478657204726779e-05 4.465000429243456e-05 0
2.249943262036336e-05 4.872738996003181e-05 0
2.41664687001884e-05 4.916422829071373e-05 0
2.665099092231437e-05 4.862206780795957e-05 0
2.238234244068089e-05 4.682613372516684e-05 0
2.324861915070814e-05 4.530653316267287e-05 0
2.769837217125325e-05 4.616268955915754e-05 0
2.457602434274601e-05 4.55857661031191e-05 0
2.690059747408815e-05 4.605628034945821e-05 0
2.645340808196644e-05 4.677881769370686e-05 0
2.545078378189754e-05 4.981036598446796e-05 0
2.722040992778791e-05 4.792199052936327e-05 0
2.395073880115456e-05 5.001950766940236e-05 0
2.311934266334514e-05 4.693045547612283e-05 0
2.645094206053445e-05 4.408127428794662e-05 0
2.37910226628947e-05 4.572181690377022e-05 0
2.591326185235609e-05 4.852221609925663e-05 0
2 3023 0 37
8641
8642
8643
8644
8645
8646
8647
8648
8649
8650
8651
8652
8653
8654
8655
8656
8657
8658
8659
8660
8661
8662
8663
8664
8665
8666
8667
8668
8669
8670
8671
8672
8673
8674
8675
8676
8677
3.292028798944759e-05 4.642865984984134e-05 0
3.716090516926466e-05 4.719635861708926e-05 0
3.279281932143076e-05 4.888015348799835e-05 0
3.536494818766725e-05 4.429361331429192e-05 0
3.585613100409833e-05 4.877012988395308e-05 0
3.741884822530975e-05 4.552242888251547e-05 0
3.39685033985695e-05 4.982551994754318e-05 0
3.362361559754215e-05 4.512226990780898e-05 0
3.638556124830486e-05 4.44223147208672e-05 0
3.65465418538061e-05 4.797775800378664e-05 0
3.623088481724708e-05 4.702241647660511e-05 0
3.556594321776599e-05 4.77602939794334e-05 0
3.531397886204526e-05 4.679807892633831e-05 0
3.45916300395527e-05 4.750116933378615e-05 0
3.59654211785872e-05 4.610342816826564e-05 0
3.511948664865712e-05 4.588675045809983e-05 0
3.485649274424283e-05 4.84922112283966e-05 0
3.382476175321672e-05 4.830062478888951e-05 0
3.358431156657869e-05 4.713276662763505e-05 0
3.501832044396766e-05 4.955448910829094e-05 0
3.441050727318776e-05 4.651441513734492e-05 0
3.295560890748515e-05 4.796881177920835e-05 0
3.683251866378625e-05 4.629858109584874e-05 0
3.572997169737877e-05 4.520095308934699e-05 0
3.361590692812621e-05 4.913261959217206e-05 0
3.658038920199448e-05 4.538659019671509e-05 0
3.438623406245139e-05 4.457752127430881e-05 0
3.271295366006705e-05 4.717381749815176e-05 0
3.768617595558242e-05 4.637804882583443e-05 0
3.305155161037744e-05 4.557650757274651e-05 0
3.305484053299507e-05 4.962590219430201e-05 0
3.367616240274691e-05 4.605215098429414e-05 0
3.715001419860008e-05 4.477183522344651e-05 0
3.496402371914649e-05 4.511302167770243e-05 0
3.433301716210621e-05 4.559060574876175e-05 0
3.432216275292477e-05 4.908127844713072e-05 0
3.59824555519168e-05 4.386725617064549e-05 0
2 3024 0 49
8678
8679
8680
8681
8682
8683
8684
8685
8686
8687
8688
8689
8690
8691
8692
8693
8694
8695
8696
8697
8698
8699
8700
8701
8702
8703
8704
8705
8706
8707
8708
8709
8710
8711
8712
8713
8714
8715
8716
8717
8718
8719
8720
8721
8722
8723
8724
8725
8726
4.474006641367749e-05 4.434505139301666e-05 0
4.525392914323858e-05 4.945966197174745e-05 0
4.240656567099387e-05 4.63879474053561e-05 0
4.749554207129969e-05 4.827890812264284e-05 0
4.764435015449053e-05 4.565278779241362e-05 0
4.297590833668002e-05 4.931838670973943e-05 0
4.613638895502919e-05 4.41511591238292e-05 0
4.323831137000234e-05 4.520153579765583e-05 0
4.206537286293867e-05 4.809388894897724e-05 0
4.808801365852627e-05 4.709039610336533e-05 0
4.723454836660487e-05 4.490298138935123e-05 0
4.670600492456502e-05 4.568000985167669e-05 0
4.721688611016658e-05 4.655799352066151e-05 0
4.614258927660502e-05 4.644034458082219e-05 0
4.571761165161347e-05 4.560252479849327e-05 0
4.517538818473377e-05 4.634340540876193e-05 0
4.557926024493286e-05 4.723021526713701e-05 0
4.463900259021268e-05 4.713524039363154e-05 0
4.502282579091531e-05 4.798797134797296e-05 0
4.4093338808476e-05 4.791795121260795e-05 0
4.601779240026895e-05 4.816364118122168e-05 0
4.425255212043499e-05 4.627357602620094e-05 0
4.453890994507302e-05 4.887249341523054e-05 0
4.650595246019444e-05 4.730411203138106e-05 0
4.37106503946335e-05 4.705832305368548e-05 0
4.305111264156952e-05 4.777903838953876e-05 0
4.473647566332077e-05 4.537207312561717e-05 0
4.220591805245771e-05 4.895076409648408e-05 0
4.330644654888842e-05 4.616247227638736e-05 0
4.605713524403978e-05 4.916132905384197e-05 0
4.678589430143468e-05 4.873844995658032e-05 0
4.359753149338014e-05 4.86746405970539e-05 0
4.382435993549892e-05 4.956379267362058e-05 0
4.218064267594151e-05 4.722297067543177e-05 0
4.265575715388006e-05 4.568650289996404e-05 0
4.54108753164409e-05 4.402861534056178e-05 0
4.539994565246618e-05 4.871702775595783e-05 0
4.395740555427106e-05 4.473058455064641e-05 0
4.548168447032177e-05 4.476342624312767e-05 0
4.733861932321719e-05 4.744635526897037e-05 0
4.807506511839896e-05 4.632024164075764e-05 0
4.457691379071443e-05 4.977782558123897e-05 0
4.293108358640536e-05 4.69221503600799e-05 0
4.277916867740521e-05 4.856334374835868e-05 0
4.393964024274561e-05 4.554526980779737e-05 0
4.674396153496622e-05 4.80076292771316e-05 0
4.636046963007746e-05 4.489590624454928e-05 0
4.806738401363043e-05 4.78274998489517e-05 0
4.688657941233049e-05 4.427533606081766e-05 0
2 3025 0 39
8727
8728
8729
8730
8731
8732
8733
8734
8735
8736
8737
8738
8739
8740
8741
8742
8743
8744
8745
8746
8747
8748
8749
8750
8751
8752
8753
8754
8755
8756
8757
8758
8759
8760
8761
8762
8763
8764
8765
2.973129513365363e-06 5.530763545196716e-05 0
7.257314542059106e-06 5.693241162615448e-05 0
3.726399649245057e-06 5.911671240577046e-05 0
6.137894995224285e-06 5.959018195576754e-05 0
5.863246845244292e-06 5.449370179308055e-05 0
2.536510191036041e-06 5.722208072596923e-05 0
4.214163452974128e-06 5.441124229088741e-05 0
7.426273809232733e-06 5.84065556494989e-05 0
4.619757659916102e-06 5.948677018898473e-05 0
4.557933455401014e-06 5.850477634472825e-05 0
3.578150580768355e-06 5.803247570138441e-05 0
4.512326739763377e-06 5.747034854494629e-05 0
5.422892753898674e-06 5.795999463497726e-05 0
5.410583365582564e-06 5.694279459958971e-05 0
4.54908256095046e-06 5.643626768321383e-05 0
5.437540794438806e-06 5.596398193525784e-05 0
6.266670266088789e-06 5.740855276972527e-05 0
4.590844729202982e-06 5.540174823645111e-05 0
6.385017386203363e-06 5.848207900197087e-05 0
3.62480267893979e-06 5.689677147936864e-05 0
6.274987078355284e-06 5.641762202941785e-05 0
2.891846665822553e-06 5.62627980734518e-05 0
5.419992286603709e-06 5.896824581493419e-05 0
7.121480348000754e-06 5.599820940098572e-05 0
2.649244924326653e-06 5.815732061784489e-05 0
6.339455585767884e-06 5.539738874600662e-05 0
3.718397057775246e-06 5.594196130366937e-05 0
7.019264554763487e-06 5.926719848798034e-05 0
7.677789403515344e-06 5.768076124550836e-05 0
3.401991345110748e-06 5.46019795560306e-05 0
5.008964743989043e-06 5.467861991912928e-05 0
5.367126693975391e-06 5.980161202601145e-05 0
5.118126360854215e-06 5.392960358630155e-05 0
2.337352434131427e-06 5.575597232045354e-05 0
6.984786193239982e-06 5.777082722210845e-05 0
2.170676605739273e-06 5.641406728319431e-05 0
2.943125352694741e-06 5.886403101801301e-05 0
5.52534393731873e-06 5.518752733659602e-05 0
3.764203005714179e-06 5.51842842073819e-05 0
2 3026 0 38
8766
8767
8768
8769
8770
8771
8772
8773
8774
8775
8776
8777
8778
8779
8780
8781
8782
8783
8784
8785
8786
8787
8788
8789
8790
8791
8792
8793
8794
8795
8796
8797
8798
8799
8800
8801
8802
8803
1.645844852699822e-05 5.875545062923358e-05 0
1.362368099622711e-05 5.542187780251202e-05 0
1.300103421103648e-05 5.914881267066492e-05 0
1.558957087068437e-05 5.409996867862812e-05 0
1.701796731453397e-05 5.620787639428996e-05 0
1.284454018254999e-05 5.72312979472879e-05 0
1.538498007103058e-05 5.978402064544503e-05 0
1.706766639949295e-05 5.439707866784705e-05 0
1.406132105321908e-05 6.003306971740936e-05 0
1.696822563015602e-05 5.721397860583442e-05 0
1.610508955166242e-05 5.672120083823745e-05 0
1.620376484207577e-05 5.568677463767938e-05 0
1.534189353346702e-05 5.613206494352696e-05 0
1.525315656134456e-05 5.716665806261232e-05 0
1.452610474931212e-05 5.660316998409382e-05 0
1.438869331561852e-05 5.768095103773949e-05 0
1.513394877107673e-05 5.801234632810562e-05 0
1.450706163430529e-05 5.855208274028387e-05 0
1.544823920204906e-05 5.510117739310654e-05 0
1.604815293264333e-05 5.782764761742125e-05 0
1.355635542627281e-05 5.816852002031888e-05 0
1.319230804302063e-05 5.625473332139083e-05 0
1.630948378068333e-05 5.472483411990693e-05 0
1.472971588775079e-05 5.445001323436888e-05 0
1.547267941147196e-05 5.883439218247118e-05 0
1.257809355189023e-05 5.832586729345771e-05 0
1.706921646391794e-05 5.521418257513027e-05 0
1.451500629928267e-05 5.551340874407389e-05 0
1.648864072345186e-05 5.384709679386239e-05 0
1.694310216858754e-05 5.80849633799181e-05 0
1.373798292901757e-05 5.700922991819843e-05 0
1.386018284226187e-05 5.919378590967725e-05 0
1.401673974297092e-05 5.476851229504559e-05 0
1.463051003912987e-05 5.942250096339086e-05 0
1.605278899149063e-05 5.942480925951859e-05 0
1.340481468960769e-05 5.983772934599565e-05 0
1.474655652127114e-05 6.016196076831908e-05 0
1.391989585733135e-05 5.611670719835968e-05 0
2 3027 0 35
8804
8805
8806
8807
8808
8809
8810
8811
8812
8813
8814
8815
8816
8817
8818
8819
8820
8821
8822
8823
8824
8825
8826
8827
8828
8829
8830
8831
8832
8833
8834
8835
8836
8837
8838
2.627031508817439e-05 5.551973303446145e-05 0
2.487248382249798e-05 5.976708462369707e-05 0
2.31787095831575e-05 5.741613969927697e-05 0
2.712645244855025e-05 5.803251264718894e-05 0
2.377460649559636e-05 5.469680672426066e-05 0
2.719817574872704e-05 5.657359468223647e-05 0
2.3874693414973e-05 5.880781407768614e-05 0
2.611051799631644e-05 5.909168565713401e-05 0
2.484435550374283e-05 5.46249084771266e-05 0
2.29013443076729e-05 5.576838143167522e-05 0
2.281487628555578e-05 5.65700864832318e-05 0
2.375494335891899e-05 5.633242628432205e-05 0
2.423013173667792e-05 5.724708422909897e-05 0
2.477525292032016e-05 5.640351884234215e-05 0
2.522432614170338e-05 5.727191324165629e-05 0
2.572554608363598e-05 5.644778346907185e-05 0
2.462308099917157e-05 5.808560824103346e-05 0
2.559276979401501e-05 5.815858379017186e-05 0
2.442455522221284e-05 5.55368321659375e-05 0
2.639926921104981e-05 5.728891106397299e-05 0
2.529462740610991e-05 5.557104811659295e-05 0
2.382463293010001e-05 5.797288663088564e-05 0
2.570893708071644e-05 5.484682292533374e-05 0
2.686990235698052e-05 5.87559509248362e-05 0
2.648957422150563e-05 5.624899773377982e-05 0
2.742556721563332e-05 5.731336514799758e-05 0
2.559718596174614e-05 5.973526802842742e-05 0
2.700693302168694e-05 5.586528164156389e-05 0
2.498123488849549e-05 5.901188133109621e-05 0
2.426575777417167e-05 5.950691653788142e-05 0
2.299443071733616e-05 5.501142389592585e-05 0
2.321654891652004e-05 5.830778690733264e-05 0
2.42721151449855e-05 5.416114981527595e-05 0
2.363580745773776e-05 5.548222669518008e-05 0
2.641174203462783e-05 5.826453779968111e-05 0
2 3028 0 29
8839
8840
8841
8842
8843
8844
8845
8846
8847
8848
8849
8850
8851
8852
8853
8854
8855
8856
8857
8858
8859
8860
8861
8862
8863
8864
8865
8866
8867
3.411077612676523e-05 5.821010027239082e-05 0
3.659773431822092e-05 5.645491984137624e-05 0
3.260825218990474e-05 5.657641497128287e-05 0
3.51787663954065e-05 5.57391041585497e-05 0
3.626402580367958e-05 5.887403997981866e-05 0
3.749696069483765e-05 5.766963770923516e-05 0
3.341937575143955e-05 5.495834150345018e-05 0
3.338861515247217e-05 5.768849502004096e-05 0
3.42042570325763e-05 5.726884351579298e-05 0
3.496862231092808e-05 5.775213951566577e-05 0
3.504124571085344e-05 5.679291573083402e-05 0
3.591287868457151e-05 5.728373786326926e-05 0
3.422356622773798e-05 5.630360646473406e-05 0
3.341579388333561e-05 5.682798276354249e-05 0
3.423282990763719e-05 5.53210175453833e-05 0
3.57593836139003e-05 5.641006286699245e-05 0
3.678098918195807e-05 5.7257168334235e-05 0
3.486090963061263e-05 5.865506091639485e-05 0
3.261043539452442e-05 5.513527163690125e-05 0
3.713036668418685e-05 5.862095350365712e-05 0
3.326845064738849e-05 5.587181226650677e-05 0
3.568113014832121e-05 5.830272311440802e-05 0
3.73513403011351e-05 5.68717978027939e-05 0
3.278730706367021e-05 5.726197626439806e-05 0
3.785989463885134e-05 5.840901888762191e-05 0
3.654603191102516e-05 5.800574845450037e-05 0
3.551541550320388e-05 5.901476807350068e-05 0
3.235436989636424e-05 5.587804873704155e-05 0
3.606629296044915e-05 5.577963674093297e-05 0
2 3029 0 48
8868
8869
8870
8871
8872
8873
8874
8875
8876
8877
8878
8879
8880
8881
8882
8883
8884
8885
8886
8887
8888
8889
8890
8891
8892
8893
8894
8895
8896
8897
8898
8899
8900
8901
8902
8903
8904
8905
8906
8907
8908
8909
8910
8911
8912
8913
8914
8915
4.528060560493649e-05 5.971625696614942e-05 0
4.353284108204466e-05 5.469359456132294e-05 0
4.785285666883511e-05 5.662597271976932e-05 0
4.214729300753356e-05 5.808775700837572e-05 0
4.615674777794536e-05 5.414714946400422e-05 0
4.737203361397198e-05 5.896493526112487e-05 0
4.219192816412056e-05 5.61280852003399e-05 0
4.368844332417409e-05 5.968587005312478e-05 0
4.734921334503991e-05 5.520306408203314e-05 0
4.473035702547704e-05 5.385704094499472e-05 0
4.61762957069803e-05 5.962939944370737e-05 0
4.557546508448589e-05 5.882747471507426e-05 0
4.449414719502561e-05 5.90238663038016e-05 0
4.496598055941413e-05 5.804003124576963e-05 0
4.597080575653671e-05 5.796979260471278e-05 0
4.53707983503839e-05 5.711465615800104e-05 0
4.438539793710681e-05 5.720032150361573e-05 0
4.474247805259446e-05 5.629764487142929e-05 0
4.578578534643199e-05 5.618448551336702e-05 0
4.376343860436066e-05 5.64012202504491e-05 0
4.344680747066595e-05 5.735108090881493e-05 0
4.509140220275816e-05 5.539724465168033e-05 0
4.399926905165664e-05 5.810407640820513e-05 0
4.63816997743491e-05 5.707214007606564e-05 0
4.70185596650194e-05 5.795623622609379e-05 0
4.69464843150416e-05 5.616110255032357e-05 0
4.622587281111792e-05 5.515417582805611e-05 0
4.405804587452527e-05 5.548794115146258e-05 0
4.303604696297578e-05 5.815153136085365e-05 0
4.29721443386624e-05 5.558637316263003e-05 0
4.651233111852968e-05 5.880821735887785e-05 0
4.786185471239801e-05 5.75159734108732e-05 0
4.28596170883612e-05 5.66944017740792e-05 0
4.196007124257262e-05 5.70907622116612e-05 0
4.689532074554282e-05 5.448768912710332e-05 0
4.255015933641611e-05 5.887479838595527e-05 0
4.445661568805741e-05 5.467522629794086e-05 0
4.445589228205137e-05 5.992245110516476e-05 0
4.349337448344859e-05 5.887090392521305e-05 0
4.783342746142415e-05 5.831602740576309e-05 0
4.783219704159102e-05 5.584131216773466e-05 0
4.295330133249848e-05 5.949371658332848e-05 0
4.546969858332992e-05 5.373678558852166e-05 0
4.535615936169983e-05 5.449853929383678e-05 0
4.400134987856013e-05 5.404977603058262e-05 0
4.71977652179262e-05 5.704656746523913e-05 0
4.269009583479859e-05 5.747520896602268e-05 0
4.695771029961709e-05 5.95935324469354e-05 0
2 3030 0 34
8916
8917
8918
8919
8920
8921
8922
8923
8924
8925
8926
8927
8928
8929
8930
8931
8932
8933
8934
8935
8936
8937
8938
8939
8940
8941
8942
8943
8944
8945
8946
8947
8948
8949
6.704241811683801e-06 6.830278638646437e-05 0
3.362557993991506e-06 6.57915920579495e-05 0
5.235949146228172e-06 6.474823053251273e-05 0
3.548804943214686e-06 6.876293637058025e-05 0
6.892487576855551e-06 6.61384057314705e-05 0
4.938557445178107e-06 6.940490031282115e-05 0
2.661695395117677e-06 6.720021072617338e-05 0
6.213204596217043e-06 6.469048148449316e-05 0
5.876136435790777e-06 6.562228843419465e-05 0
4.746757242393048e-06 6.549885420691473e-05 0
5.157447513833173e-06 6.63787095681587e-05 0
4.206517776420756e-06 6.616215048824172e-05 0
4.564285919041126e-06 6.709838270693057e-05 0
5.494417090941679e-06 6.728795019616027e-05 0
4.953368783726048e-06 6.796885703188843e-05 0
4.037532055343275e-06 6.788036309052101e-05 0
3.546474831824983e-06 6.691689778673186e-05 0
6.091563899953348e-06 6.66574892815816e-05 0
7.04440988068781e-06 6.699311328304881e-05 0
5.843868794988715e-06 6.812253998963289e-05 0
4.43249748954544e-06 6.867681461993493e-05 0
3.179760364707372e-06 6.785829002706008e-05 0
2.813098503399935e-06 6.642739555868956e-05 0
6.193231440885108e-06 6.892545237048849e-05 0
4.442850331523021e-06 6.479342400133007e-05 0
3.913586308219483e-06 6.52627222796632e-05 0
7.16398723717216e-06 6.773862726745862e-05 0
5.347611352496052e-06 6.874709158815093e-05 0
6.777793415093767e-06 6.528691993880994e-05 0
4.237529333789011e-06 6.937378732838273e-05 0
6.38391478750043e-06 6.751308095957642e-05 0
2.7771900134461e-06 6.847594787960879e-05 0
2.502883240466588e-06 6.790534570606368e-05 0
5.660178056804256e-06 6.939955110534955e-05 0
2 3031 0 32
8950
8951
8952
8953
8954
8955
8956
8957
8958
8959
8960
8961
8962
8963
8964
8965
8966
8967
8968
8969
8970
8971
8972
8973
8974
8975
8976
8977
8978
8979
8980
8981
1.634258726271027e-05 6.558600722554359e-05 0
1.375627915311691e-05 6.846109370954541e-05 0
1.711881002298028e-05 6.821628943562122e-05 0
1.433189460902475e-05 6.49159399802245e-05 0
1.28669944251091e-05 6.69878889919201e-05 0
1.527783068165608e-05 6.904606389257696e-05 0
1.718345084272737e-05 6.674875246124477e-05 0
1.268166673253451e-05 6.540408742528884e-05 0
1.676216517257164e-05 6.912699886641256e-05 0
1.604800190389812e-05 6.839912039264936e-05 0
1.509936428970714e-05 6.810091767146615e-05 0
1.569125869052213e-05 6.738034634823199e-05 0
1.480923333855975e-05 6.718421519548888e-05 0
1.531418425696112e-05 6.648561973987107e-05 0
1.440586995084647e-05 6.633831171031239e-05 0
1.498229299643518e-05 6.557208549571035e-05 0
1.384667264936952e-05 6.704186660168974e-05 0
1.341191609015795e-05 6.610499928454765e-05 0
1.624742579558217e-05 6.650374092686637e-05 0
1.66004971790079e-05 6.74593711525391e-05 0
1.447671318436187e-05 6.873494736578835e-05 0
1.247547601325263e-05 6.625577118135296e-05 0
1.566719363730888e-05 6.51279800663738e-05 0
1.331202691459913e-05 6.778931719061157e-05 0
1.35110313143322e-05 6.511192149171137e-05 0
1.694985197137936e-05 6.601282771273309e-05 0
1.504541236164337e-05 6.479959057440818e-05 0
1.744162375013402e-05 6.747610472560627e-05 0
1.407092037359531e-05 6.564108394456669e-05 0
1.429314793924488e-05 6.786081283406142e-05 0
1.566694472111938e-05 6.584703146723817e-05 0
1.599250017788827e-05 6.934847770253646e-05 0
2 3032 0 34
8982
8983
8984
8985
8986
8987
8988
8989
8990
8991
8992
8993
8994
8995
8996
8997
8998
8999
9000
9001
9002
9003
9004
9005
9006
9007
9008
9009
9010
9011
9012
9013
9014
9015
2.578649030899567e-05 6.870740373356036e-05 0
2.324121062412457e-05 6.564926321553e-05 0
2.574329338489724e-05 6.481773747070458e-05 0
2.25896447729341e-05 6.759876540657999e-05 0
2.702735569850566e-05 6.74125672645035e-05 0
2.439033770433939e-05 6.930906340121544e-05 0
2.760589419956555e-05 6.587199394565533e-05 0
2.300737564958992e-05 6.889899691302624e-05 0
2.268130569597057e-05 6.676927843948589e-05 0
2.347787449525917e-05 6.720743929282686e-05 0
2.644285295557368e-05 6.810571068921757e-05 0
2.609067426945608e-05 6.720732911465194e-05 0
2.676216584645926e-05 6.649846477495467e-05 0
2.574960527490528e-05 6.63216110906528e-05 0
2.509546412739579e-05 6.702134687090516e-05 0
2.468814735847171e-05 6.606760968770941e-05 0
2.758354350791434e-05 6.682079244018421e-05 0
2.643320715735353e-05 6.554511213727493e-05 0
2.543875546136216e-05 6.789310878807902e-05 0
2.433493817036441e-05 6.775753995077532e-05 0
2.331000009563683e-05 6.805179756504063e-05 0
2.482761983965447e-05 6.504016024463783e-05 0
2.397951235570708e-05 6.534139661459162e-05 0
2.424944131214199e-05 6.689979606109128e-05 0
2.485231394371851e-05 6.858524511849554e-05 0
2.52044713150834e-05 6.926254206192584e-05 0
2.542799020900026e-05 6.557349791501743e-05 0
2.358588711914451e-05 6.638049953239312e-05 0
2.358436807039126e-05 6.93511352510303e-05 0
2.392071775703651e-05 6.86440459589889e-05 0
2.274838150567588e-05 6.606284334786477e-05 0
2.650506234470446e-05 6.468290302663989e-05 0
2.249569281780506e-05 6.834662536624671e-05 0
2.723843884194269e-05 6.504957673729978e-05 0
2 3033 0 32
9016
9017
9018
9019
9020
9021
9022
9023
9024
9025
9026
9027
9028
9029
9030
9031
9032
9033
9034
9035
9036
9037
9038
9039
9040
9041
9042
9043
9044
9045
9046
9047
3.482787561974937e-05 6.512661150272816e-05 0
3.546157267969516e-05 6.890483089631679e-05 0
3.731007419629659e-05 6.747188582133391e-05 0
3.263971096227555e-05 6.720142852731012e-05 0
3.648918319438574e-05 6.547820895906817e-05 0
3.372369722357564e-05 6.874234296767408e-05 0
3.327595177439559e-05 6.57732913951102e-05 0
3.732140544395272e-05 6.626989701734256e-05 0
3.572480051367469e-05 6.525191550505558e-05 0
3.522964442270033e-05 6.601312851626688e-05 0
3.429863158925379e-05 6.590729975449311e-05 0
3.469493971845216e-05 6.675125999633535e-05 0
3.565036142376137e-05 6.684197540517481e-05 0
3.513475833210479e-05 6.755129162139438e-05 0
3.409756251355273e-05 6.758059918385081e-05 0
3.622882202566187e-05 6.765854878602084e-05 0
3.476227109890338e-05 6.837003264922664e-05 0
3.325765343289684e-05 6.787259223302415e-05 0
3.376294283198179e-05 6.661980347810305e-05 0
3.67348449847844e-05 6.68917908393766e-05 0
3.626490311250715e-05 6.850863080658587e-05 0
3.397410128643166e-05 6.511338170473294e-05 0
3.458557039471754e-05 6.924246427421491e-05 0
3.284525551081571e-05 6.649597342058172e-05 0
3.616316491408923e-05 6.619832010560524e-05 0
3.693634668040435e-05 6.814560005637149e-05 0
3.557046544977446e-05 6.819866695190892e-05 0
3.766141836599149e-05 6.691209541857762e-05 0
3.254923752920543e-05 6.784207850958226e-05 0
3.725511878103494e-05 6.553448561404549e-05 0
3.293231318342059e-05 6.850492761030211e-05 0
3.336531588542079e-05 6.721039711824716e-05 0
$EndNodes
$Elements
182 18857 1 18857
1 1 1 60
1 1 145 
2 145 146 
3 146 147 
4 147 148 
5 148 149 
6 149 150 
7 150 151 
8 151 152 
9 152 153 
10 153 154 
11 154 155 
12 155 156 
13 156 157 
14 157 158 
15 158 159 
16 159 160 
17 160 161 
18 161 162 
19 162 163 
20 163 164 
21 164 165 
22 165 166 
23 166 167 
24 167 168 
25 168 169 
26 169 170 
27 170 171 
28 171 172 
29 172 173 
30 173 174 
31 174 175 
32 175 176 
33 176 177 
34 177 178 
35 178 179 
36 179 180 
37 180 181 
38 181 182 
39 182 183 
40 183 184 
41 184 185 
42 185 186 
43 186 187 
44 187 188 
45 188 189 
46 189 190 
47 190 191 
48 191 192 
49 192 193 
50 193 194 
51 194 195 
52 195 196 
53 196 197 
54 197 198 
55 198 199 
56 199 200 
57 200 201 
58 201 202 
59 202 203 
60 203 2 
1 2 1 90
61 2 204 
62 204 205 
63 205 206 
64 206 207 
65 207 208 
66 208 209 
67 209 210 
68 210 211 
69 211 212 
70 212 213 
71 213 214 
72 214 215 
73 215 216 
74 216 217 
75 217 218 
76 218 219 
77 219 220 
78 220 221 
79 221 222 
80 222 223 
81 223 224 
82 224 225 
83 225 226 
84 226 227 
85 227 228 
86 228 229 
87 229 230 
88 230 231 
89 231 232 
90 232 233 
91 233 234 
92 234 235 
93 235 236 
94 236 237 
95 237 238 
96 238 239 
97 239 240 
98 240 241 
99 241 242 
100 242 243 
101 243 244 
102 244 245 
103 245 246 
104 246 247 
105 247 248 
106 248 249 
107 249 250 
108 250 251 
109 251 252 
110 252 253 
111 253 254 
112 254 255 
113 255 256 
114 256 257 
115 257 258 
116 258 259 
117 259 260 
118 260 261 
119 261 262 
120 262 263 
121 263 264 
122 264 265 
123 265 266 
124 266 267 
125 267 268 
126 268 269 
127 269 270 
128 270 271 
129 271 272 
130 272 273 
131 273 274 
132 274 275 
133 275 276 
134 276 277 
135 277 278 
136 278 279 
137 279 280 
138 280 281 
139 281 282 
140 282 283 
141 283 284 
142 284 285 
143 285 286 
144 286 287 
145 287 288 
146 288 289 
147 289 290 
148 290 291 
149 291 292 
150 292 3 
1 3 1 60
151 3 293 
152 293 294 
153 294 295 
154 295 296 
155 296 297 
156 297 298 
157 298 299 
158 299 300 
159 300 301 
160 301 302 
161 302 303 
162 303 304 
163 304 305 
164 305 306 
165 306 307 
166 307 308 
167 308 309 
168 309 310 
169 310 311 
170 311 312 
171 312 313 
172 313 314 
173 314 315 
174 315 316 
175 316 317 
176 317 318 
177 318 319 
178 319 320 
179 320 321 
180 321 322 
181 322 323 
182 323 324 
183 324 325 
184 325 326 
185 326 327 
186 327 328 
187 328 329 
188 329 330 
189 330 331 
190 331 332 
191 332 333 
192 333 334 
193 334 335 
194 335 336 
195 336 337 
196 337 338 
197 338 339 
198 339 340 
199 340 341 
200 341 342 
201 342 343 
202 343 344 
203 344 345 
204 345 346 
205 346 347 
206 347 348 
207 348 349 
208 349 350 
209 350 351 
210 351 8 
1 4 1 90
211 8 352 
212 352 353 
213 353 354 
214 354 355 
215 355 356 
216 356 357 
217 357 358 
218 358 359 
219 359 360 
220 360 361 
221 361 362 
222 362 363 
223 363 364 
224 364 365 
225 365 366 
226 366 367 
227 367 368 
228 368 369 
229 369 370 
230 370 371 
231 371 372 
232 372 373 
233 373 374 
234 374 375 
235 375 376 
236 376 377 
237 377 378 
238 378 379 
239 379 380 
240 380 381 
241 381 382 
242 382 383 
243 383 384 
244 384 385 
245 385 386 
246 386 387 
247 387 388 
248 388 389 
249 389 390 
250 390 391 
251 391 392 
252 392 393 
253 393 394 
254 394 395 
255 395 396 
256 396 397 
257 397 398 
258 398 399 
259 399 400 
260 400 401 
261 401 402 
262 402 403 
263 403 404 
264 404 405 
265 405 406 
266 406 407 
267 407 408 
268 408 409 
269 409 410 
270 410 411 
271 411 412 
272 412 413 
273 413 414 
274 414 415 
275 415 416 
276 416 417 
277 417 418 
278 418 419 
279 419 420 
280 420 421 
281 421 422 
282 422 423 
283 423 424 
284 424 425 
285 425 426 
286 426 427 
287 427 428 
288 428 429 
289 429 430 
290 430 431 
291 431 432 
292 432 433 
293 433 434 
294 434 435 
295 435 436 
296 436 437 
297 437 438 
298 438 439 
299 439 440 
300 440 1 
1 5 1 48
301 3 441 
302 441 442 
303 442 443 
304 443 444 
305 444 445 
306 445 446 
307 446 447 
308 447 448 
309 448 449 
310 449 450 
311 450 451 
312 451 452 
313 452 453 
314 453 454 
315 454 455 
316 455 456 
317 456 457 
318 457 458 
319 458 459 
320 459 460 
321 460 461 
322 461 462 
323 462 463 
324 463 464 
325 464 465 
326 465 466 
327 466 467 
328 467 468 
329 468 469 
330 469 470 
331 470 471 
332 471 472 
333 472 473 
334 473 474 
335 474 475 
336 475 476 
337 476 477 
338 477 478 
339 478 479 
340 479 480 
341 480 481 
342 481 482 
343 482 483 
344 483 484 
345 484 485 
346 485 486 
347 486 487 
348 487 4 
1 7 1 48
349 7 547 
350 547 548 
351 548 549 
352 549 550 
353 550 551 
354 551 552 
355 552 553 
356 553 554 
357 554 555 
358 555 556 
359 556 557 
360 557 558 
361 558 559 
362 559 560 
363 560 561 
364 561 562 
365 562 563 
366 563 564 
367 564 565 
368 565 566 
369 566 567 
370 567 568 
371 568 569 
372 569 570 
373 570 571 
374 571 572 
375 572 573 
376 573 574 
377 574 575 
378 575 576 
379 576 577 
380 577 578 
381 578 579 
382 579 580 
383 580 581 
384 581 582 
385 582 583 
386 583 584 
387 584 585 
388 585 586 
389 586 587 
390 587 588 
391 588 589 
392 589 590 
393 590 591 
394 591 592 
395 592 593 
396 593 8 
1 8 1 10
397 4 594 
398 594 595 
399 595 596 
400 596 597 
401 597 598 
402 598 599 
403 599 600 
404 600 601 
405 601 602 
406 602 5 
1 9 1 60
407 5 603 
408 603 604 
409 604 605 
410 605 606 
411 606 607 
412 607 608 
413 608 609 
414 609 610 
415 610 611 
416 611 612 
417 612 613 
418 613 614 
419 614 615 
420 615 616 
421 616 617 
422 617 618 
423 618 619 
424 619 620 
425 620 621 
426 621 622 
427 622 623 
428 623 624 
429 624 625 
430 625 626 
431 626 627 
432 627 628 
433 628 629 
434 629 630 
435 630 631 
436 631 632 
437 632 633 
438 633 634 
439 634 635 
440 635 636 
441 636 637 
442 637 638 
443 638 639 
444 639 640 
445 640 641 
446 641 642 
447 642 643 
448 643 644 
449 644 645 
450 645 646 
451 646 647 
452 647 648 
453 648 649 
454 649 650 
455 650 651 
456 651 652 
457 652 653 
458 653 654 
459 654 655 
460 655 656 
461 656 657 
462 657 658 
463 658 659 
464 659 660 
465 660 661 
466 661 6 
1 10 1 10
467 6 662 
468 662 663 
469 663 664 
470 664 665 
471 665 666 
472 666 667 
473 667 668 
474 668 669 
475 669 670 
476 670 7 
1 1000 1 5
477 9 671 
478 671 672 
479 672 673 
480 673 674 
481 674 10 
1 1001 1 5
482 10 675 
483 675 676 
484 676 677 
485 677 678 
486 678 11 
1 1002 1 5
487 11 679 
488 679 680 
489 680 681 
490 681 682 
491 682 12 
1 1003 1 5
492 12 683 
493 683 684 
494 684 685 
495 685 686 
496 686 9 
1 1004 1 5
497 13 687 
498 687 688 
499 688 689 
500 689 690 
501 690 14 
1 1005 1 5
502 14 691 
503 691 692 
504 692 693 
505 693 694 
506 694 15 
1 1006 1 5
507 15 695 
508 695 696 
509 696 697 
510 697 698 
511 698 16 
1 1007 1 5
512 16 699 
513 699 700 
514 700 701 
515 701 702 
516 702 13 
1 1008 1 5
517 17 703 
518 703 704 
519 704 705 
520 705 706 
521 706 18 
1 1009 1 6
522 18 707 
523 707 708 
524 708 709 
525 709 710 
526 710 711 
527 711 19 
1 1010 1 5
528 19 712 
529 712 713 
530 713 714 
531 714 715 
532 715 20 
1 1011 1 5
533 20 716 
534 716 717 
535 717 718 
536 718 719 
537 719 17 
1 1012 1 4
538 21 720 
539 720 721 
540 721 722 
541 722 22 
1 1013 1 5
542 22 723 
543 723 724 
544 724 725 
545 725 726 
546 726 23 
1 1014 1 4
547 23 727 
548 727 728 
549 728 729 
550 729 24 
1 1015 1 5
551 24 730 
552 730 731 
553 731 732 
554 732 733 
555 733 21 
1 1016 1 5
556 25 734 
557 734 735 
558 735 736 
559 736 737 
560 737 26 
1 1017 1 5
561 26 738 
562 738 739 
563 739 740 
564 740 741 
565 741 27 
1 1018 1 5
566 27 742 
567 742 743 
568 743 744 
569 744 745 
570 745 28 
1 1019 1 5
571 28 746 
572 746 747 
573 747 748 
574 748 749 
575 749 25 
1 1020 1 5
576 29 750 
577 750 751 
578 751 752 
579 752 753 
580 753 30 
1 1021 1 5
581 30 754 
582 754 755 
583 755 756 
584 756 757 
585 757 31 
1 1022 1 5
586 31 758 
587 758 759 
588 759 760 
589 760 761 
590 761 32 
1 1023 1 5
591 32 762 
592 762 763 
593 763 764 
594 764 765 
595 765 29 
1 1024 1 5
596 33 766 
597 766 767 
598 767 768 
599 768 769 
600 769 34 
1 1025 1 5
601 34 770 
602 770 771 
603 771 772 
604 772 773 
605 773 35 
1 1026 1 5
606 35 774 
607 774 775 
608 775 776 
609 776 777 
610 777 36 
1 1027 1 5
611 36 778 
612 778 779 
613 779 780 
614 780 781 
615 781 33 
1 1028 1 6
616 37 782 
617 782 783 
618 783 784 
619 784 785 
620 785 786 
621 786 38 
1 1029 1 5
622 38 787 
623 787 788 
624 788 789 
625 789 790 
626 790 39 
1 1030 1 6
627 39 791 
628 791 792 
629 792 793 
630 793 794 
631 794 795 
632 795 40 
1 1031 1 5
633 40 796 
634 796 797 
635 797 798 
636 798 799 
637 799 37 
1 1032 1 6
638 41 800 
639 800 801 
640 801 802 
641 802 803 
642 803 804 
643 804 42 
1 1033 1 5
644 42 805 
645 805 806 
646 806 807 
647 807 808 
648 808 43 
1 1034 1 6
649 43 809 
650 809 810 
651 810 811 
652 811 812 
653 812 813 
654 813 44 
1 1035 1 6
655 44 814 
656 814 815 
657 815 816 
658 816 817 
659 817 818 
660 818 41 
1 1036 1 6
661 45 819 
662 819 820 
663 820 821 
664 821 822 
665 822 823 
666 823 46 
1 1037 1 5
667 46 824 
668 824 825 
669 825 826 
670 826 827 
671 827 47 
1 1038 1 6
672 47 828 
673 828 829 
674 829 830 
675 830 831 
676 831 832 
677 832 48 
1 1039 1 5
678 48 833 
679 833 834 
680 834 835 
681 835 836 
682 836 45 
1 1040 1 5
683 49 837 
684 837 838 
685 838 839 
686 839 840 
687 840 50 
1 1041 1 5
688 50 841 
689 841 842 
690 842 843 
691 843 844 
692 844 51 
1 1042 1 6
693 51 845 
694 845 846 
695 846 847 
696 847 848 
697 848 849 
698 849 52 
1 1043 1 5
699 52 850 
700 850 851 
701 851 852 
702 852 853 
703 853 49 
1 1044 1 6
704 53 854 
705 854 855 
706 855 856 
707 856 857 
708 857 858 
709 858 54 
1 1045 1 5
710 54 859 
711 859 860 
712 860 861 
713 861 862 
714 862 55 
1 1046 1 6
715 55 863 
716 863 864 
717 864 865 
718 865 866 
719 866 867 
720 867 56 
1 1047 1 6
721 56 868 
722 868 869 
723 869 870 
724 870 871 
725 871 872 
726 872 53 
1 1048 1 6
727 57 873 
728 873 874 
729 874 875 
730 875 876 
731 876 877 
732 877 58 
1 1049 1 6
733 58 878 
734 878 879 
735 879 880 
736 880 881 
737 881 882 
738 882 59 
1 1050 1 6
739 59 883 
740 883 884 
741 884 885 
742 885 886 
743 886 887 
744 887 60 
1 1051 1 6
745 60 888 
746 888 889 
747 889 890 
748 890 891 
749 891 892 
750 892 57 
1 1052 1 4
751 61 893 
752 893 894 
753 894 895 
754 895 62 
1 1053 1 5
755 62 896 
756 896 897 
757 897 898 
758 898 899 
759 899 63 
1 1054 1 4
760 63 900 
761 900 901 
762 901 902 
763 902 64 
1 1055 1 5
764 64 903 
765 903 904 
766 904 905 
767 905 906 
768 906 61 
1 1056 1 5
769 65 907 
770 907 908 
771 908 909 
772 909 910 
773 910 66 
1 1057 1 5
774 66 911 
775 911 912 
776 912 913 
777 913 914 
778 914 67 
1 1058 1 5
779 67 915 
780 915 916 
781 916 917 
782 917 918 
783 918 68 
1 1059 1 5
784 68 919 
785 919 920 
786 920 921 
787 921 922 
788 922 65 
1 1060 1 5
789 69 923 
790 923 924 
791 924 925 
792 925 926 
793 926 70 
1 1061 1 5
794 70 927 
795 927 928 
796 928 929 
797 929 930 
798 930 71 
1 1062 1 5
799 71 931 
800 931 932 
801 932 933 
802 933 934 
803 934 72 
1 1063 1 5
804 72 935 
805 935 936 
806 936 937 
807 937 938 
808 938 69 
1 1064 1 4
809 73 939 
810 939 940 
811 940 941 
812 941 74 
1 1065 1 5
813 74 942 
814 942 943 
815 943 944 
816 944 945 
817 945 75 
1 1066 1 4
818 75 946 
819 946 947 
820 947 948 
821 948 76 
1 1067 1 5
822 76 949 
823 949 950 
824 950 951 
825 951 952 
826 952 73 
1 1068 1 4
827 77 953 
828 953 954 
829 954 955 
830 955 78 
1 1069 1 4
831 78 956 
832 956 957 
833 957 958 
834 958 79 
1 1070 1 5
835 79 959 
836 959 960 
837 960 961 
838 961 962 
839 962 80 
1 1071 1 4
840 80 963 
841 963 964 
842 964 965 
843 965 77 
1 1072 1 5
844 81 966 
845 966 967 
846 967 968 
847 968 969 
848 969 82 
1 1073 1 5
849 82 970 
850 970 971 
851 971 972 
852 972 973 
853 973 83 
1 1074 1 5
854 83 974 
855 974 975 
856 975 976 
857 976 977 
858 977 84 
1 1075 1 5
859 84 978 
860 978 979 
861 979 980 
862 980 981 
863 981 81 
1 1076 1 5
864 85 982 
865 982 983 
866 983 984 
867 984 985 
868 985 86 
1 1077 1 5
869 86 986 
870 986 987 
871 987 988 
872 988 989 
873 989 87 
1 1078 1 5
874 87 990 
875 990 991 
876 991 992 
877 992 993 
878 993 88 
1 1079 1 5
879 88 994 
880 994 995 
881 995 996 
882 996 997 
883 997 85 
1 1080 1 5
884 89 998 
885 998 999 
886 999 1000 
887 1000 1001 
888 1001 90 
1 1081 1 5
889 90 1002 
890 1002 1003 
891 1003 1004 
892 1004 1005 
893 1005 91 
1 1082 1 5
894 91 1006 
895 1006 1007 
896 1007 1008 
897 1008 1009 
898 1009 92 
1 1083 1 5
899 92 1010 
900 1010 1011 
901 1011 1012 
902 1012 1013 
903 1013 89 
1 1084 1 5
904 93 1014 
905 1014 1015 
906 1015 1016 
907 1016 1017 
908 1017 94 
1 1085 1 6
909 94 1018 
910 1018 1019 
911 1019 1020 
912 1020 1021 
913 1021 1022 
914 1022 95 
1 1086 1 5
915 95 1023 
916 1023 1024 
917 1024 1025 
918 1025 1026 
919 1026 96 
1 1087 1 6
920 96 1027 
921 1027 1028 
922 1028 1029 
923 1029 1030 
924 1030 1031 
925 1031 93 
1 1088 1 5
926 97 1032 
927 1032 1033 
928 1033 1034 
929 1034 1035 
930 1035 98 
1 1089 1 6
931 98 1036 
932 1036 1037 
933 1037 1038 
934 1038 1039 
935 1039 1040 
936 1040 99 
1 1090 1 5
937 99 1041 
938 1041 1042 
939 1042 1043 
940 1043 1044 
941 1044 100 
1 1091 1 6
942 100 1045 
943 1045 1046 
944 1046 1047 
945 1047 1048 
946 1048 1049 
947 1049 97 
1 1092 1 5
948 101 1050 
949 1050 1051 
950 1051 1052 
951 1052 1053 
952 1053 102 
1 1093 1 6
953 102 1054 
954 1054 1055 
955 1055 1056 
956 1056 1057 
957 1057 1058 
958 1058 103 
1 1094 1 5
959 103 1059 
960 1059 1060 
961 1060 1061 
962 1061 1062 
963 1062 104 
1 1095 1 6
964 104 1063 
965 1063 1064 
966 1064 1065 
967 1065 1066 
968 1066 1067 
969 1067 101 
1 1096 1 6
970 105 1068 
971 1068 1069 
972 1069 1070 
973 1070 1071 
974 1071 1072 
975 1072 106 
1 1097 1 6
976 106 1073 
977 1073 1074 
978 1074 1075 
979 1075 1076 
980 1076 1077 
981 1077 107 
1 1098 1 6
982 107 1078 
983 1078 1079 
984 1079 1080 
985 1080 1081 
986 1081 1082 
987 1082 108 
1 1099 1 6
988 108 1083 
989 1083 1084 
990 1084 1085 
991 1085 1086 
992 1086 1087 
993 1087 105 
1 1100 1 6
994 109 1088 
995 1088 1089 
996 1089 1090 
997 1090 1091 
998 1091 1092 
999 1092 110 
1 1101 1 5
1000 110 1093 
1001 1093 1094 
1002 1094 1095 
1003 1095 1096 
1004 1096 111 
1 1102 1 6
1005 111 1097 
1006 1097 1098 
1007 1098 1099 
1008 1099 1100 
1009 1100 1101 
1010 1101 112 
1 1103 1 5
1011 112 1102 
1012 1102 1103 
1013 1103 1104 
1014 1104 1105 
1015 1105 109 
1 1104 1 6
1016 113 1106 
1017 1106 1107 
1018 1107 1108 
1019 1108 1109 
1020 1109 1110 
1021 1110 114 
1 1105 1 5
1022 114 1111 
1023 1111 1112 
1024 1112 1113 
1025 1113 1114 
1026 1114 115 
1 1106 1 6
1027 115 1115 
1028 1115 1116 
1029 1116 1117 
1030 1117 1118 
1031 1118 1119 
1032 1119 116 
1 1107 1 5
1033 116 1120 
1034 1120 1121 
1035 1121 1122 
1036 1122 1123 
1037 1123 113 
1 1108 1 5
1038 117 1124 
1039 1124 1125 
1040 1125 1126 
1041 1126 1127 
1042 1127 118 
1 1109 1 5
1043 118 1128 
1044 1128 1129 
1045 1129 1130 
1046 1130 1131 
1047 1131 119 
1 1110 1 5
1048 119 1132 
1049 1132 1133 
1050 1133 1134 
1051 1134 1135 
1052 1135 120 
1 1111 1 5
1053 120 1136 
1054 1136 1137 
1055 1137 1138 
1056 1138 1139 
1057 1139 117 
1 1112 1 5
1058 121 1140 
1059 1140 1141 
1060 1141 1142 
1061 1142 1143 
1062 1143 122 
1 1113 1 5
1063 122 1144 
1064 1144 1145 
1065 1145 1146 
1066 1146 1147 
1067 1147 123 
1 1114 1 5
1068 123 1148 
1069 1148 1149 
1070 1149 1150 
1071 1150 1151 
1072 1151 124 
1 1115 1 5
1073 124 1152 
1074 1152 1153 
1075 1153 1154 
1076 1154 1155 
1077 1155 121 
1 1116 1 6
1078 125 1156 
1079 1156 1157 
1080 1157 1158 
1081 1158 1159 
1082 1159 1160 
1083 1160 126 
1 1117 1 6
1084 126 1161 
1085 1161 1162 
1086 1162 1163 
1087 1163 1164 
1088 1164 1165 
1089 1165 127 
1 1118 1 6
1090 127 1166 
1091 1166 1167 
1092 1167 1168 
1093 1168 1169 
1094 1169 1170 
1095 1170 128 
1 1119 1 6
1096 128 1171 
1097 1171 1172 
1098 1172 1173 
1099 1173 1174 
1100 1174 1175 
1101 1175 125 
1 1120 1 5
1102 129 1176 
1103 1176 1177 
1104 1177 1178 
1105 1178 1179 
1106 1179 130 
1 1121 1 5
1107 130 1180 
1108 1180 1181 
1109 1181 1182 
1110 1182 1183 
1111 1183 131 
1 1122 1 5
1112 131 1184 
1113 1184 1185 
1114 1185 1186 
1115 1186 1187 
1116 1187 132 
1 1123 1 5
1117 132 1188 
1118 1188 1189 
1119 1189 1190 
1120 1190 1191 
1121 1191 129 
1 1124 1 5
1122 133 1192 
1123 1192 1193 
1124 1193 1194 
1125 1194 1195 
1126 1195 134 
1 1125 1 5
1127 134 1196 
1128 1196 1197 
1129 1197 1198 
1130 1198 1199 
1131 1199 135 
1 1126 1 5
1132 135 1200 
1133 1200 1201 
1134 1201 1202 
1135 1202 1203 
1136 1203 136 
1 1127 1 5
1137 136 1204 
1138 1204 1205 
1139 1205 1206 
1140 1206 1207 
1141 1207 133 
1 1128 1 5
1142 137 1208 
1143 1208 1209 
1144 1209 1210 
1145 1210 1211 
1146 1211 138 
1 1129 1 5
1147 138 1212 
1148 1212 1213 
1149 1213 1214 
1150 1214 1215 
1151 1215 139 
1 1130 1 5
1152 139 1216 
1153 1216 1217 
1154 1217 1218 
1155 1218 1219 
1156 1219 140 
1 1131 1 5
1157 140 1220 
1158 1220 1221 
1159 1221 1222 
1160 1222 1223 
1161 1223 137 
1 1132 1 5
1162 141 1224 
1163 1224 1225 
1164 1225 1226 
1165 1226 1227 
1166 1227 142 
1 1133 1 5
1167 142 1228 
1168 1228 1229 
1169 1229 1230 
1170 1230 1231 
1171 1231 143 
1 1134 1 5
1172 143 1232 
1173 1232 1233 
1174 1233 1234 
1175 1234 1235 
1176 1235 144 
1 1135 1 5
1177 144 1236 
1178 1236 1237 
1179 1237 1238 
1180 1238 1239 
1181 1239 141 
2 201 2 7715
1182 2329 2030 2864 
1183 2715 3237 3271 
1184 3224 1399 3913 
1185 1434 3066 3067 
1186 1861 1132 2150 
1187 1758 3048 3049 
1188 2696 1469 2846 
1189 3609 2385 4236 
1190 1271 1888 3060 
1191 1041 99 1877 
1192 1930 1331 1931 
1193 1327 2097 2897 
1194 3490 2584 3683 
1195 2228 937 3590 
1196 3511 3740 4193 
1197 1015 2227 2673 
1198 2752 1417 3358 
1199 2225 1031 2375 
1200 2252 3350 3394 
1201 1843 2950 3104 
1202 2820 2407 3531 
1203 2280 1163 3570 
1204 2792 758 3480 
1205 2136 1784 4085 
1206 2225 2375 3107 
1207 770 1867 2733 
1208 2163 1613 3737 
1209 1509 1049 3932 
1210 2986 2157 3434 
1211 1287 2755 2865 
1212 2287 1236 3877 
1213 1296 2271 2378 
1214 1035 1519 2625 
1215 2176 2175 3112 
1216 2831 1587 3064 
1217 1527 2683 2684 
1218 1347 2459 3033 
1219 110 1790 2764 
1220 1598 3519 3554 
1221 2354 2492 3230 
1222 3350 2625 3394 
1223 1830 1344 1831 
1224 1850 1511 1851 
1225 1943 2445 2824 
1226 74 1506 1772 
1227 2360 1043 3665 
1228 3230 2492 4089 
1229 2018 1755 3730 
1230 1758 1325 3048 
1231 1041 1877 3438 
1232 1801 1288 1802 
1233 1124 2018 2019 
1234 2670 2399 4021 
1235 2618 1099 2756 
1236 1434 3065 3066 
1237 3322 2847 3368 
1238 1827 1425 2329 
1239 1348 2002 2003 
1240 1559 2225 2226 
1241 1802 1805 2868 
1242 2629 3609 4236 
1243 2381 2944 3687 
1244 1246 2758 3738 
1245 2003 2831 3064 
1246 1324 3092 3111 
1247 2253 674 3713 
1248 2140 2998 3848 
1249 1527 88 2683 
1250 1361 2255 3070 
1251 2142 1313 2143 
1252 1399 3224 3844 
1253 1330 3322 3368 
1254 2783 2441 3983 
1255 2801 2796 3292 
1256 2109 2953 3351 
1257 2265 2939 2942 
1258 1512 2851 3941 
1259 2755 1287 2866 
1260 2663 1312 2664 
1261 2394 1545 2964 
1262 816 1311 2885 
1263 3291 2592 3341 
1264 2616 2894 3545 
1265 748 2635 3522 
1266 1071 3504 3615 
1267 1465 1943 3097 
1268 1106 1312 2663 
1269 1261 2970 2972 
1270 1852 2331 2900 
1271 2932 1364 3134 
1272 2326 696 3654 
1273 1417 1045 2993 
1274 2805 1852 2900 
1275 3001 1362 3705 
1276 2954 770 4354 
1277 1403 3175 3176 
1278 2330 2922 3116 
1279 2167 1395 2747 
1280 1532 140 2694 
1281 2408 1200 2799 
1282 2625 1519 3394 
1283 2426 1267 2889 
1284 2176 3112 3747 
1285 1435 2351 2945 
1286 4039 3807 4218 
1287 3198 2136 4085 
1288 2444 3052 3836 
1289 2815 1599 3390 
1290 2233 2966 3787 
1291 2751 1579 4304 
1292 2922 1505 3116 
1293 1587 2831 4142 
1294 2270 2804 3537 
1295 3582 2058 4090 
1296 689 1327 2897 
1297 1476 721 3957 
1298 1218 1959 3761 
1299 1748 2820 3531 
1300 2384 254 3472 
1301 2529 2140 3848 
1302 2881 2715 3271 
1303 2240 2239 3607 
1304 92 1425 1827 
1305 2764 1790 2768 
1306 2399 2789 4021 
1307 1133 1132 1861 
1308 2227 3085 3552 
1309 2642 3582 4090 
1310 2635 748 4265 
1311 1910 3119 3379 
1312 1971 1275 1972 
1313 2987 2986 3434 
1314 2758 1246 3765 
1315 2269 2747 2800 
1316 2233 2778 2966 
1317 2177 1598 3554 
1318 2967 1292 3980 
1319 3004 2432 3752 
1320 1772 1506 1862 
1321 2618 2756 3974 
1322 2923 2498 3045 
1323 2014 1061 2020 
1324 2322 739 2553 
1325 1296 1054 2271 
1326 2245 801 3670 
1327 896 62 2425 
1328 1069 256 257 
1329 2780 2398 3953 
1330 811 1308 2682 
1331 3325 2282 3458 
1332 1296 2378 2499 
1333 2306 2883 2997 
1334 2187 1318 2342 
1335 1733 2881 3271 
1336 2749 1365 4203 
1337 3175 1403 3381 
1338 3092 2563 3111 
1339 2960 1573 3144 
1340 2095 687 2738 
1341 2171 3532 3602 
1342 1535 2801 3292 
1343 1083 2465 3899 
1344 1869 1598 2177 
1345 1406 2911 3007 
1346 3267 1302 4010 
1347 23 1598 1869 
1348 2731 2232 3323 
1349 47 1410 2779 
1350 3027 2170 3624 
1351 1559 93 2225 
1352 2898 3080 3188 
1353 2124 1608 2416 
1354 1514 2266 2810 
1355 3324 2282 3325 
1356 2407 1416 2771 
1357 2003 2002 2831 
1358 2364 2832 3541 
1359 1261 2972 4187 
1360 1801 1802 2868 
1361 1348 999 2002 
1362 1049 1048 3932 
1363 2329 2864 3689 
1364 802 1331 1930 
1365 905 2275 3919 
1366 143 1231 3929 
1367 2824 2445 3842 
1368 2239 3195 3607 
1369 3532 2984 3602 
1370 770 34 1867 
1371 2331 832 3826 
1372 2232 2731 3592 
1373 1570 19 2884 
1374 2811 3175 3381 
1375 960 1288 1801 
1376 964 1344 1830 
1377 3517 2967 3980 
1378 817 816 2885 
1379 2306 1570 2882 
1380 2801 948 4052 
1381 1313 30 2965 
1382 1425 2030 2329 
1383 1183 2772 4113 
1384 1586 695 3071 
1385 1124 117 2018 
1386 1306 1137 2786 
1387 1090 1511 1850 
1388 2306 2882 2883 
1389 3188 3080 3781 
1390 1373 2990 3278 
1391 832 831 3826 
1392 1403 3176 3298 
1393 1924 1216 3096 
1394 2290 2696 2846 
1395 2040 1319 2041 
1396 2900 2331 3181 
1397 2294 2960 3144 
1398 3740 2617 4193 
1399 1356 1082 2735 
1400 2851 3274 3941 
1401 1544 1153 2717 
1402 2894 1625 3846 
1403 2795 3000 3732 
1404 786 1333 2691 
1405 3040 2806 3707 
1406 3963 3525 4313 
1407 114 1110 2223 
1408 2259 2859 3615 
1409 2852 1430 4016 
1410 1365 2749 3286 
1411 3036 22 3571 
1412 77 1928 3807 
1413 2848 1911 3117 
1414 2458 2316 3363 
1415 1754 3103 3143 
1416 3780 2203 3789 
1417 102 1053 2355 
1418 1373 3278 3279 
1419 1544 2717 2718 
1420 2431 2165 2896 
1421 1381 2973 2975 
1422 1415 2205 2395 
1423 2677 3001 3705 
1424 1409 2817 3329 
1425 123 1147 3903 
1426 3103 2643 3143 
1427 3134 1364 3528 
1428 2078 898 2079 
1429 1381 2975 2979 
1430 1218 1217 1959 
1431 341 342 3124 
1432 1859 77 3807 
1433 1046 1417 2752 
1434 1114 2741 4016 
1435 2864 1798 3689 
1436 3347 3378 3670 
1437 2441 2783 4442 
1438 2498 2923 3904 
1439 2977 2978 3231 
1440 905 904 2275 
1441 3091 1303 3114 
1442 4004 2852 4016 
1443 1177 2405 4098 
1444 1532 2694 3873 
1445 2337 1160 2380 
1446 3237 2715 3337 
1447 3253 3254 3818 
1448 2196 2928 3890 
1449 1943 2824 3454 
1450 2553 739 3055 
1451 2065 1089 3720 
1452 1996 2000 3029 
1453 3027 761 3663 
1454 114 2223 4007 
1455 2332 1793 2333 
1456 896 2425 4290 
1457 3628 3465 3977 
1458 3486 748 3522 
1459 2779 1410 2915 
1460 1103 2323 3917 
1461 2395 2908 4057 
1462 1231 2123 3929 
1463 2859 2259 3560 
1464 2499 2378 3335 
1465 1273 3291 3341 
1466 1015 1014 2227 
1467 2407 2820 4375 
1468 2434 1029 2748 
1469 3076 2018 3730 
1470 1302 3267 3633 
1471 2290 2846 2847 
1472 784 2210 3030 
1473 886 2297 3908 
1474 2337 2380 2822 
1475 1962 25 3324 
1476 1203 2550 3980 
1477 1331 801 2245 
1478 1417 2993 3010 
1479 948 1458 4052 
1480 888 1608 2124 
1481 1950 1298 1951 
1482 1181 1545 2394 
1483 3223 2307 3625 
1484 769 768 1963 
1485 3012 1241 3302 
1486 2978 1555 3231 
1487 2398 2780 3762 
1488 1435 2945 3459 
1489 2227 2927 3085 
1490 761 760 3663 
1491 2691 1333 2693 
1492 784 783 2210 
1493 71 3963 4313 
1494 2140 2124 2516 
1495 3041 3040 3707 
1496 734 25 1962 
1497 2842 2325 3523 
1498 2068 2917 3392 
1499 771 770 2954 
1500 2570 2919 3816 
1501 1914 2591 3647 
1502 2673 2227 3552 
1503 2734 1330 3597 
1504 3010 2463 3358 
1505 2139 2542 3286 
1506 754 1313 2142 
1507 804 803 2168 
1508 2448 1025 2656 
1509 3069 3027 3624 
1510 2767 3224 3913 
1511 1896 1894 3327 
1512 1511 1089 2065 
1513 1625 1635 3846 
1514 3071 695 3735 
1515 937 2390 3590 
1516 769 1963 3739 
1517 2689 3816 4393 
1518 2840 3882 4031 
1519 1103 1102 2323 
1520 3687 2944 4163 
1521 2935 2251 2936 
1522 2169 123 3903 
1523 2487 856 2594 
1524 2325 2842 3788 
1525 3343 1372 3349 
1526 2476 3182 3899 
1527 2689 2570 3816 
1528 1356 2735 3120 
1529 1190 1189 4081 
1530 1234 1275 1971 
1531 2915 1410 2981 
1532 1330 2734 3322 
1533 804 2168 3854 
1534 1469 2696 3714 
1535 2917 2496 3392 
1536 1189 2450 4081 
1537 1091 1850 2536 
1538 2227 1559 2927 
1539 2809 1430 4232 
1540 3051 3047 4015 
1541 1599 2896 3390 
1542 2035 2777 3137 
1543 2218 838 2219 
1544 2772 1183 4272 
1545 758 2792 4478 
1546 1430 2852 4232 
1547 115 1430 2809 
1548 2020 1061 3787 
1549 96 1347 3033 
1550 3436 1314 3863 
1551 2395 2205 2908 
1552 2822 2380 4274 
1553 1949 4101 4115 
1554 2019 3490 3683 
1555 1965 1317 2855 
1556 1061 1060 3787 
1557 1772 1862 2343 
1558 2321 3591 3687 
1559 2255 2427 3070 
1560 2882 1570 2884 
1561 740 739 2322 
1562 3052 3115 3836 
1563 2638 3652 3822 
1564 3449 3102 3974 
1565 3000 3501 3732 
1566 3286 2542 4392 
1567 1536 3321 4076 
1568 2510 2511 2985 
1569 75 1793 2332 
1570 256 1069 4106 
1571 1577 3130 3814 
1572 1401 84 2886 
1573 824 1395 2167 
1574 874 2670 4021 
1575 4101 2769 4115 
1576 2682 1308 3816 
1577 3168 3780 3789 
1578 1151 3461 3849 
1579 1209 1208 4005 
1580 2426 2889 4282 
1581 1163 1247 3570 
1582 2925 11 3906 
1583 2394 2964 3467 
1584 1306 2786 2935 
1585 1765 2816 3006 
1586 3073 1386 3418 
1587 2850 1535 3292 
1588 1518 947 3986 
1589 29 1298 1950 
1590 1043 1987 3665 
1591 1237 1236 2287 
1592 1030 1029 2434 
1593 342 1260 3124 
1594 2795 1320 3000 
1595 2432 3549 3752 
1596 1638 2402 3044 
1597 886 885 2297 
1598 3335 1618 3758 
1599 2463 3010 3851 
1600 3547 3587 3910 
1601 112 1101 3736 
1602 1430 1114 4016 
1603 1284 1144 2819 
1604 3005 3475 3885 
1605 1433 848 2620 
1606 2347 975 2522 
1607 2441 3531 3983 
1608 2355 1053 3605 
1609 2796 1881 3803 
1610 2987 1482 3439 
1611 1388 909 2806 
1612 1949 1188 4101 
1613 2566 1104 4072 
1614 685 1319 2040 
1615 2536 1850 3794 
1616 721 720 3957 
1617 3104 2950 3651 
1618 3106 1521 4206 
1619 1467 16 2994 
1620 2492 1624 4012 
1621 688 687 2095 
1622 1236 1418 3877 
1623 3033 2459 3034 
1624 2794 2795 3642 
1625 10 674 2253 
1626 1130 1271 3060 
1627 749 748 3486 
1628 1062 1061 2014 
1629 1960 2661 3996 
1630 899 898 2078 
1631 3401 3402 4275 
1632 2727 3084 3824 
1633 1320 795 3000 
1634 3351 2953 4199 
1635 1415 724 2205 
1636 2343 1862 2992 
1637 2646 3106 4206 
1638 2969 2001 3208 
1639 3088 2275 3594 
1640 1139 1138 2509 
1641 2810 2266 2811 
1642 1845 3449 3974 
1643 732 731 2089 
1644 982 85 2952 
1645 796 40 2194 
1646 950 949 2320 
1647 774 35 2277 
1648 2399 2670 3790 
1649 2527 1250 2957 
1650 2759 3165 3166 
1651 2323 2555 4303 
1652 2612 3922 3961 
1653 3426 3408 3802 
1654 1579 2953 4304 
1655 1262 2893 3384 
1656 706 1579 2751 
1657 2777 2035 3135 
1658 3811 2627 3951 
1659 1383 2865 3227 
1660 2385 3401 4275 
1661 2939 2265 3949 
1662 3661 2441 4442 
1663 3255 3049 3631 
1664 2948 1279 3141 
1665 2997 1424 3510 
1666 2277 35 4001 
1667 1433 2620 3614 
1668 1467 2994 4362 
1669 2314 1142 2315 
1670 1235 1971 2600 
1671 3084 1305 3824 
1672 2390 1929 2894 
1673 1256 320 3304 
1674 4022 3094 4228 
1675 765 1435 3459 
1676 2626 3037 4539 
1677 2875 2191 3572 
1678 2816 1765 3005 
1679 2591 2324 2615 
1680 732 2089 3863 
1681 2001 2969 3209 
1682 2947 2728 3751 
1683 80 1406 3007 
1684 1867 2612 3961 
1685 1086 1613 2163 
1686 2209 2852 3002 
1687 2638 2477 3652 
1688 889 2124 2140 
1689 2928 3511 3890 
1690 1223 1318 2187 
1691 118 1638 3044 
1692 4074 1849 4157 
1693 1995 1996 3029 
1694 3575 2461 4195 
1695 2265 2942 2943 
1696 2191 2875 3757 
1697 990 87 2849 
1698 3642 2795 3700 
1699 3190 2539 3529 
1700 1422 2432 3004 
1701 1457 1083 3899 
1702 750 2574 4137 
1703 1624 3837 4012 
1704 2173 2856 4170 
1705 1208 2774 4005 
1706 2234 2298 3179 
1707 2808 3646 4421 
1708 3807 3806 4218 
1709 254 255 3472 
1710 2547 1871 2548 
1711 1429 3397 3775 
1712 3527 2323 4303 
1713 2800 2084 3595 
1714 2082 112 3736 
1715 2320 949 4066 
1716 2888 3436 3863 
1717 2433 761 3027 
1718 3788 1762 3950 
1719 2291 1123 2292 
1720 2260 4006 4013 
1721 43 808 3132 
1722 2402 2914 3044 
1723 2509 1138 4166 
1724 3475 3005 3958 
1725 22 722 3571 
1726 2000 3094 4022 
1727 3397 2829 3775 
1728 2776 1924 3096 
1729 2661 1960 3667 
1730 2742 2895 4067 
1731 2752 3358 4084 
1732 11 2835 3906 
1733 2074 1426 2920 
1734 1552 874 4021 
1735 696 1586 3654 
1736 81 981 2982 
1737 2080 2788 3171 
1738 1210 1355 2898 
1739 745 744 2263 
1740 2916 2333 3976 
1741 1235 2600 4080 
1742 1877 1878 3107 
1743 1097 2818 4252 
1744 2691 2693 3853 
1745 1277 2872 2874 
1746 3178 2054 3298 
1747 3097 1943 3454 
1748 3505 3697 3913 
1749 1864 2811 3381 
1750 1001 1000 2647 
1751 2165 799 3975 
1752 1284 2819 3015 
1753 859 1315 2827 
1754 730 24 3679 
1755 1247 3532 3533 
1756 2461 2460 4195 
1757 2908 1799 4057 
1758 43 3132 3515 
1759 770 2733 4354 
1760 1391 953 3797 
1761 1277 2874 3387 
1762 2924 1769 3181 
1763 3060 1888 3872 
1764 3807 4039 4082 
1765 2797 1941 3841 
1766 750 1950 2574 
1767 3302 1241 3808 
1768 2430 2855 4462 
1769 2981 4248 4346 
1770 2692 2691 3853 
1771 2788 2080 4544 
1772 2408 2799 4340 
1773 965 1830 3805 
1774 2813 1467 3684 
1775 796 2194 2195 
1776 841 50 2616 
1777 2807 4074 4157 
1778 1724 3383 4398 
1779 2977 3231 4321 
1780 2084 2800 3596 
1781 3254 1274 3818 
1782 2154 2863 3327 
1783 1388 2806 3040 
1784 2216 2849 3646 
1785 1941 2797 3842 
1786 2849 87 3646 
1787 2911 1406 4307 
1788 3821 1301 4110 
1789 2399 2078 2789 
1790 1512 708 2851 
1791 2178 2177 3082 
1792 45 836 3628 
1793 56 1468 2872 
1794 2519 2981 4346 
1795 839 838 2218 
1796 1292 1203 3980 
1797 2615 3788 3950 
1798 4188 2445 4233 
1799 2914 1532 3873 
1800 2263 744 3949 
1801 2856 2173 3986 
1802 2863 2154 3326 
1803 2784 1721 3482 
1804 3212 1724 4398 
1805 2802 941 3795 
1806 739 738 3055 
1807 2808 2982 3646 
1808 1026 1025 2448 
1809 913 1577 3814 
1810 2469 2466 3120 
1811 735 1769 2924 
1812 1613 3204 3737 
1813 3048 3047 3051 
1814 1038 1037 2931 
1815 1928 965 3805 
1816 2846 2433 3069 
1817 1180 130 3017 
1818 2827 1315 3577 
1819 1598 726 2303 
1820 1065 1064 2325 
1821 2554 2151 3077 
1822 1467 2813 4413 
1823 135 1413 2799 
1824 1247 3533 3570 
1825 891 2529 4010 
1826 1769 2900 3181 
1827 2832 2364 3809 
1828 2919 2570 4088 
1829 2982 981 3835 
1830 3122 2866 4058 
1831 113 1123 2291 
1832 2856 1547 4170 
1833 2936 2251 3653 
1834 2406 2407 4375 
1835 2169 2825 3608 
1836 1535 2850 4066 
1837 1959 3760 3761 
1838 3461 2611 3849 
1839 3006 3441 4549 
1840 4183 2537 4217 
1841 2854 1259 4280 
1842 2992 1513 3406 
1843 2396 2853 3604 
1844 2894 1929 3545 
1845 1366 2947 3751 
1846 1506 941 2802 
1847 2964 2023 3467 
1848 952 2321 3687 
1849 3535 2061 3714 
1850 1390 3299 3707 
1851 862 2928 3971 
1852 2333 2916 4174 
1853 953 1859 3797 
1854 30 753 2965 
1855 2781 789 4083 
1856 881 880 2274 
1857 674 1752 3713 
1858 2293 3223 3625 
1859 2799 1413 3097 
1860 2797 2824 3842 
1861 2825 2169 3730 
1862 3121 2866 3122 
1863 1364 854 2308 
1864 938 937 2228 
1865 126 1160 2337 
1866 2855 2430 3945 
1867 2202 2451 3013 
1868 1164 1163 2280 
1869 2182 1999 3209 
1870 1798 928 2922 
1871 2885 1311 4185 
1872 827 2775 4248 
1873 1001 2647 4500 
1874 3994 3668 4079 
1875 727 1869 2573 
1876 2411 3009 3784 
1877 3088 3594 3896 
1878 91 3638 3943 
1879 3179 2298 4029 
1880 1610 3547 3910 
1881 2695 2374 3219 
1882 2895 1822 4067 
1883 1416 129 2771 
1884 862 861 2928 
1885 28 1514 2810 
1886 2585 1368 2586 
1887 2462 2924 3181 
1888 2067 2066 2915 
1889 3300 2535 3557 
1890 1275 1233 3811 
1891 3882 1431 4031 
1892 3895 2903 4204 
1893 1397 2929 4056 
1894 2919 2682 3816 
1895 3759 2424 3871 
1896 2510 2985 4389 
1897 2022 3984 3990 
1898 3268 2692 3853 
1899 2872 1468 2873 
1900 2140 2516 2998 
1901 2528 2796 3803 
1902 1066 2324 2591 
1903 2692 3268 3848 
1904 2616 1625 2894 
1905 2314 2316 2458 
1906 1255 3236 3238 
1907 3182 1457 3899 
1908 1259 2854 3616 
1909 24 1821 3679 
1910 3061 2176 3063 
1911 2491 809 2506 
1912 2627 3052 3951 
1913 3107 1878 3627 
1914 2846 3069 4316 
1915 1083 108 2465 
1916 2512 2164 3038 
1917 3628 836 3685 
1918 727 2573 4046 
1919 2412 3628 3977 
1920 894 893 3992 
1921 1364 2308 3528 
1922 121 1155 3077 
1923 1598 2303 3519 
1924 2578 2787 4125 
1925 13 2626 4539 
1926 893 2166 3992 
1927 2537 1318 4217 
1928 1798 2864 4100 
1929 3760 2614 3761 
1930 675 1361 3070 
1931 1240 3895 4204 
1932 2393 3264 3561 
1933 3748 2420 4038 
1934 3300 2143 4085 
1935 1767 1921 3121 
1936 32 761 2433 
1937 1177 1176 2405 
1938 3130 1577 4320 
1939 315 3738 4108 
1940 697 696 2326 
1941 4006 2778 4013 
1942 2896 2165 3390 
1943 827 826 2775 
1944 3312 3478 3833 
1945 2849 2216 3955 
1946 3625 2887 3993 
1947 936 1929 2390 
1948 2510 1392 2511 
1949 1233 2627 3811 
1950 841 2616 4068 
1951 2375 2434 3438 
1952 1419 2528 2909 
1953 927 1505 2922 
1954 2268 2269 3555 
1955 1019 1018 2365 
1956 1186 2409 4197 
1957 1044 1043 2360 
1958 684 683 2657 
1959 2374 2372 3219 
1960 2195 2194 3351 
1961 3558 2596 4099 
1962 2414 3091 3114 
1963 1343 1140 3226 
1964 1072 1071 3615 
1965 2804 2270 3708 
1966 3555 2269 3595 
1967 2980 2238 3864 
1968 2945 2351 2955 
1969 976 975 2347 
1970 3113 2681 3380 
1971 3119 3111 3379 
1972 4103 3994 4386 
1973 2413 1546 2788 
1974 1911 2848 3731 
1975 947 946 3986 
1976 1038 2931 3843 
1977 2843 2600 3363 
1978 1313 2965 4283 
1979 2800 1395 4020 
1980 1263 3148 3149 
1981 1298 765 3459 
1982 1798 2922 3689 
1983 673 2572 4298 
1984 2817 1409 3655 
1985 2923 1553 3904 
1986 2742 2143 3300 
1987 2512 3817 4549 
1988 3161 3163 3164 
1989 1413 1465 3097 
1990 1354 3193 4484 
1991 3559 3311 3992 
1992 131 2887 3625 
1993 3300 3557 4510 
1994 3894 1672 3987 
1995 1634 773 2918 
1996 2596 3558 3984 
1997 3596 2800 4020 
1998 3321 1536 3893 
1999 799 798 3975 
2000 3176 3178 3298 
2001 2392 3994 4103 
2002 1634 2918 2962 
2003 2274 880 4055 
2004 1180 3017 4285 
2005 673 672 2572 
2006 1143 1142 2314 
2007 3058 2257 3377 
2008 1577 3825 4320 
2009 1186 1185 2409 
2010 3157 3153 3170 
2011 3085 1119 3552 
2012 3441 1270 4549 
2013 2269 2800 3595 
2014 3918 3254 3982 
2015 1529 3918 3982 
2016 1267 1227 2889 
2017 2657 683 4490 
2018 2507 1753 3125 
2019 851 2895 4510 
2020 1045 100 2993 
2021 2805 2900 4395 
2022 1197 1748 2441 
2023 1575 2637 3025 
2024 2867 234 4151 
2025 1225 1224 2907 
2026 1510 1637 3375 
2027 2249 3080 3081 
2028 234 2867 3928 
2029 1213 1212 2396 
2030 1423 3666 4037 
2031 2396 1212 4120 
2032 109 1753 2507 
2033 2898 1355 3080 
2034 2664 1312 3112 
2035 3117 1911 3196 
2036 2803 1277 3946 
2037 2166 3559 3992 
2038 3480 758 3783 
2039 1513 2959 3406 
2040 1166 2151 2554 
2041 3785 2674 3878 
2042 1188 132 4101 
2043 4071 3592 4501 
2044 3031 1244 3032 
2045 1279 2821 3871 
2046 2325 1064 4171 
2047 1093 110 2764 
2048 2841 2341 3698 
2049 2549 2053 2662 
2050 1034 1033 2493 
2051 3047 1620 4015 
2052 121 3077 4036 
2053 2155 2564 3203 
2054 2747 2269 3819 
2055 2697 4188 4233 
2056 2821 1279 4263 
2057 918 2546 4240 
2058 1114 1113 2741 
2059 897 1301 3821 
2060 2768 2769 3087 
2061 718 717 2534 
2062 3733 3654 3912 
2063 1105 1104 2566 
2064 3164 1256 4169 
2065 1281 2923 3045 
2066 3264 2025 3561 
2067 1017 1553 2923 
2068 4129 3079 4303 
2069 1229 1257 3144 
2070 2929 1397 3742 
2071 3378 2245 3670 
2072 2839 2840 4031 
2073 91 1005 3638 
2074 1894 2154 3327 
2075 918 917 2546 
2076 1203 1202 2550 
2077 37 1422 3004 
2078 3075 1343 3226 
2079 2561 1899 3011 
2080 1573 1230 3144 
2081 1252 1177 4098 
2082 2515 2837 3017 
2083 14 1421 2568 
2084 1339 3408 3426 
2085 1965 2855 3945 
2086 963 80 3007 
2087 3119 1910 3731 
2088 3020 1985 3566 
2089 2511 1392 3350 
2090 2171 3602 3820 
2091 1216 139 3096 
2092 2441 1748 3531 
2093 2644 3755 4190 
2094 2594 856 3828 
2095 3085 2927 4506 
2096 2787 2578 4186 
2097 2997 3510 4026 
2098 2811 1864 4003 
2099 3137 2777 4032 
2100 3552 2153 4319 
2101 1128 118 3044 
2102 2614 1896 3327 
2103 1721 2784 3885 
2104 3199 2987 3439 
2105 3266 2873 3779 
2106 1357 3190 3529 
2107 2232 3592 4071 
2108 2055 3085 4506 
2109 1955 3255 3631 
2110 1372 3343 3416 
2111 3073 3418 4102 
2112 2644 82 3755 
2113 3013 2451 3129 
2114 3172 1446 3303 
2115 757 1871 2547 
2116 138 2559 4120 
2117 162 3284 3860 
2118 1161 1322 2984 
2119 998 89 2569 
2120 2966 2020 3787 
2121 3280 3026 4324 
2122 3153 3157 4308 
2123 737 1472 3021 
2124 3152 1643 3170 
2125 1220 1532 3142 
2126 3831 3263 3866 
2127 1914 1067 2591 
2128 1174 1173 2480 
2129 2155 3203 4379 
2130 3817 2512 4133 
2131 2283 3465 3628 
2132 776 2605 4250 
2133 3188 2198 3618 
2134 1034 2493 4200 
2135 3193 1354 4487 
2136 2568 1421 3509 
2137 3224 2767 3540 
2138 3284 162 4207 
2139 2818 1097 3574 
2140 2499 3335 3758 
2141 725 1415 4156 
2142 2749 2139 3286 
2143 3690 2787 3708 
2144 2867 4151 4236 
2145 851 850 2895 
2146 1482 2987 3434 
2147 68 1368 2585 
2148 2930 845 3225 
2149 2578 2904 4186 
2150 1137 1136 2786 
2151 2518 1602 2519 
2152 3560 1431 3882 
2153 878 1517 2991 
2154 3278 2593 3279 
2155 4036 3077 4439 
2156 3144 1257 3881 
2157 3879 3440 4154 
2158 2486 784 3030 
2159 2922 2330 3689 
2160 3158 1264 4308 
2161 3006 2816 3441 
2162 1201 1200 2408 
2163 3226 1140 4036 
2164 2884 19 3995 
2165 2997 2883 3802 
2166 2952 85 3956 
2167 1221 4140 4217 
2168 2887 1183 4113 
2169 3079 4129 4500 
2170 1032 97 2740 
2171 2365 1018 4201 
2172 320 321 3304 
2173 1999 2001 3209 
2174 2853 2396 4120 
2175 3093 3894 3987 
2176 3454 2824 4007 
2177 3002 2852 4004 
2178 1196 134 2523 
2179 2865 1383 3804 
2180 2303 725 4156 
2181 3217 3399 3529 
2182 1817 2171 3820 
2183 3668 1825 4079 
2184 2431 2896 3306 
2185 2881 1733 3508 
2186 3476 1849 3477 
2187 2219 3511 4193 
2188 3153 3152 3170 
2189 2238 2980 3466 
2190 2887 364 3993 
2191 718 2534 3801 
2192 2902 1273 3341 
2193 3891 1451 3952 
2194 2639 2793 3926 
2195 1917 2276 3643 
2196 1263 3149 3150 
2197 3055 3195 4227 
2198 3703 3370 4073 
2199 3037 2626 4326 
2200 3783 31 3966 
2201 2999 2106 3759 
2202 1165 1303 3091 
2203 3647 2591 4213 
2204 1909 1905 3128 
2205 3231 3154 4321 
2206 3683 2584 4148 
2207 2053 1205 3969 
2208 2820 1748 4086 
2209 3353 3629 4472 
2210 1205 1530 3969 
2211 1222 1221 4217 
2212 1097 111 3574 
2213 2915 2066 3847 
2214 3151 1249 3154 
2215 2343 2992 3406 
2216 857 856 2487 
2217 1723 3506 3508 
2218 2407 2771 3983 
2219 916 1546 2413 
2220 912 911 2599 
2221 1824 3672 4466 
2222 3340 2823 3888 
2223 31 2547 3966 
2224 815 814 2668 
2225 796 2195 3667 
2226 2943 3405 3715 
2227 2151 127 3091 
2228 3506 2881 3508 
2229 364 2887 4113 
2230 2276 3519 3643 
2231 2912 3174 3938 
2232 1555 2978 3303 
2233 2917 2068 3589 
2234 1196 2523 4086 
2235 3574 111 3722 
2236 2660 704 2815 
2237 970 2644 3563 
2238 4093 3055 4227 
2239 59 882 2832 
2240 2285 3245 3543 
2241 2975 2977 2979 
2242 1870 3206 4341 
2243 2201 2961 4429 
2244 2696 3535 3714 
2245 2394 3467 3491 
2246 891 890 2529 
2247 1111 2443 4017 
2248 2384 3472 3942 
2249 1036 1392 2510 
2250 3137 4032 4542 
2251 776 775 2605 
2252 2910 3228 3355 
2253 1547 3612 4170 
2254 3113 3380 4065 
2255 2993 2543 3010 
2256 3738 2760 4108 
2257 810 809 2491 
2258 2821 3759 3871 
2259 3206 3709 4341 
2260 1587 2365 3064 
2261 3541 2832 3767 
2262 900 63 4128 
2263 994 2688 4289 
2264 1926 2908 4286 
2265 1751 3126 3581 
2266 2356 3225 3649 
2267 1104 1300 4072 
2268 3009 2411 3585 
2269 789 3800 4083 
2270 1611 3083 3223 
2271 3161 3162 3163 
2272 2756 3488 3974 
2273 3555 3280 4324 
2274 1317 767 2855 
2275 2176 3061 3872 
2276 3390 3975 3996 
2277 58 877 3834 
2278 3537 2804 4399 
2279 2859 3560 3882 
2280 2324 2325 3788 
2281 84 977 2886 
2282 1401 2886 4038 
2283 111 1096 3567 
2284 2181 2543 4136 
2285 1824 3215 3672 
2286 2287 3054 3857 
2287 2844 1418 4514 
2288 2181 4136 4180 
2289 3629 3353 3897 
2290 1206 2053 2549 
2291 264 2839 4031 
2292 3666 3930 4037 
2293 2600 2843 4514 
2294 2340 2339 3086 
2295 2897 2097 3886 
2296 3321 3743 4076 
2297 1599 2815 4328 
2298 3142 1532 4011 
2299 1623 1366 3751 
2300 1124 2019 3683 
2301 2466 1356 3120 
2302 2845 1328 4243 
2303 2839 264 4114 
2304 1532 2914 4011 
2305 2910 3355 3577 
2306 1170 1305 3084 
2307 2475 2469 3120 
2308 1620 691 2568 
2309 1328 2845 4241 
2310 1277 3387 3946 
2311 3174 2991 3938 
2312 16 698 2994 
2313 1006 2496 2917 
2314 1602 817 2885 
2315 1766 1767 3121 
2316 785 784 2486 
2317 98 1035 2625 
2318 1040 1039 2905 
2319 877 2155 3834 
2320 2627 1621 3052 
2321 3167 3765 4464 
2322 3049 3255 4315 
2323 2978 3172 3303 
2324 52 849 3934 
2325 2944 2381 4266 
2326 1193 1192 2582 
2327 3950 2309 4213 
2328 1112 1111 4017 
2329 2569 89 4382 
2330 3990 2834 4177 
2331 2771 1629 2783 
2332 3908 2879 4009 
2333 1250 1195 2957 
2334 3245 2285 3246 
2335 3984 2834 3990 
2336 1118 2153 3552 
2337 1365 2954 4203 
2338 1755 2825 3730 
2339 3504 2259 3615 
2340 797 796 3667 
2341 3351 2194 4467 
2342 2426 3879 4154 
2343 88 993 2683 
2344 3086 2718 3184 
2345 2027 3387 4034 
2346 3488 1845 3974 
2347 3471 4365 4412 
2348 2290 2847 3322 
2349 3167 3165 3765 
2350 1785 3068 3981 
2351 1273 2902 3674 
2352 2744 3658 3741 
2353 1418 2844 3877 
2354 1100 1099 2618 
2355 3011 870 4380 
2356 2209 3002 3003 
2357 3542 2430 4462 
2358 38 786 2691 
2359 3438 2434 3699 
2360 2359 3696 3940 
2361 820 819 2639 
2362 994 1527 2688 
2363 3399 3217 3673 
2364 2278 2951 3680 
2365 2517 3089 3227 
2366 2883 3426 3802 
2367 3384 2893 3920 
2368 3077 1155 4135 
2369 1302 891 4010 
2370 2924 2462 4109 
2371 2893 1262 3716 
2372 874 873 2670 
2373 1360 3908 4009 
2374 2447 3733 3912 
2375 2219 838 3890 
2376 1816 41 2518 
2377 3096 2662 4426 
2378 1242 3831 3866 
2379 2549 3990 4177 
2380 111 3567 3722 
2381 26 737 3021 
2382 1537 905 3919 
2383 2904 2578 4239 
2384 2831 2569 3564 
2385 1174 2480 4277 
2386 2982 2216 3646 
2387 1211 1210 2898 
2388 1284 3015 3539 
2389 1652 1671 3162 
2390 2220 3117 3196 
2391 3478 3312 3598 
2392 1212 138 4120 
2393 2656 2992 4385 
2394 2458 3363 3964 
2395 2980 1252 3466 
2396 4012 2947 4089 
2397 3627 1878 4103 
2398 2718 2720 3184 
2399 1144 122 2819 
2400 1349 3493 4238 
2401 3015 2453 3539 
2402 2652 2142 4067 
2403 2142 2742 4067 
2404 3653 1916 3921 
2405 1119 3085 4503 
2406 2853 2559 4059 
2407 2174 52 3934 
2408 871 870 3011 
2409 2539 3217 3529 
2410 2249 3081 4124 
2411 2984 1322 3602 
2412 2558 1349 4238 
2413 205 206 3298 
2414 1257 3008 3009 
2415 2341 2841 3790 
2416 2931 2510 4389 
2417 4039 2558 4082 
2418 2476 2638 3182 
2419 2812 700 4413 
2420 2178 3082 3801 
2421 1107 1106 2663 
2422 1324 925 3092 
2423 812 811 2682 
2424 3171 2788 4147 
2425 1575 3025 3026 
2426 1905 1904 3128 
2427 90 1475 2609 
2428 818 1602 2518 
2429 2989 2546 3028 
2430 3141 1279 3871 
2431 3299 2687 3707 
2432 1878 2392 4103 
2433 2612 2613 3328 
2434 312 3711 3845 
2435 2965 753 3892 
2436 2385 922 4236 
2437 1816 2518 3346 
2438 1816 3347 3670 
2439 2521 3296 3662 
2440 1881 2796 4052 
2441 2860 2962 4138 
2442 3432 1880 4070 
2443 2244 2929 4233 
2444 1015 2673 3617 
2445 3563 2644 4191 
2446 3068 3066 3981 
2447 3165 3163 3166 
2448 1281 3045 3046 
2449 1561 3757 3864 
2450 1524 992 3001 
2451 15 1757 3656 
2452 3236 1255 3276 
2453 921 2867 4236 
2454 3658 1836 3741 
2455 2787 833 3708 
2456 2796 2801 4052 
2457 1600 1615 3306 
2458 1047 1046 2752 
2459 2886 3748 4038 
2460 705 704 2660 
2461 2950 1843 4390 
2462 790 789 2781 
2463 3185 2639 3926 
2464 1921 2755 3121 
2465 909 908 2806 
2466 2956 1723 3494 
2467 2936 3653 3921 
2468 1378 3238 3337 
2469 1244 3031 3113 
2470 1880 2862 4070 
2471 2162 3294 3452 
2472 3114 3293 3366 
2473 1527 2684 2685 
2474 39 790 1309 
2475 858 1419 2909 
2476 828 47 2779 
2477 1651 1652 3162 
2478 1154 1544 2901 
2479 1628 1510 3375 
2480 3329 2817 3861 
2481 919 3553 3858 
2482 1294 2220 3196 
2483 1380 3180 3382 
2484 2983 1553 3617 
2485 1287 2865 3804 
2486 1913 3024 3075 
2487 1848 3785 3878 
2488 2678 2676 3040 
2489 1821 2483 3867 
2490 1426 805 2920 
2491 1713 3481 3494 
2492 1291 3221 4171 
2493 692 1620 3047 
2494 1098 1097 4252 
2495 3697 2766 3913 
2496 3530 1712 3569 
2497 1342 1050 2995 
2498 3024 1913 3054 
2499 2425 2544 3766 
2500 2368 3090 3640 
2501 3875 1335 3965 
2502 2815 3390 3996 
2503 2332 2856 3986 
2504 140 1219 2694 
2505 2074 2920 4344 
2506 2448 2656 3862 
2507 1256 3164 3931 
2508 2582 1192 3764 
2509 2961 2201 3613 
2510 3029 2000 4022 
2511 3481 2956 3494 
2512 3268 3267 4010 
2513 2831 3564 4142 
2514 2928 2196 3971 
2515 3218 2695 3219 
2516 1812 979 3629 
2517 690 689 2897 
2518 1153 1152 2717 
2519 2645 3875 3965 
2520 1232 1621 2627 
2521 1926 44 3911 
2522 4143 4159 4516 
2523 2990 1373 3448 
2524 2421 3346 4346 
2525 3422 2319 3633 
2526 2926 1096 4299 
2527 2527 2957 4288 
2528 3405 2943 4302 
2529 1799 2908 3911 
2530 15 3656 3735 
2531 1369 1861 3259 
2532 2110 710 3035 
2533 2406 3348 4097 
2534 2187 2342 2444 
2535 3039 1282 3671 
2536 3003 1300 3774 
2537 2788 1546 4147 
2538 3040 2676 3988 
2539 1387 3283 4207 
2540 712 19 1570 
2541 3107 2375 3438 
2542 2307 1184 3625 
2543 2985 2511 4475 
2544 2775 2421 4346 
2545 433 3906 4146 
2546 2951 2278 4301 
2547 1620 2568 3636 
2548 3539 2490 4400 
2549 3102 2618 3974 
2550 720 21 2199 
2551 2560 3188 3618 
2552 2257 3058 4145 
2553 4365 2501 4412 
2554 3382 3180 4121 
2555 2895 2742 3300 
2556 1861 2150 2501 
2557 44 813 3911 
2558 2889 1251 2890 
2559 1321 1218 3761 
2560 2899 932 3979 
2561 860 859 2827 
2562 2484 3192 3612 
2563 1723 2956 3506 
2564 1082 1081 2735 
2565 2826 3101 3102 
2566 838 837 3890 
2567 2908 1926 3911 
2568 4006 2260 4132 
2569 2022 2596 3984 
2570 1115 115 2809 
2571 2915 2981 4150 
2572 919 2585 3553 
2573 2025 3264 3416 
2574 2876 2980 3864 
2575 3095 2349 3180 
2576 3696 3068 3940 
2577 3343 3349 4518 
2578 1075 3230 4089 
2579 2333 2562 3976 
2580 3018 1713 3447 
2581 1831 1344 1832 
2582 2490 3539 3898 
2583 2668 814 4220 
2584 3114 1303 3293 
2585 3679 1821 3867 
2586 3394 1519 3724 
2587 787 38 1554 
2588 3478 2782 3833 
2589 946 75 2332 
2590 76 948 2801 
2591 3243 1377 3845 
2592 3477 1849 4074 
2593 2682 2919 4057 
2594 2599 911 4505 
2595 1074 2951 3230 
2596 2197 2931 4389 
2597 3646 87 4421 
2598 3238 3237 3337 
2599 2162 3293 3294 
2600 1315 2909 2910 
2601 2740 97 4251 
2602 759 758 4478 
2603 18 706 2751 
2604 128 1170 3084 
2605 2873 3266 4293 
2606 1404 851 4510 
2607 1931 1331 1932 
2608 3192 2484 3840 
2609 1315 54 2909 
2610 3348 2406 4375 
2611 94 1017 2923 
2612 3031 2120 3469 
2613 986 3652 4376 
2614 1877 3107 3438 
2615 3186 1375 3968 
2616 3401 2385 3609 
2617 2202 3013 3562 
2618 2747 1395 2800 
2619 2304 3320 3321 
2620 2616 3545 4068 
2621 1191 1629 2771 
2622 2151 3091 3960 
2623 3021 1472 3072 
2624 3252 3703 4073 
2625 2288 988 3568 
2626 2198 3188 3781 
2627 1360 886 3908 
2628 2931 2197 3843 
2629 2511 3350 4126 
2630 1351 2809 3222 
2631 2400 900 4128 
2632 3157 3158 4308 
2633 1851 1511 1941 
2634 2773 746 2810 
2635 3345 1509 3932 
2636 845 2930 4409 
2637 2333 1793 2562 
2638 2663 2664 2665 
2639 3109 3891 3952 
2640 1256 3304 4169 
2641 751 750 4137 
2642 2907 1224 4259 
2643 1285 986 4376 
2644 2768 1790 2769 
2645 2027 2039 3387 
2646 2640 2906 3635 
2647 59 2832 3809 
2648 3744 1623 3751 
2649 3082 2177 4531 
2650 1249 2979 4321 
2651 2095 2738 2739 
2652 968 967 3659 
2653 795 794 3000 
2654 1343 3075 3499 
2655 57 892 4214 
2656 2953 2109 4304 
2657 1125 1124 3683 
2658 3443 3616 3856 
2659 2319 57 4214 
2660 2295 3636 4457 
2661 3075 3226 4260 
2662 1150 1847 3461 
2663 2579 3694 4001 
2664 3443 1259 3616 
2665 2920 1612 2921 
2666 2014 2020 2666 
2667 932 931 3979 
2668 106 1072 2857 
2669 2957 1266 2958 
2670 2023 2964 3468 
2671 969 1346 3755 
2672 3023 4103 4386 
2673 3162 1671 3163 
2674 3049 3048 3050 
2675 1079 2309 3950 
2676 1539 2618 3101 
2677 4212 4325 4543 
2678 3581 3126 3769 
2679 2226 2225 3627 
2680 2559 2853 4120 
2681 2503 2914 3873 
2682 3009 3008 3784 
2683 2909 2528 4495 
2684 2970 1261 3712 
2685 2914 2402 4011 
2686 869 1277 2803 
2687 974 4039 4218 
2688 2738 3037 4294 
2689 2888 2089 3850 
2690 762 1469 3714 
2691 2875 2876 3757 
2692 708 707 2851 
2693 2041 1319 2042 
2694 2342 1318 2537 
2695 2811 2266 3175 
2696 3165 2759 3765 
2697 3150 3153 3606 
2698 1156 125 3626 
2699 3161 3164 4169 
2700 716 20 3218 
2701 700 2812 4211 
2702 1850 1851 2286 
2703 2094 2295 4457 
2704 4042 4075 4183 
2705 3218 20 4540 
2706 341 3124 3880 
2707 801 800 3670 
2708 3070 2427 3743 
2709 2398 3109 3953 
2710 3470 3995 4326 
2711 4138 2962 4392 
2712 3557 2201 4429 
2713 2216 2982 3835 
2714 2143 1313 3198 
2715 868 56 2872 
2716 46 823 4020 
2717 1162 1161 2984 
2718 1618 2252 3758 
2719 1249 3151 4437 
2720 2901 1544 4422 
2721 2860 1466 4137 
2722 1040 2905 4555 
2723 1559 2226 2927 
2724 2199 21 2556 
2725 2460 830 4366 
2726 2673 3552 4319 
2727 3287 2393 3561 
2728 2416 1608 2417 
2729 830 829 4366 
2730 1388 3040 3988 
2731 1183 1182 4272 
2732 808 1870 3132 
2733 3123 2261 3314 
2734 3230 2951 4301 
2735 1802 1288 1803 
2736 879 878 2991 
2737 42 1612 2920 
2738 3101 2618 3102 
2739 1537 3098 3725 
2740 2413 2788 4544 
2741 25 749 3359 
2742 1971 1972 1980 
2743 773 772 2918 
2744 2779 2915 3847 
2745 1950 1951 1957 
2746 2515 3017 3889 
2747 1615 1919 3306 
2748 3246 2285 3260 
2749 1547 2856 4174 
2750 2223 3454 4007 
2751 1087 2163 3586 
2752 3570 3533 3754 
2753 3083 1611 3224 
2754 2858 3882 4008 
2755 1544 2718 3086 
2756 1117 1116 4394 
2757 1578 2035 3137 
2758 2929 2697 4233 
2759 2758 2760 3738 
2760 2054 205 3298 
2761 823 2335 4020 
2762 1366 1077 2947 
2763 2276 3016 3554 
2764 982 2952 4023 
2765 2776 3096 4426 
2766 2089 2888 3863 
2767 2664 3112 4035 
2768 2520 1294 3196 
2769 1226 1251 2889 
2770 3113 3031 3469 
2771 3059 2344 3319 
2772 3030 3132 4341 
2773 1643 3152 3270 
2774 2368 2370 3090 
2775 3977 1636 4336 
2776 2305 1570 2306 
2777 2755 2866 3121 
2778 1111 114 1338 
2779 1096 2926 3567 
2780 2379 2094 3509 
2781 3259 1861 4365 
2782 1020 1587 4142 
2783 1481 2639 3185 
2784 2288 3660 4515 
2785 3132 1870 4341 
2786 2314 2315 2316 
2787 2728 2947 4012 
2788 3492 2773 4003 
2789 3086 2339 4422 
2790 2838 3756 3776 
2791 2859 2857 3615 
2792 2768 3087 4234 
2793 2142 2143 2742 
2794 1757 1758 4434 
2795 1713 3018 3481 
2796 1156 3626 4048 
2797 3664 2564 4111 
2798 3337 2715 4360 
2799 2868 1805 4388 
2800 2934 2449 3862 
2801 2715 2714 4360 
2802 1972 1275 1973 
2803 4365 3471 4404 
2804 3375 1637 4443 
2805 2423 3074 3678 
2806 2609 1475 4129 
2807 824 46 1395 
2808 3296 2521 4107 
2809 1861 2501 4365 
2810 4127 399 4155 
2811 2156 3070 3743 
2812 2902 2903 3674 
2813 1830 1831 1836 
2814 3659 967 3660 
2815 2117 1020 4142 
2816 1266 2582 2986 
2817 1554 38 2691 
2818 1461 776 4250 
2819 2177 3554 4531 
2820 3124 1260 3645 
2821 3205 1880 3432 
2822 3766 2544 4507 
2823 2639 819 4534 
2824 2415 955 4373 
2825 3032 1244 3880 
2826 682 1578 3137 
2827 3906 2835 4146 
2828 1089 1088 3720 
2829 2279 3134 3528 
2830 3387 2874 4034 
2831 1342 2995 4025 
2832 2401 3399 3673 
2833 1376 3302 3808 
2834 3293 2162 3366 
2835 47 827 1410 
2836 1466 2860 4138 
2837 3028 2413 4544 
2838 2813 2812 4413 
2839 1348 2003 2004 
2840 3074 2423 4434 
2841 3068 1785 3940 
2842 3633 2319 4214 
2843 1724 3212 3623 
2844 2497 1117 4394 
2845 679 11 2925 
2846 1102 112 2017 
2847 1640 1643 3270 
2848 3334 3591 3778 
2849 4168 1402 4179 
2850 1860 2763 3187 
2851 1251 1225 2907 
2852 3037 2110 4294 
2853 2718 2717 2719 
2854 2973 1381 3695 
2855 3010 2543 3851 
2856 2265 2943 3415 
2857 2548 1871 2631 
2858 1399 3505 3913 
2859 1553 2983 3904 
2860 1306 2935 2936 
2861 3294 3570 3754 
2862 2261 1585 3314 
2863 2355 3605 3769 
2864 3011 1899 4482 
2865 3302 1376 4451 
2866 2265 2263 3949 
2867 1386 3073 3718 
2868 3394 3724 4479 
2869 2064 2246 3073 
2870 2080 2081 4544 
2871 2301 853 4172 
2872 24 729 1533 
2873 991 1362 3001 
2874 3745 3801 4455 
2875 2968 1268 2969 
2876 2340 3086 3184 
2877 1771 2440 3138 
2878 3721 2443 3841 
2879 1827 2329 2330 
2880 3038 2164 4427 
2881 131 1183 2887 
2882 2349 3095 3248 
2883 1120 116 1534 
2884 3959 3208 4061 
2885 1883 1565 3248 
2886 2612 3328 4339 
2887 1415 2395 2649 
2888 925 924 3092 
2889 206 1403 3298 
2890 2388 3131 3257 
2891 3299 1390 4160 
2892 1255 3238 4249 
2893 3159 3156 3160 
2894 3057 2112 3777 
2895 3324 25 3359 
2896 2433 3027 3069 
2897 64 902 2112 
2898 853 852 4172 
2899 2767 3056 3540 
2900 3568 1285 4335 
2901 2366 3253 3818 
2902 3028 2081 3521 
2903 2759 3166 3277 
2904 1194 1266 2957 
2905 1314 3436 3901 
2906 2662 3096 4483 
2907 62 895 1576 
2908 3099 3823 3855 
2909 3461 1847 4087 
2910 96 1026 1347 
2911 48 2804 3708 
2912 2586 1368 2587 
2913 1866 1476 3957 
2914 2913 3832 4100 
2915 754 30 1313 
2916 1014 93 1559 
2917 1864 3492 4003 
2918 21 733 4441 
2919 1292 2967 4491 
2920 1279 2948 4306 
2921 1752 673 4298 
2922 1443 1446 3622 
2923 1951 1298 1952 
2924 2150 1132 3620 
2925 3373 3019 3447 
2926 3019 3018 3447 
2927 1987 1042 4208 
2928 3193 3194 4484 
2929 2891 2907 3213 
2930 1669 3246 3260 
2931 2017 112 2082 
2932 2716 2086 2839 
2933 1662 1947 3277 
2934 136 1292 4491 
2935 2778 2750 4013 
2936 3378 3347 4418 
2937 2532 2994 4029 
2938 2556 21 4441 
2939 743 742 2937 
2940 2872 2873 2874 
2941 2535 3300 4085 
2942 1050 101 2995 
2943 748 747 4265 
2944 2040 2041 2447 
2945 3306 1919 3677 
2946 1501 2114 3169 
2947 31 757 2547 
2948 3721 3720 4002 
2949 2979 2977 4321 
2950 2054 3178 3632 
2951 678 677 3320 
2952 1382 3370 3703 
2953 2959 3319 3406 
2954 2014 2666 4191 
2955 2078 2079 2789 
2956 3014 2891 3213 
2957 1085 1084 4517 
2958 3078 2740 3168 
2959 987 1285 3568 
2960 3164 3163 3165 
2961 2602 715 4523 
2962 3155 1651 3160 
2963 1301 896 4290 
2964 3191 4168 4179 
2965 2491 3549 4393 
2966 3283 1387 3793 
2967 939 73 4163 
2968 1472 736 2924 
2969 3014 1736 3726 
2970 2156 676 3070 
2971 1784 2535 4085 
2972 3156 3155 3160 
2973 2959 1513 4281 
2974 1520 2602 2603 
2975 24 1533 1821 
2976 64 2112 4028 
2977 2962 2918 4392 
2978 2449 2934 4488 
2979 2685 2684 2686 
2980 3102 3449 4245 
2981 3319 2344 3406 
2982 3138 2440 3139 
2983 2555 4129 4303 
2984 1016 1015 3617 
2985 2906 2640 4185 
2986 70 926 4242 
2987 3755 1346 4019 
2988 104 1062 1626 
2989 2603 2604 2833 
2990 693 692 3047 
2991 1593 3611 4192 
2992 3591 2381 3687 
2993 1368 918 4240 
2994 1042 3699 4208 
2995 1461 3200 4152 
2996 3148 1263 3750 
2997 2896 1600 3306 
2998 3519 2276 3554 
2999 3071 2188 3548 
3000 1073 1592 2951 
3001 2330 3116 3579 
3002 109 1105 1753 
3003 3368 2847 4316 
3004 3525 2672 4313 
3005 2106 2424 3759 
3006 1264 3158 3923 
3007 3067 3066 3068 
3008 2680 3138 3139 
3009 709 1512 3035 
3010 3521 1481 3909 
3011 955 954 4373 
3012 2453 3015 3546 
3013 870 2803 4380 
3014 2361 70 4242 
3015 3225 51 3649 
3016 2514 3022 4561 
3017 995 994 4289 
3018 1132 119 3620 
3019 2823 3773 3888 
3020 1702 1704 3262 
3021 2661 2660 3996 
3022 2184 2740 3078 
3023 1417 3010 3358 
3024 1481 3521 4253 
3025 3651 2320 4066 
3026 3256 1159 3746 
3027 1324 3111 3119 
3028 1446 3172 3622 
3029 3075 3024 3499 
3030 2363 2026 2736 
3031 3025 2637 3927 
3032 2548 2631 2746 
3033 3279 2593 3829 
3034 3187 2763 3650 
3035 2833 2604 3065 
3036 2592 3291 4278 
3037 3072 2461 3575 
3038 1862 1506 1863 
3039 3316 2297 4383 
3040 1375 3186 4182 
3041 1128 3044 4381 
3042 2603 2602 2604 
3043 3173 1871 4502 
3044 1648 1651 3155 
3045 3043 2854 4280 
3046 2187 2444 3836 
3047 2992 1862 4385 
3048 2992 2656 3902 
3049 3201 2605 3421 
3050 3795 1993 4118 
3051 1632 1860 3187 
3052 3597 1536 4076 
3053 2106 2999 3886 
3054 1747 3368 4316 
3055 1220 140 1532 
3056 3160 1651 3162 
3057 1761 1093 2764 
3058 1362 3053 3705 
3059 3007 2911 4327 
3060 957 1268 2968 
3061 2225 3107 3627 
3062 2793 3977 4336 
3063 2214 3530 3569 
3064 2921 1612 3057 
3065 3244 3243 3845 
3066 2332 2333 2856 
3067 1084 2577 4517 
3068 836 835 2904 
3069 1507 3311 3681 
3070 834 833 2787 
3071 2864 2913 4100 
3072 3203 2564 3664 
3073 3674 2903 3895 
3074 1528 3829 4278 
3075 1766 3121 3122 
3076 1534 116 2055 
3077 1469 32 2433 
3078 3159 3160 3161 
3079 2450 1397 4056 
3080 3359 749 3486 
3081 3756 3333 3776 
3082 1827 2330 3579 
3083 1880 3205 3785 
3084 1761 2764 2765 
3085 1597 1058 3143 
3086 2061 3535 4264 
3087 1175 2086 2716 
3088 3287 2214 3569 
3089 1619 3199 3439 
3090 2678 3040 3041 
3091 3100 2135 3307 
3092 927 70 1505 
3093 752 1466 3892 
3094 1821 2064 2483 
3095 65 922 2385 
3096 919 68 2585 
3097 2519 1602 2762 
3098 2842 3523 4130 
3099 833 48 3708 
3100 4393 3549 4504 
3101 1869 2177 2178 
3102 2378 2271 4314 
3103 1056 1055 4284 
3104 74 941 1506 
3105 3266 3779 4378 
3106 762 32 1469 
3107 1796 2061 4264 
3108 2483 2064 3073 
3109 844 2128 3649 
3110 2373 2658 2659 
3111 3283 3284 4207 
3112 3757 2876 3864 
3113 746 28 2810 
3114 3095 1883 3248 
3115 2292 3063 3747 
3116 2667 3490 4014 
3117 2853 1828 3604 
3118 78 955 1778 
3119 3711 3244 3845 
3120 893 61 1367 
3121 3823 2322 3855 
3122 4013 2750 4443 
3123 2687 3041 3707 
3124 2435 876 4309 
3125 3862 2656 4385 
3126 2052 2481 3186 
3127 2463 2241 3358 
3128 2504 1991 2944 
3129 3593 136 4491 
3130 79 958 1436 
3131 3135 2035 3136 
3132 2167 2747 3378 
3133 2960 2294 4359 
3134 3282 1820 3339 
3135 3080 1355 3081 
3136 115 1114 1430 
3137 1643 1644 3170 
3138 2981 1410 4248 
3139 1645 3110 4047 
3140 3125 1753 4546 
3141 3225 2356 4209 
3142 2291 2292 3747 
3143 741 1521 3106 
3144 2493 2184 2643 
3145 3145 1639 3146 
3146 1520 715 2602 
3147 1665 1669 3260 
3148 3946 2561 4380 
3149 2486 3709 3998 
3150 712 1570 2305 
3151 2304 3321 3893 
3152 2766 2765 2767 
3153 2685 2686 2877 
3154 1985 3020 3697 
3155 1446 1447 3303 
3156 3193 2457 3194 
3157 1753 2567 4546 
3158 3603 2014 4191 
3159 1410 827 4248 
3160 866 865 4339 
3161 3117 2220 3579 
3162 1605 3013 3129 
3163 135 1199 1413 
3164 1947 2759 3277 
3165 3373 1700 3621 
3166 1315 2910 3577 
3167 1369 3259 4079 
3168 1669 1670 3241 
3169 1771 3138 3258 
3170 1539 3101 3308 
3171 2892 3014 3726 
3172 1268 4291 4318 
3173 137 1223 2187 
3174 2989 3028 3521 
3175 3210 2785 3212 
3176 2450 3356 4081 
3177 876 875 4309 
3178 20 1520 4540 
3179 37 799 1422 
3180 3110 1645 4244 
3181 3150 3606 4224 
3182 805 42 2920 
3183 2264 2265 3415 
3184 1095 1094 3020 
3185 2417 1608 2871 
3186 935 72 4516 
3187 1501 3169 3229 
3188 3147 3154 3231 
3189 2918 3286 4392 
3190 2741 2141 3125 
3191 1364 2932 3828 
3192 3998 2442 4181 
3193 727 23 1869 
3194 3817 3006 4549 
3195 2571 3133 3760 
3196 3064 2365 3791 
3197 4159 2655 4516 
3198 2214 3287 3561 
3199 1639 1640 3270 
3200 1472 2924 4109 
3201 1712 3262 3569 
3202 62 1576 2425 
3203 1422 2431 2432 
3204 1131 1130 3060 
3205 762 3714 4529 
3206 1475 1001 4500 
3207 1283 2396 2397 
3208 66 910 4550 
3209 1713 1690 3447 
3210 2193 3115 3601 
3211 2799 3097 4340 
3212 996 995 2807 
3213 2058 3118 4090 
3214 1712 1702 3262 
3215 2252 2250 3350 
3216 1770 1455 3275 
3217 2783 1629 3717 
3218 1871 756 4502 
3219 2287 3857 4427 
3220 1748 1196 4086 
3221 2098 2403 3273 
3222 2352 2337 2822 
3223 2081 3028 4544 
3224 2031 2032 2538 
3225 1669 3241 3246 
3226 1578 1823 2034 
3227 3565 3534 3706 
3228 1983 3876 3887 
3229 1295 939 1991 
3230 2034 2036 2583 
3231 1505 70 2361 
3232 2266 2267 3175 
3233 2543 2182 3851 
3234 3725 3098 4320 
3235 22 3036 4480 
3236 2113 1484 3258 
3237 2585 2586 3288 
3238 2899 4127 4155 
3239 1616 3335 3630 
3240 3129 2451 3571 
3241 2999 3759 4496 
3242 2493 2643 3103 
3243 2979 1249 4184 
3244 2398 2397 3108 
3245 1473 1639 3145 
3246 1984 1986 2633 
3247 3145 3147 3231 
3248 2877 2686 2878 
3249 3273 2403 3274 
3250 1588 2173 3192 
3251 1563 1500 3361 
3252 3838 4309 4351 
3253 1728 1820 3389 
3254 3281 1722 3290 
3255 1979 3811 3951 
3256 2120 3169 3469 
3257 3832 1942 4100 
3258 2947 1076 4089 
3259 2444 2342 3202 
3260 3399 2401 4262 
3261 3242 3245 3246 
3262 1504 1186 4197 
3263 1504 3056 4234 
3264 2069 2070 2071 
3265 2955 2572 4430 
3266 2408 3580 3675 
3267 3016 2276 4474 
3268 2683 1524 3939 
3269 2034 1823 2036 
3270 3175 2267 3176 
3271 3405 1358 3715 
3272 2299 2457 3193 
3273 2782 2933 3833 
3274 2423 3656 4434 
3275 2370 2373 3090 
3276 2359 2306 2997 
3277 2204 2026 2363 
3278 2754 3345 3932 
3279 3046 3427 3503 
3280 78 1778 1885 
3281 1309 2781 2782 
3282 1527 2685 2688 
3283 2462 3181 3826 
3284 1565 1563 3248 
3285 2064 2129 2246 
3286 2246 2367 3718 
3287 3221 3523 4171 
3288 104 1626 1925 
3289 979 978 3629 
3290 2867 920 3858 
3291 2847 2846 4316 
3292 2538 2032 2539 
3293 1469 2433 2846 
3294 2001 3207 3208 
3295 2958 1266 2986 
3296 1585 3220 3314 
3297 1592 2858 3680 
3298 1329 2326 3179 
3299 2966 2778 4006 
3300 3241 3242 3246 
3301 2305 2306 2359 
3302 1992 2504 3207 
3303 862 3971 4509 
3304 2890 1251 2891 
3305 3377 2257 4535 
3306 2352 2822 2823 
3307 1834 1832 1882 
3308 1493 2119 3220 
3309 2583 2036 2690 
3310 865 3922 4339 
3311 3145 3146 3147 
3312 2643 2184 3078 
3313 3164 3165 3167 
3314 1424 2997 3802 
3315 2031 1432 2032 
3316 1524 3001 3944 
3317 1931 1932 2268 
3318 2348 2261 3645 
3319 1322 2337 2352 
3320 100 1044 1290 
3321 1027 96 3033 
3322 1950 1957 2574 
3323 4248 2775 4346 
3324 2302 3273 3274 
3325 2351 1796 2508 
3326 1252 2980 4258 
3327 100 1290 2993 
3328 139 1215 1549 
3329 2439 1770 3275 
3330 1146 1145 4400 
3331 808 807 1870 
3332 3041 2687 3729 
3333 1761 2765 2766 
3334 3383 1736 4398 
3335 1938 2785 3210 
3336 1675 3239 3240 
3337 2246 2247 2367 
3338 2658 2679 3127 
3339 2110 3035 4294 
3340 2443 3721 4017 
3341 714 713 1785 
3342 1310 1476 1477 
3343 2988 2128 4295 
3344 2071 2442 3206 
3345 3020 3566 4299 
3346 1055 2338 4284 
3347 3207 2504 3208 
3348 2734 3597 4076 
3349 122 1143 1370 
3350 3354 1372 3416 
3351 943 942 4369 
3352 33 3542 4462 
3353 2857 1072 3615 
3354 3470 4326 4357 
3355 1704 3232 3262 
3356 3243 3240 3247 
3357 2184 1032 2740 
3358 901 2353 4329 
3359 2773 2810 4003 
3360 1033 2184 2493 
3361 67 914 1289 
3362 782 37 3004 
3363 2443 1338 2797 
3364 2561 3011 4380 
3365 1578 681 1823 
3366 844 843 2128 
3367 915 67 3022 
3368 2601 1882 2743 
3369 2133 2135 3189 
3370 1932 1331 2245 
3371 2128 2988 4296 
3372 2373 2374 2658 
3373 2524 2527 3183 
3374 1737 2362 3232 
3375 3343 2025 3416 
3376 3163 1671 3166 
3377 3131 2051 3257 
3378 2538 2539 3190 
3379 793 792 3058 
3380 683 1411 4490 
3381 1659 1662 3277 
3382 1094 1093 1761 
3383 3157 3156 3158 
3384 1340 3127 3496 
3385 139 1549 3096 
3386 2069 1426 2070 
3387 20 715 1520 
3388 3071 3548 3912 
3389 2743 1882 2911 
3390 35 773 1634 
3391 2288 3568 3883 
3392 1385 3856 3888 
3393 977 1316 2886 
3394 3356 2450 4056 
3395 715 714 4523 
3396 800 41 1816 
3397 3059 3039 3671 
3398 79 1436 1630 
3399 1834 1882 2601 
3400 2472 2475 3221 
3401 1283 2397 2398 
3402 3141 2424 3428 
3403 826 2421 2775 
3404 3147 3146 3148 
3405 1675 1676 3239 
3406 1477 1605 3129 
3407 3147 3148 3151 
3408 1236 144 1418 
3409 2904 835 4186 
3410 1148 123 1420 
3411 3427 2009 3503 
3412 2681 3113 3469 
3413 17 719 3016 
3414 1542 2084 2514 
3415 1753 2566 2567 
3416 3052 1621 3115 
3417 3283 2814 3284 
3418 2049 2388 3257 
3419 1876 3155 3156 
3420 1834 2601 3203 
3421 1978 2453 3546 
3422 2482 2190 2826 
3423 1635 1374 4273 
3424 760 759 2798 
3425 1671 1654 3344 
3426 2633 1986 2634 
3427 2575 2360 2576 
3428 929 928 1798 
3429 755 2142 2652 
3430 1984 780 1986 
3431 1779 2190 2482 
3432 1816 3346 3347 
3433 2983 2497 3336 
3434 2224 3097 3454 
3435 2022 2021 2596 
3436 3139 2440 3140 
3437 1435 1796 2351 
3438 1394 1059 2203 
3439 2398 3108 3109 
3440 3882 2840 4008 
3441 1756 3233 3234 
3442 3108 2397 3110 
3443 3222 2809 4232 
3444 2171 2215 3532 
3445 1332 900 2400 
3446 4291 2946 4318 
3447 1359 3218 3219 
3448 56 867 1468 
3449 3138 2113 3258 
3450 2167 3378 4418 
3451 2157 2986 4112 
3452 3180 2348 4121 
3453 729 728 1336 
3454 1400 1631 1632 
3455 1450 1473 1555 
3456 1615 1614 1917 
3457 3150 3149 3152 
3458 3154 1249 4321 
3459 698 1329 2994 
3460 1058 1057 3143 
3461 2804 1852 2805 
3462 2330 2329 3689 
3463 2235 2052 3186 
3464 1951 1952 1953 
3465 1322 126 2337 
3466 1876 3156 3157 
3467 921 920 2867 
3468 738 26 1345 
3469 3470 2884 3995 
3470 2963 3809 4417 
3471 3422 2213 3698 
3472 50 840 1625 
3473 1555 1473 3145 
3474 1588 1518 2173 
3475 2243 1826 2383 
3476 3008 1257 4396 
3477 1420 123 2169 
3478 1171 128 1624 
3479 1632 1631 1860 
3480 1283 1213 2396 
3481 1787 3959 4061 
3482 1831 1832 1833 
3483 755 754 2142 
3484 806 1426 2069 
3485 1958 2836 3255 
3486 50 1625 2616 
3487 1522 3915 4077 
3488 1586 3071 3912 
3489 3237 3234 3271 
3490 1329 697 2326 
3491 3035 2739 4294 
3492 2495 2814 3283 
3493 1915 680 3691 
3494 2839 2086 2840 
3495 3000 1523 3501 
3496 3234 3233 3271 
3497 3660 2288 3883 
3498 2243 2383 3426 
3499 3281 3290 3395 
3500 1310 1477 3129 
3501 2610 2231 2611 
3502 2370 2372 2373 
3503 3146 1639 3270 
3504 3054 2287 3877 
3505 2118 1491 3229 
3506 1360 4009 4231 
3507 2231 2230 2232 
3508 3139 1254 4237 
3509 983 982 2026 
3510 842 1432 2031 
3511 1578 2034 2035 
3512 2071 2073 2442 
3513 1860 2494 2763 
3514 1354 3285 4487 
3515 3227 3089 4194 
3516 3050 3048 3051 
3517 2767 2765 3056 
3518 2533 2299 3193 
3519 3816 1308 4393 
3520 994 88 1527 
3521 3063 2292 3587 
3522 1874 3249 3250 
3523 747 746 2773 
3524 2182 3209 4043 
3525 1829 2033 3088 
3526 1270 3441 4446 
3527 1005 1004 2745 
3528 2044 2049 3257 
3529 1344 963 3007 
3530 757 756 1871 
3531 993 1524 2683 
3532 1848 3053 3955 
3533 2518 2519 4346 
3534 1310 721 1476 
3535 1605 1606 1853 
3536 4002 2141 4017 
3537 859 54 1315 
3538 1484 1460 3258 
3539 1756 1678 3233 
3540 2071 2072 2073 
3541 1494 1493 3220 
3542 1714 1737 3232 
3543 3652 86 3822 
3544 1477 1476 1603 
3545 2850 3651 4066 
3546 2418 2133 3189 
3547 1820 3282 3389 
3548 1214 1213 1283 
3549 2417 2871 2933 
3550 1994 1992 3207 
3551 1605 1853 3013 
3552 2858 2857 2859 
3553 3108 1641 3891 
3554 2490 1146 4400 
3555 3046 3045 3427 
3556 35 1634 4001 
3557 3240 3239 3247 
3558 1600 1352 1614 
3559 1600 1614 1615 
3560 2323 2017 2555 
3561 1954 1958 3255 
3562 1175 1174 2086 
3563 2255 2289 2427 
3564 1874 1595 3249 
3565 3053 1848 3878 
3566 1002 90 2609 
3567 1579 2661 2953 
3568 2748 1029 4037 
3569 2541 2965 3892 
3570 1043 1042 1987 
3571 1549 2021 2022 
3572 1181 1180 1545 
3573 29 765 1298 
3574 3097 2224 4340 
3575 2939 2938 2940 
3576 3083 2307 3223 
3577 3001 2677 3944 
3578 2133 2132 2135 
3579 2299 2235 2457 
3580 1615 1917 1918 
3581 930 929 1942 
3582 118 1127 1638 
3583 3176 2267 3177 
3584 1779 2189 2190 
3585 3744 2729 3865 
3586 2100 2098 3273 
3587 1644 1646 1876 
3588 2316 2315 2317 
3589 2382 932 2899 
3590 3232 2362 3262 
3591 1646 1648 3155 
3592 2071 2070 2072 
3593 2373 2659 3090 
3594 2743 2911 2912 
3595 2958 2986 2987 
3596 989 2288 3753 
3597 1736 4024 4398 
3598 1033 1032 2184 
3599 1609 2230 2231 
3600 1941 1511 2065 
3601 1173 2278 2480 
3602 1394 2203 2211 
3603 1477 1603 1604 
3604 1182 1181 2394 
3605 928 927 2922 
3606 1611 3223 4297 
3607 1458 1548 1881 
3608 2942 2940 3191 
3609 2131 1838 2132 
3610 1541 2937 2938 
3611 1624 128 3084 
3612 722 721 1310 
3613 1024 1023 1513 
3614 1135 1824 4466 
3615 1992 1991 2504 
3616 2457 2235 3186 
3617 1198 1197 2441 
3618 850 52 1822 
3619 2797 1338 2824 
3620 1479 1829 3280 
3621 2642 2472 3221 
3622 1958 2172 2217 
3623 978 84 1401 
3624 1648 1650 1651 
3625 3720 2507 4002 
3626 2052 2051 2481 
3627 682 681 1578 
3628 2802 3795 4118 
3629 2131 2132 2133 
3630 3310 3311 3559 
3631 2481 2051 3131 
3632 2666 2020 2966 
3633 1477 1604 1605 
3634 2427 2289 2734 
3635 2494 2495 3283 
3636 2073 2075 2077 
3637 2686 2684 2687 
3638 2762 1602 2885 
3639 1835 1834 3203 
3640 1860 2059 2494 
3641 1758 4414 4434 
3642 2069 2071 3206 
3643 2918 1365 3286 
3644 2758 2284 2760 
3645 1004 1003 1779 
3646 1336 3544 4153 
3647 2212 2213 3422 
3648 2292 1123 3910 
3649 2031 2538 2988 
3650 1514 2263 2264 
3651 1316 976 2347 
3652 1947 1791 2284 
3653 2680 3139 4237 
3654 3335 2378 3630 
3655 2264 2263 2265 
3656 1779 1003 2189 
3657 2959 1902 3319 
3658 1931 2268 3025 
3659 1400 701 1631 
3660 2526 2524 3183 
3661 1568 1569 1766 
3662 1640 1642 1643 
3663 2524 1250 2527 
3664 3475 1721 3885 
3665 1455 1453 3275 
3666 3176 3177 3178 
3667 1278 2779 3847 
3668 1722 3315 3365 
3669 3166 1671 3344 
3670 1035 1034 1519 
3671 1616 1618 3335 
3672 2495 2813 2814 
3673 1829 1478 2033 
3674 2316 2843 3363 
3675 2737 3301 3302 
3676 1290 2360 2575 
3677 1826 1632 3187 
3678 1258 2898 3188 
3679 2656 1025 3902 
3680 1555 3145 3231 
3681 1605 1604 1606 
3682 1363 1568 1593 
3683 1367 61 2376 
3684 781 780 1984 
3685 1853 1606 1854 
3686 1999 1997 2001 
3687 2927 2226 3023 
3688 983 2026 2204 
3689 4326 2626 4357 
3690 1790 1092 4463 
3691 1473 1474 1639 
3692 772 1365 2918 
3693 3169 2118 3229 
3694 2420 2654 4038 
3695 1447 1450 3303 
3696 1377 3243 4189 
3697 3248 1563 3361 
3698 1104 1103 1300 
3699 1491 1487 3229 
3700 1897 1895 3269 
3701 1947 2284 2758 
3702 1663 1665 3260 
3703 1135 1134 1824 
3704 1468 3328 3779 
3705 1010 92 1827 
3706 1590 1588 3192 
3707 1833 1832 1834 
3708 2089 1607 2090 
3709 1514 745 2263 
3710 3206 1870 4371 
3711 1541 2938 2939 
3712 1902 1903 3318 
3713 942 2334 4369 
3714 2939 2940 2942 
3715 3088 2033 3098 
3716 1272 1990 2875 
3717 826 825 2421 
3718 2755 2262 2865 
3719 3290 1722 3365 
3720 2890 2891 2892 
3721 1881 1548 3228 
3722 3721 4002 4017 
3723 4028 2112 4144 
3724 2575 2576 3094 
3725 1442 1441 1443 
3726 3542 33 4444 
3727 1778 955 2415 
3728 4075 2537 4183 
3729 1954 1956 1958 
3730 1958 1956 2172 
3731 2559 1258 2560 
3732 2077 3267 3268 
3733 671 9 1813 
3734 122 1370 2819 
3735 2472 2469 2475 
3736 1825 1369 4079 
3737 1442 1443 1445 
3738 2195 3351 4199 
3739 2090 2828 3089 
3740 2539 3216 3217 
3741 1662 1791 1947 
3742 2286 1851 2697 
3743 1609 2231 2610 
3744 845 51 3225 
3745 3030 2210 3132 
3746 2511 3859 4475 
3747 696 695 1586 
3748 3650 3409 4175 
3749 2051 2045 3257 
3750 2836 2217 3074 
3751 1087 1086 2163 
3752 2257 2830 4535 
3753 3274 2851 3868 
3754 698 697 1329 
3755 1876 1646 3155 
3756 1771 1770 2438 
3757 1463 3067 3696 
3758 1652 1654 1671 
3759 1659 1660 1662 
3760 1099 1098 2756 
3761 1481 820 2639 
3762 1295 1991 1992 
3763 1440 1441 1442 
3764 1662 1663 1791 
3765 1453 1445 1462 
3766 129 1191 2771 
3767 2041 2042 2043 
3768 1993 1994 1995 
3769 3250 3249 3261 
3770 1435 764 1796 
3771 2114 2113 2680 
3772 1764 1585 2261 
3773 1771 2438 2440 
3774 1633 1632 1826 
3775 954 953 1391 
3776 3158 3156 3159 
3777 1508 2991 3174 
3778 3019 3373 3621 
3779 124 1151 3849 
3780 819 45 2412 
3781 1651 1650 1652 
3782 1461 4152 4424 
3783 1767 1920 1921 
3784 2867 3858 3928 
3785 1670 1675 3241 
3786 911 66 1276 
3787 2121 2120 3031 
3788 1854 1856 1858 
3789 3221 1291 4445 
3790 1917 1614 2276 
3791 1459 1770 1771 
3792 2090 2091 2828 
3793 2043 2042 2044 
3794 3242 3240 3243 
3795 913 912 1577 
3796 2492 4012 4089 
3797 1921 2262 2755 
3798 2828 2091 2829 
3799 3235 3236 3276 
3800 48 1852 2804 
3801 2044 2042 2048 
3802 1756 3234 3235 
3803 3235 3234 3236 
3804 741 740 1521 
3805 1051 1050 1342 
3806 1935 1938 3210 
3807 1747 3069 3624 
3808 1929 935 2655 
3809 873 1480 2670 
3810 2119 2118 2120 
3811 13 702 2626 
3812 2114 2680 2681 
3813 1644 1876 3170 
3814 1764 2261 2348 
3815 1656 1658 1659 
3816 2990 2148 3278 
3817 1459 1455 1770 
3818 2341 3422 3698 
3819 2655 935 4516 
3820 3253 3251 3254 
3821 3249 2296 3261 
3822 1858 2067 2640 
3823 1953 1952 1954 
3824 2121 3031 3032 
3825 1964 1317 1965 
3826 1630 1788 2880 
3827 1499 1585 1764 
3828 2871 1608 4231 
3829 2119 2120 2121 
3830 1501 2113 2114 
3831 2596 2021 2780 
3832 969 968 1346 
3833 3611 1593 4149 
3834 1971 1980 2600 
3835 2940 2938 2941 
3836 875 874 1552 
3837 3649 2128 4465 
3838 2586 2587 2588 
3839 1822 52 2174 
3840 2080 822 2081 
3841 1499 1497 1585 
3842 3178 3404 3632 
3843 1471 1515 1581 
3844 1479 1478 1829 
3845 3116 2848 3117 
3846 1501 1484 2113 
3847 2134 2133 2418 
3848 825 824 2167 
3849 1948 2357 3263 
3850 3242 3243 3244 
3851 1166 127 2151 
3852 1345 26 3021 
3853 1594 1883 2296 
3854 1955 1954 3255 
3855 1863 2802 2934 
3856 699 16 1467 
3857 1172 1171 2354 
3858 2237 3348 3534 
3859 1247 1162 2984 
3860 765 764 1435 
3861 933 932 2382 
3862 1493 2118 2119 
3863 2044 2048 2049 
3864 2703 3012 3301 
3865 837 49 2196 
3866 1059 103 4246 
3867 2547 2548 3786 
3868 2866 1287 3770 
3869 2388 2386 2645 
3870 1609 1052 2230 
3871 2047 2045 2051 
3872 1493 1491 2118 
3873 3169 2114 3469 
3874 1858 2066 2067 
3875 933 2382 2401 
3876 2710 2737 3265 
3877 1863 1506 2802 
3878 2541 2138 2965 
3879 1365 771 2954 
3880 1197 1196 1748 
3881 3120 2735 4130 
3882 2242 1826 2243 
3883 1921 1922 2262 
3884 1714 1727 1737 
3885 1821 1533 2064 
3886 3354 3416 3831 
3887 1548 1518 1588 
3888 848 847 2620 
3889 1471 1420 1515 
3890 1126 1125 1328 
3891 3962 2088 4354 
3892 2049 2050 2386 
3893 1910 1911 3731 
3894 2266 2264 2267 
3895 2875 1990 2876 
3896 1265 1439 1440 
3897 852 851 1404 
3898 2296 1883 2893 
3899 1087 3586 3942 
3900 2077 2075 3267 
3901 1964 1967 3266 
3902 2075 2212 3267 
3903 1221 1220 3142 
3904 993 992 1524 
3905 2066 1856 3289 
3906 1450 1451 1473 
3907 3220 2119 3314 
3908 2705 2703 3301 
3909 2132 3664 4111 
3910 1151 1150 3461 
3911 1665 1668 1669 
3912 970 82 2644 
3913 1943 1760 2445 
3914 2204 2363 3204 
3915 1938 2784 2785 
3916 1670 1673 1675 
3917 2759 2758 3765 
3918 2560 1258 3188 
3919 1370 2314 2458 
3920 1964 1965 1966 
3921 1487 1485 3229 
3922 3348 2628 3534 
3923 1737 1727 1738 
3924 1017 1016 1553 
3925 1465 1760 1943 
3926 1266 1193 2582 
3927 2718 2719 2720 
3928 2383 1826 3187 
3929 1471 1581 1751 
3930 1541 743 2937 
3931 2102 2100 2103 
3932 1452 1445 1453 
3933 1858 1856 2066 
3934 1963 1317 1964 
3935 1485 1501 3229 
3936 3122 3610 3611 
3937 2745 4051 4347 
3938 1163 1162 1247 
3939 2970 2971 2972 
3940 3284 2814 3285 
3941 2297 2561 4383 
3942 1363 1558 1568 
3943 744 743 1541 
3944 1594 1565 1883 
3945 28 745 1514 
3946 2543 2993 4136 
3947 772 771 1365 
3948 1766 1569 1767 
3949 2438 2439 2970 
3950 779 778 1279 
3951 1161 126 1322 
3952 977 976 1316 
3953 2631 1871 3173 
3954 1566 1565 1594 
3955 61 906 4403 
3956 1006 91 2496 
3957 2735 1762 2842 
3958 1656 1659 3344 
3959 1739 2393 3287 
3960 1272 1179 1990 
3961 1902 3318 3319 
3962 1454 1453 1455 
3963 2409 2307 3083 
3964 1581 1515 1582 
3965 1564 1563 1565 
3966 1413 1464 1465 
3967 2376 61 4403 
3968 1953 1954 1955 
3969 880 879 1508 
3970 3065 1434 3676 
3971 1440 1439 1441 
3972 1173 1172 2278 
3973 2158 4124 4532 
3974 854 53 2308 
3975 2045 2044 3257 
3976 1608 60 4231 
3977 3015 2819 4279 
3978 2878 2686 3299 
3979 1134 1133 1369 
3980 2073 2072 2075 
3981 3147 3151 3154 
3982 2294 3144 3881 
3983 3328 2613 3779 
3984 987 986 1285 
3985 1113 1112 2141 
3986 1919 2689 3677 
3987 1936 3210 3211 
3988 3680 2858 4008 
3989 2206 2011 2207 
3990 2634 2948 2949 
3991 2293 3625 3993 
3992 3236 3237 3238 
3993 1353 2024 3295 
3994 702 701 1400 
3995 3295 2024 3296 
3996 1946 1267 2426 
3997 1258 1211 2898 
3998 3275 1462 3524 
3999 1954 1952 1956 
4000 2229 1946 3093 
4001 1919 1918 2570 
4002 1783 1784 2136 
4003 1727 1728 3389 
4004 2094 2092 2295 
4005 290 1528 3291 
4006 1508 879 2991 
4007 767 766 2855 
4008 1915 4300 4498 
4009 3288 2586 3550 
4010 731 1607 2089 
4011 1737 1738 1739 
4012 1185 1184 2307 
4013 2148 2147 3278 
4014 1676 1678 1756 
4015 1456 1455 1459 
4016 1852 832 2331 
4017 2049 2386 2388 
4018 2115 2116 3039 
4019 1359 716 3218 
4020 1304 881 2274 
4021 1808 1812 4334 
4022 138 1211 1258 
4023 3233 1733 3271 
4024 2011 2009 3427 
4025 2690 2817 3655 
4026 3013 1853 4448 
4027 2316 2317 2843 
4028 1857 2240 2540 
4029 1895 2083 3269 
4030 1643 1642 1644 
4031 2393 1948 3263 
4032 821 820 1481 
4033 3411 3936 4192 
4034 4084 2241 4119 
4035 89 1013 1572 
4036 1465 1759 1760 
4037 1081 1080 1762 
4038 2349 2348 3180 
4039 1497 1494 3220 
4040 1716 1722 3281 
4041 2357 2854 3043 
4042 2284 1791 2285 
4043 2892 3726 3935 
4044 2061 1796 4499 
4045 1739 1948 2393 
4046 2675 2608 2676 
4047 1422 2165 2431 
4048 1589 1588 1590 
4049 3123 3032 3124 
4050 1081 1762 2735 
4051 3065 2604 3066 
4052 1868 2461 2462 
4053 2049 2048 2050 
4054 2173 1518 3986 
4055 1739 1738 1948 
4056 1453 1462 3275 
4057 108 1082 1356 
4058 873 57 1480 
4059 1485 1484 1501 
4060 1872 1595 1874 
4061 2393 3263 3264 
4062 731 730 1607 
4063 1333 2486 3998 
4064 1906 1908 2115 
4065 3301 3012 3302 
4066 1820 3338 3339 
4067 1581 1582 1616 
4068 1397 1188 1949 
4069 3598 3313 3768 
4070 2958 2987 3199 
4071 1659 1658 1660 
4072 3247 3235 3276 
4073 1528 3599 3829 
4074 3293 2280 3294 
4075 1500 1499 3361 
4076 3211 3210 3212 
4077 2083 2310 2967 
4078 2067 2915 4150 
4079 2115 1908 2116 
4080 110 1092 1790 
4081 1958 2217 2836 
4082 280 3043 4280 
4083 742 27 1363 
4084 2491 2506 3549 
4085 985 984 1815 
4086 2075 2076 2212 
4087 1968 1966 1969 
4088 2823 3340 4105 
4089 2513 2318 3767 
4090 48 832 1852 
4091 1678 1680 3233 
4092 1458 947 1518 
4093 2606 66 4550 
4094 1178 1177 1252 
4095 1492 1491 1493 
4096 1854 1855 1856 
4097 2933 2782 4322 
4098 1680 1733 3233 
4099 3116 3117 3579 
4100 1675 1673 1676 
4101 1498 1497 1499 
4102 1714 1715 1727 
4103 1879 1811 3310 
4104 2690 2036 2817 
4105 1833 1834 1835 
4106 1630 1786 1788 
4107 1243 1935 1936 
4108 3148 3146 3149 
4109 1669 1668 1670 
4110 1680 1682 1733 
4111 940 939 1295 
4112 1753 1105 2566 
4113 1167 1166 2554 
4114 1963 1964 3266 
4115 142 1227 1267 
4116 1662 1660 1663 
4117 2232 2230 3323 
4118 1604 2016 3414 
4119 798 797 1960 
4120 1194 1193 1266 
4121 1092 2536 4463 
4122 1903 1905 1906 
4123 2892 2891 3014 
4124 806 805 1426 
4125 2246 2129 2247 
4126 1874 3251 3253 
4127 2712 2710 3265 
4128 1007 1006 2917 
4129 3251 3250 3252 
4130 1568 1558 1569 
4131 1599 1352 1600 
4132 1880 1879 2862 
4133 4350 3941 4476 
4134 823 822 2080 
4135 1604 1603 2016 
4136 2710 2708 2737 
4137 842 841 1432 
4138 99 1323 1877 
4139 72 934 1516 
4140 803 802 1930 
4141 3241 3240 3242 
4142 138 1258 2559 
4143 1972 1973 1974 
4144 2362 1739 3287 
4145 878 58 1517 
4146 2525 2524 2526 
4147 1595 1594 3249 
4148 1968 1969 1970 
4149 1562 1500 1563 
4150 992 991 3001 
4151 2268 1932 2269 
4152 717 716 1359 
4153 2808 81 2982 
4154 1684 1686 1723 
4155 1676 1756 3239 
4156 867 866 3328 
4157 2012 2011 2206 
4158 2102 2103 2104 
4159 1948 2126 2357 
4160 1860 1631 2059 
4161 1936 1935 3210 
4162 1996 1998 2000 
4163 2366 3333 3756 
4164 2147 2593 3278 
4165 1483 1460 1484 
4166 83 1349 2558 
4167 2725 2724 2726 
4168 2233 2211 2750 
4169 1514 2264 2266 
4170 1090 1089 1511 
4171 2047 2051 2052 
4172 768 1317 1963 
4173 1020 1019 1587 
4174 1226 1225 1251 
4175 2489 2595 2850 
4176 2567 2566 3002 
4177 1945 1267 1946 
4178 2139 2138 2541 
4179 1728 1732 1820 
4180 2146 2147 2148 
4181 717 1359 2534 
4182 2262 2517 3227 
4183 3236 3234 3237 
4184 1811 1809 3310 
4185 2015 853 2301 
4186 2098 2096 2403 
4187 2484 2485 3840 
4188 1969 1966 3313 
4189 1938 2358 2784 
4190 2212 2076 2213 
4191 2386 2050 2387 
4192 1706 1714 3232 
4193 4300 1823 4498 
4194 2107 2103 2302 
4195 1219 1218 1321 
4196 2882 2243 2883 
4197 1921 1920 1922 
4198 1722 1719 3315 
4199 924 923 1437 
4200 1688 1690 1713 
4201 849 848 1433 
4202 2344 3059 3671 
4203 1150 1149 1847 
4204 1458 1518 1548 
4205 2494 2059 2495 
4206 2686 2687 3299 
4207 1906 1907 1908 
4208 2455 2148 2990 
4209 2367 2247 2368 
4210 2083 2967 3269 
4211 1208 137 2193 
4212 1195 1194 2957 
4213 130 1179 1272 
4214 1978 1982 2453 
4215 2093 2092 2094 
4216 953 77 1859 
4217 1818 1819 1848 
4218 1229 1228 1257 
4219 2093 2094 2379 
4220 703 17 1352 
4221 3158 3159 3304 
4222 1327 688 2095 
4223 1967 1966 1968 
4224 768 767 1317 
4225 2366 1872 3253 
4226 1465 1464 1759 
4227 2658 2374 2679 
4228 49 853 2015 
4229 1709 1711 1716 
4230 1587 1019 2365 
4231 1717 1716 3281 
4232 1489 1487 1491 
4233 2130 1838 2131 
4234 1400 1632 1633 
4235 1648 1649 1650 
4236 2612 1844 2613 
4237 2001 1997 3207 
4238 1566 1594 1595 
4239 134 1195 1250 
4240 733 732 1314 
4241 1230 1229 3144 
4242 1646 1647 1648 
4243 1419 2487 2488 
4244 1113 2141 2741 
4245 1700 1707 1709 
4246 964 963 1344 
4247 2708 2705 3301 
4248 3239 3235 3247 
4249 1885 1778 2241 
4250 1564 1565 1566 
4251 1966 1965 3313 
4252 683 12 1411 
4253 1783 1782 1784 
4254 1192 133 1265 
4255 882 881 1304 
4256 69 1341 1547 
4257 2116 2160 2161 
4258 2308 53 2364 
4259 1347 2449 2459 
4260 1543 1479 3280 
4261 2104 2103 2107 
4262 958 957 2968 
4263 2574 2579 2860 
4264 831 830 1868 
4265 2037 1970 2038 
4266 1902 1901 1903 
4267 2685 2877 3477 
4268 1995 1994 1996 
4269 1496 1494 1497 
4270 1856 1857 3289 
4271 803 1930 2168 
4272 2027 1970 2037 
4273 966 81 2808 
4274 2146 2145 2147 
4275 1303 2280 3293 
4276 2865 2262 3227 
4277 1170 1169 1305 
4278 1857 2540 3289 
4279 3214 1316 4554 
4280 895 894 1507 
4281 2680 2113 3138 
4282 2488 2487 2489 
4283 1906 1905 1907 
4284 1857 2239 2240 
4285 901 1332 2353 
4286 1585 1497 3220 
4287 130 1272 3017 
4288 2595 2932 3104 
4289 1603 1476 1866 
4290 3228 1589 3355 
4291 1505 2848 3116 
4292 1874 3250 3251 
4293 2438 1770 2439 
4294 83 973 1349 
4295 204 205 2054 
4296 2532 2299 2533 
4297 1998 1997 1999 
4298 2043 2044 2045 
4299 902 901 4329 
4300 1964 1966 1967 
4301 127 1165 3091 
4302 1369 1133 1861 
4303 1138 1137 1306 
4304 2120 2118 3169 
4305 1442 1445 1452 
4306 2181 1999 2182 
4307 1349 973 2260 
4308 1627 1109 2281 
4309 1699 1712 3317 
4310 2722 2723 2724 
4311 890 889 2140 
4312 1542 1543 2084 
4313 2353 1332 3042 
4314 2144 2145 2146 
4315 1548 1588 1589 
4316 2373 2372 2374 
4317 1709 1716 1717 
4318 2607 2606 2608 
4319 1993 1992 1994 
4320 1079 1078 2309 
4321 685 684 1319 
4322 2149 2148 2455 
4323 2891 1251 2907 
4324 3326 2154 3342 
4325 1997 1994 3207 
4326 1223 1222 1318 
4327 1737 1739 2362 
4328 1205 1204 1530 
4329 1460 1459 3258 
4330 1021 1020 2117 
4331 1591 1590 1988 
4332 1716 1719 1722 
4333 1594 2296 3249 
4334 1303 1164 2280 
4335 2377 2376 2530 
4336 719 718 3082 
4337 36 777 2092 
4338 2970 2439 2971 
4339 1775 2144 3315 
4340 840 839 1374 
4341 2090 1607 2091 
4342 861 1556 2928 
4343 856 855 3828 
4344 1639 1474 1640 
4345 2722 2724 2725 
4346 2262 1922 2517 
4347 2727 2726 2728 
4348 2037 2038 2879 
4349 2489 2594 2595 
4350 2972 2971 2973 
4351 2070 1426 2074 
4352 1760 1759 2244 
4353 1505 2361 2848 
4354 1443 1444 1446 
4355 3150 3152 3153 
4356 1694 1696 1700 
4357 2223 2224 3454 
4358 1868 2460 2461 
4359 1053 1052 1609 
4360 677 676 2156 
4361 1562 1563 1564 
4362 1452 1453 1454 
4363 1822 2174 4428 
4364 1810 1809 1811 
4365 1818 1811 1819 
4366 1709 1707 1711 
4367 290 291 1528 
4368 1210 1209 1355 
4369 1984 2633 3377 
4370 1690 1692 3447 
4371 1876 3157 3170 
4372 3580 2281 3675 
4373 2539 2032 3216 
4374 1273 289 3291 
4375 1900 1901 1902 
4376 1168 2339 2340 
4377 1654 1656 3344 
4378 1968 1970 2027 
4379 1727 1715 1728 
4380 1363 27 1558 
4381 1327 2095 2096 
4382 1700 1696 1707 
4383 2027 2037 2039 
4384 777 776 1461 
4385 1893 1894 1895 
4386 1206 1205 2053 
4387 1935 1937 1938 
4388 1869 2178 2573 
4389 2103 2100 3273 
4390 2737 2708 3301 
4391 887 886 1360 
4392 2206 2207 2452 
4393 689 688 1327 
4394 1936 3211 3213 
4395 2137 2136 2138 
4396 2357 2126 2854 
4397 99 1040 1323 
4398 2514 2084 4305 
4399 1891 1892 1893 
4400 1890 1889 1891 
4401 1384 3409 3650 
4402 1309 790 2781 
4403 1810 1811 1818 
4404 1450 1555 3303 
4405 1409 439 3330 
4406 353 354 1529 
4407 1781 1782 1783 
4408 2789 2079 2790 
4409 1675 3240 3241 
4410 1459 1771 3258 
4411 2623 3568 4335 
4412 1802 1803 1804 
4413 2713 2712 2714 
4414 2880 1788 3334 
4415 1813 9 2188 
4416 1319 684 2657 
4417 3296 2024 3297 
4418 2208 2206 3222 
4419 1638 2179 2402 
4420 1819 1879 1880 
4421 2470 2469 2472 
4422 2456 2455 2698 
4423 1425 1009 2029 
4424 1111 1338 2443 
4425 1764 2348 2349 
4426 1208 2193 2774 
4427 1454 1455 1456 
4428 1901 1353 3295 
4429 1903 1904 1905 
4430 2015 2301 2565 
4431 2893 1883 3095 
4432 2711 2710 2712 
4433 1854 1606 1855 
4434 11 678 2835 
4435 1670 1672 1673 
4436 2565 2301 2961 
4437 1652 1653 1654 
4438 2164 1237 2287 
4439 1108 1107 1470 
4440 1996 1994 1997 
4441 1996 1997 1998 
4442 1419 857 2487 
4443 1189 1188 1397 
4444 3562 3013 4448 
4445 1704 1706 3232 
4446 2147 2592 2593 
4447 1447 1449 1450 
4448 1110 1109 1627 
4449 1837 1835 1838 
4450 1036 98 1392 
4451 1948 1738 2126 
4452 989 988 2288 
4453 2121 3032 3123 
4454 855 854 1364 
4455 1353 1022 2024 
4456 882 1304 2832 
4457 2991 1517 3938 
4458 1227 1226 2889 
4459 1892 1889 3342 
4460 3339 3338 3340 
4461 2709 2708 2710 
4462 1159 1158 3746 
4463 1539 1100 2618 
4464 3483 1661 3502 
4465 2217 2172 3462 
4466 1719 1729 3315 
4467 1945 1946 2229 
4468 2699 2698 2700 
4469 2144 2085 2145 
4470 1893 1895 1897 
4471 1347 2448 2449 
4472 1185 2307 2409 
4473 1716 1711 1719 
4474 1898 3326 3342 
4475 2039 2037 3316 
4476 2649 2395 2919 
4477 1755 2509 2825 
4478 1788 1786 2381 
4479 1456 1459 1460 
4480 1893 1897 3305 
4481 439 440 3330 
4482 3588 4053 4054 
4483 985 1815 3822 
4484 1307 1809 1810 
4485 1907 1909 1910 
4486 2302 2103 3273 
4487 1168 1167 2339 
4488 1775 2085 2144 
4489 2580 2063 3226 
4490 1654 1655 1656 
4491 858 857 1419 
4492 2404 1846 2845 
4493 1872 1874 3253 
4494 926 925 1324 
4495 813 812 1799 
4496 3320 2156 3321 
4497 3288 1749 3489 
4498 1891 1889 1892 
4499 3100 3307 3838 
4500 288 289 1273 
4501 4074 2807 4289 
4502 2146 2148 2149 
4503 68 918 1368 
4504 2267 2264 3415 
4505 1122 1121 1610 
4506 2175 1891 3305 
4507 1699 1702 1712 
4508 2255 2256 2289 
4509 1729 1775 3315 
4510 1706 1710 1714 
4511 861 860 1556 
4512 1483 1484 1485 
4513 2032 1432 2272 
4514 1130 1129 1271 
4515 2145 2085 3341 
4516 3104 2932 3134 
4517 1819 1811 1879 
4518 1473 1451 1474 
4519 2116 1908 2160 
4520 2760 2284 3543 
4521 2519 2762 2981 
4522 289 290 3291 
4523 2473 2472 2642 
4524 1589 1591 3355 
4525 1521 740 2322 
4526 2037 2879 3316 
4527 2298 2235 2299 
4528 1891 1893 3305 
4529 1141 1140 1343 
4530 1676 1677 1678 
4531 1659 3277 3344 
4532 1919 2570 2689 
4533 2453 1982 2454 
4534 95 1022 1353 
4535 3034 4022 4228 
4536 3161 3160 3162 
4537 2414 2063 2580 
4538 2206 2452 3222 
4539 1374 839 2218 
4540 991 990 1362 
4541 1809 2389 3310 
4542 2703 2701 3012 
4543 1746 1744 3038 
4544 1018 94 1281 
4545 1601 1509 3345 
4546 1690 1691 1692 
4547 1489 1491 1492 
4548 1224 141 1243 
4549 1589 1590 1591 
4550 1498 1499 1500 
4551 3367 2700 3551 
4552 1877 1323 1878 
4553 814 44 1502 
4554 924 1437 3092 
4555 2464 944 4526 
4556 2615 3950 4213 
4557 1692 1693 1694 
4558 1269 876 2435 
4559 1362 2849 3053 
4560 2468 2466 2469 
4561 1492 1493 1494 
4562 1729 1774 1775 
4563 1694 1695 1696 
4564 816 815 1311 
4565 3315 2144 3365 
4566 2586 2588 3550 
4567 2172 1956 2945 
4568 1548 1589 3228 
4569 2131 2133 2134 
4570 2335 2080 3171 
4571 2725 2726 2727 
4572 1890 1891 2175 
4573 2826 2190 3101 
4574 1278 3847 4092 
4575 865 864 2446 
4576 1520 2603 4229 
4577 1688 1689 1690 
4578 1912 1746 1913 
4579 703 1352 1599 
4580 1889 1887 3342 
4581 907 65 1571 
4582 2154 1892 3342 
4583 2707 2705 2708 
4584 972 971 1560 
4585 2289 2290 3322 
4586 1745 1744 1746 
4587 1893 1892 1894 
4588 1781 1526 1782 
4589 1903 1906 3318 
4590 1470 1107 2663 
4591 2595 2594 2932 
4592 1684 1685 1686 
4593 3149 3146 3270 
4594 1775 1923 2085 
4595 1903 1901 1904 
4596 1947 2758 2759 
4597 2592 2145 3341 
4598 1686 1687 1688 
4599 1337 1525 1526 
4600 1810 1818 2216 
4601 1682 1683 1684 
4602 1307 1808 1809 
4603 1767 1768 1920 
4604 2121 3123 3314 
4605 3242 3244 3245 
4606 1496 1497 1498 
4607 2250 1617 2251 
4608 438 439 1409 
4609 1060 1059 1394 
4610 1678 1679 1680 
4611 1542 1479 1543 
4612 2149 2455 2456 
4613 2677 2676 2678 
4614 1294 1011 2220 
4615 3045 2207 3427 
4616 2634 1986 2948 
4617 1092 1091 2536 
4618 2083 2152 2310 
4619 1663 1664 1665 
4620 1165 1164 1303 
4621 802 801 1331 
4622 1554 2691 2692 
4623 1775 1774 1923 
4624 2199 2556 2557 
4625 1231 1573 2123 
4626 2694 1321 2863 
4627 34 769 1844 
4628 1723 1686 3494 
4629 1868 830 2460 
4630 1656 1657 1658 
4631 1680 1681 1682 
4632 1633 1826 2242 
4633 142 1267 1945 
4634 2998 2516 3954 
4635 2480 2278 3680 
4636 948 947 1458 
4637 2146 2149 3365 
4638 1907 1905 1909 
4639 1717 3281 3556 
4640 1904 1901 3295 
4641 1556 860 2827 
4642 1235 1234 1971 
4643 2735 2842 4130 
4644 677 2156 3320 
4645 1733 1682 3508 
4646 888 60 1608 
4647 2903 1923 3352 
4648 1719 1720 1729 
4649 1106 113 1312 
4650 2085 1923 2902 
4651 355 356 1274 
4652 1756 3235 3239 
4653 1437 923 2916 
4654 2876 1990 2980 
4655 1729 1730 1774 
4656 1310 3129 3571 
4657 1189 1397 2450 
4658 1755 1139 2509 
4659 1665 1667 1668 
4660 1776 1939 2761 
4661 1923 1774 3352 
4662 1989 1988 2621 
4663 1616 1582 1617 
4664 1873 1872 2366 
4665 1582 1515 1916 
4666 1809 1808 2389 
4667 2720 2721 2722 
4668 1615 1918 1919 
4669 36 2092 2093 
4670 1362 990 2849 
4671 2949 2948 3141 
4672 2032 2272 3216 
4673 1820 1732 3338 
4674 1783 2136 2137 
4675 1696 1695 1697 
4676 1696 1697 3309 
4677 3005 1765 3958 
4678 870 869 2803 
4679 869 868 1277 
4680 1974 1976 2125 
4681 2101 2100 2102 
4682 2489 2487 2594 
4683 2139 2541 2542 
4684 3729 2683 3939 
4685 2327 3279 3829 
4686 285 286 1240 
4687 1592 2857 2858 
4688 1207 1206 2549 
4689 1970 1969 3312 
4690 1888 1887 1889 
4691 2115 3039 3059 
4692 1309 2782 3478 
4693 1684 1723 3508 
4694 3055 1345 3195 
4695 1579 2660 2661 
4696 2158 1573 2960 
4697 1688 1713 3494 
4698 1136 1840 2786 
4699 3418 1429 4102 
4700 944 1282 4526 
4701 117 1139 1755 
4702 1856 1855 1857 
4703 1791 1663 3260 
4704 1694 1693 1695 
4705 1714 1710 1715 
4706 2085 2902 3341 
4707 2119 2121 3314 
4708 1442 1452 3423 
4709 1888 1889 1890 
4710 1046 1045 1417 
4711 108 1356 2465 
4712 1012 1011 1294 
4713 3490 2019 4014 
4714 1692 1694 3373 
4715 2456 2698 2699 
4716 1037 2510 2931 
4717 69 938 1341 
4718 1238 1237 2164 
4719 1069 1068 4106 
4720 1776 2761 3352 
4721 2843 2317 2844 
4722 1271 1886 1887 
4723 2038 1970 3312 
4724 1745 1746 1912 
4725 1707 1696 3309 
4726 2345 1601 3345 
4727 3112 2291 3747 
4728 1922 1920 3436 
4729 1421 2999 4496 
4730 2160 1908 3379 
4731 285 1240 3349 
4732 1591 2222 3355 
4733 1370 1143 2314 
4734 1289 1479 1542 
4735 1692 1691 1693 
4736 3084 2727 3837 
4737 2574 1957 2579 
4738 885 884 1899 
4739 1859 3807 4082 
4740 3111 2160 3379 
4741 3310 2389 3311 
4742 4405 2609 4425 
4743 2181 2182 2543 
4744 2377 4070 4094 
4745 4129 1475 4500 
4746 1191 1190 1629 
4747 2007 2013 3079 
4748 2010 2009 2011 
4749 877 876 1269 
4750 2764 2768 4196 
4751 1774 1730 1776 
4752 1383 3227 4194 
4753 1910 1909 1911 
4754 1887 1898 3342 
4755 2147 2145 2592 
4756 885 1899 2297 
4757 890 2140 2529 
4758 2902 1923 2903 
4759 1938 1937 2358 
4760 1729 1720 1730 
4761 1037 1036 2510 
4762 1780 1526 1781 
4763 284 285 3349 
4764 2149 3290 3365 
4765 2699 2700 2701 
4766 2713 2714 2715 
4767 2161 2160 2563 
4768 1900 1353 1901 
4769 1299 2950 3105 
4770 1239 1238 1270 
4771 2349 3248 3361 
4772 981 980 1307 
4773 1187 1504 3087 
4774 1276 66 2606 
4775 1372 284 3349 
4776 2234 2052 2235 
4777 1962 3324 3325 
4778 2297 1899 2561 
4779 1289 1478 1479 
4780 1690 1689 1691 
4781 117 1755 2018 
4782 2761 1939 3343 
4783 1014 1559 2227 
4784 1774 1776 3352 
4785 1265 1438 1439 
4786 2114 2681 3469 
4787 3061 3060 3872 
4788 1534 2055 2056 
4789 1307 980 1808 
4790 2709 2710 2711 
4791 1271 1129 1886 
4792 2334 2344 3671 
4793 3050 3051 3200 
4794 2525 2526 2628 
4795 1939 2025 3343 
4796 2786 1840 2985 
4797 1719 1711 1720 
4798 283 284 1372 
4799 2722 2721 2723 
4800 2711 2712 2713 
4801 1136 120 1840 
4802 1884 2318 2513 
4803 1599 1600 2896 
4804 2387 2437 3331 
4805 1906 2115 3318 
4806 1012 1294 2311 
4807 1895 1896 2083 
4808 2064 1533 2129 
4809 1707 3309 3357 
4810 1674 1865 2087 
4811 1394 2211 2233 
4812 1991 939 4163 
4813 1577 912 2599 
4814 3745 2178 3801 
4815 3309 1697 3317 
4816 2311 1294 2520 
4817 2233 2750 2778 
4818 872 871 2636 
4819 1271 1887 1888 
4820 952 951 2321 
4821 1231 1230 1573 
4822 1592 106 2857 
4823 2724 2723 2729 
4824 707 18 1286 
4825 3172 3573 3622 
4826 2099 2098 2100 
4827 2707 2708 2709 
4828 1370 2458 3420 
4829 1116 1115 1351 
4830 3074 2217 3678 
4831 1769 734 1962 
4832 92 1009 1425 
4833 1219 1321 2694 
4834 2134 2418 2419 
4835 1670 1668 1672 
4836 2170 3027 3663 
4837 2004 2003 2005 
4838 1784 2201 2535 
4839 1867 1844 2612 
4840 1274 356 3332 
4841 2137 2138 2139 
4842 1155 1154 2901 
4843 2075 2072 2076 
4844 1799 812 2682 
4845 2347 2522 3658 
4846 282 283 3354 
4847 2097 2096 2098 
4848 1998 1999 2181 
4849 1295 1992 1993 
4850 1840 120 2197 
4851 1648 1647 1649 
4852 1688 1687 1689 
4853 3021 3072 4411 
4854 675 10 1361 
4855 15 694 1757 
4856 1234 1233 1275 
4857 3103 3723 3724 
4858 2104 2107 2108 
4859 2498 2207 3045 
4860 1743 1745 3366 
4861 1676 1673 1677 
4862 95 1353 1900 
4863 1579 705 2660 
4864 2127 1601 2345 
4865 1560 971 3563 
4866 1784 1782 2201 
4867 775 1396 2605 
4868 2144 2146 3365 
4869 2179 1846 2404 
4870 1686 1685 1687 
4871 2012 2206 2208 
4872 1591 1988 1989 
4873 2561 3946 4383 
4874 2062 1912 2063 
4875 2636 871 3011 
4876 1452 2157 3423 
4877 2387 2436 2437 
4878 2790 2079 2791 
4879 1337 863 1525 
4880 2908 2669 4286 
4881 1684 1683 1685 
4882 1091 1090 1850 
4883 872 2636 2963 
4884 429 430 1536 
4885 1232 143 1621 
4886 356 357 3332 
4887 957 956 1268 
4888 1480 57 2319 
4889 2030 2029 2597 
4890 1243 1934 1935 
4891 283 1372 3354 
4892 281 282 1242 
4893 2994 2532 4362 
4894 949 76 1535 
4895 1427 1510 1628 
4896 1652 1650 1653 
4897 2242 2243 2882 
4898 725 724 1415 
4899 2610 2611 3461 
4900 1898 2503 3326 
4901 1682 1681 1683 
4902 1887 1886 1898 
4903 2523 1250 2524 
4904 1396 774 2277 
4905 1740 1734 1765 
4906 2669 3036 4286 
4907 3509 1421 4496 
4908 1638 1846 2179 
4909 431 432 2304 
4910 3876 3202 3887 
4911 297 298 1248 
4912 2244 1759 3356 
4913 1678 1677 1679 
4914 951 950 1299 
4915 1278 828 2779 
4916 230 231 1749 
4917 1759 1464 2300 
4918 1078 107 1622 
4919 2286 2697 2929 
4920 2962 2860 4000 
4921 864 863 1337 
4922 2489 2850 3292 
4923 2070 2074 3417 
4924 2123 1573 2158 
4925 1290 1044 2360 
4926 1697 1699 3317 
4927 2607 2674 3205 
4928 34 1844 1867 
4929 1680 1679 1681 
4930 760 2798 3663 
4931 1443 1441 1444 
4932 1217 1216 1924 
4933 2521 2520 3128 
4934 1337 1526 1780 
4935 694 693 1325 
4936 136 1203 1292 
4937 2338 2500 3723 
4938 1154 1153 1544 
4939 1894 1892 2154 
4940 1217 1924 1959 
4941 823 2080 2335 
4942 736 735 2924 
4943 2770 2607 3205 
4944 1776 1777 1939 
4945 1939 1940 2025 
4946 2837 1944 2838 
4947 710 709 3035 
4948 3277 3166 3344 
4949 2973 2974 2975 
4950 2062 2063 2414 
4951 14 690 1421 
4952 1907 1910 3379 
4953 2888 1922 3436 
4954 2115 3059 3318 
4955 676 675 3070 
4956 3764 3423 4112 
4957 1743 1744 1745 
4958 229 230 3362 
4959 2311 2520 2521 
4960 829 828 1278 
4961 295 296 1373 
4962 2083 1896 2152 
4963 1596 1595 1872 
4964 2028 4042 4243 
4965 42 804 1612 
4966 1644 1645 1646 
4967 3307 2435 3838 
4968 3318 3059 3319 
4969 39 1309 4096 
4970 2205 723 2669 
4971 706 705 1579 
4972 1694 1700 3373 
4973 1711 1707 3357 
4974 1486 1485 1487 
4975 2702 2701 2703 
4976 1554 2692 2998 
4977 1482 1460 1483 
4978 438 1409 3329 
4979 709 708 1512 
4980 2600 1980 3363 
4981 944 943 1282 
4982 1720 1711 3357 
4983 2162 1743 3366 
4984 2760 3543 4108 
4985 2750 2211 3375 
4986 1654 1653 1655 
4987 1396 2277 2650 
4988 299 300 3367 
4989 2010 2011 2012 
4990 775 774 1396 
4991 1242 282 3354 
4992 1561 1500 1562 
4993 2720 2719 2721 
4994 2190 2189 3308 
4995 999 998 2002 
4996 4051 2745 4468 
4997 941 940 3795 
4998 228 229 1398 
4999 1776 1730 1777 
5000 1783 2137 3431 
5001 1769 1962 2900 
5002 945 944 2464 
5003 1054 102 2271 
5004 1908 1907 3379 
5005 2377 2530 2531 
5006 2387 2050 2436 
5007 707 1286 2851 
5008 2605 1396 3421 
5009 949 1535 4066 
5010 1925 2057 2058 
5011 1312 2291 3112 
5012 1148 1420 1471 
5013 1361 2254 2255 
5014 2127 2345 2346 
5015 1898 1886 2248 
5016 1499 1764 3361 
5017 2149 2456 3290 
5018 2734 2289 3322 
5019 1450 1449 1451 
5020 2102 2104 2105 
5021 155 156 1280 
5022 137 2187 3836 
5023 1745 1912 2062 
5024 2005 2003 3064 
5025 3346 2518 4346 
5026 737 736 1472 
5027 300 301 1241 
5028 1202 1201 1800 
5029 1311 815 2668 
5030 1488 1487 1489 
5031 2062 2414 3114 
5032 2488 2489 3292 
5033 2122 2869 3197 
5034 2572 2955 4298 
5035 2844 3024 3054 
5036 357 358 1371 
5037 2704 2703 2705 
5038 302 303 1376 
5039 2951 1592 3680 
5040 1039 1038 2273 
5041 724 723 2205 
5042 1327 2096 2097 
5043 2684 2683 3729 
5044 4228 3666 4311 
5045 2854 2126 3282 
5046 97 1049 1427 
5047 2238 1773 3437 
5048 901 900 1332 
5049 2588 2589 2590 
5050 303 304 3372 
5051 427 428 1330 
5052 1101 1100 1539 
5053 1728 1731 1732 
5054 1730 1720 3369 
5055 3177 2267 3415 
5056 1759 2300 3356 
5057 348 349 1382 
5058 811 810 1308 
5059 304 305 1245 
5060 1841 1806 1961 
5061 1495 1494 1496 
5062 692 691 1620 
5063 1885 2241 2463 
5064 1952 1298 3459 
5065 305 306 3371 
5066 1693 1691 1724 
5067 1176 1416 2405 
5068 818 817 1602 
5069 306 307 1378 
5070 2285 1791 3260 
5071 2563 2160 3111 
5072 877 1269 2155 
5073 1743 1742 1744 
5074 75 945 1793 
5075 1656 1655 1657 
5076 1978 1981 1982 
5077 3336 2497 3970 
5078 1480 2319 2341 
5079 2729 2731 2732 
5080 308 309 1255 
5081 1086 1085 1613 
5082 1898 2248 2503 
5083 107 1077 1366 
5084 1031 1030 2375 
5085 93 1031 2225 
5086 1663 1660 1664 
5087 437 438 3329 
5088 691 14 2568 
5089 1428 3060 3061 
5090 2844 2317 3024 
5091 1745 2062 3366 
5092 1421 690 2897 
5093 63 899 1814 
5094 2087 1865 2294 
5095 2699 2701 2702 
5096 1048 1047 1557 
5097 1895 1894 1896 
5098 2179 2404 2632 
5099 2706 2705 2707 
5100 1741 1743 2162 
5101 2914 2248 3044 
5102 1064 1063 1291 
5103 349 350 3370 
5104 960 959 1288 
5105 1940 1777 2159 
5106 152 153 1335 
5107 711 2110 2111 
5108 2410 3483 3502 
5109 3297 2117 3564 
5110 1781 1783 3431 
5111 2883 2243 3426 
5112 1053 1609 3605 
5113 2236 1773 2238 
5114 1490 3565 3706 
5115 101 1067 1914 
5116 936 935 1929 
5117 2706 3018 3019 
5118 672 671 1297 
5119 1732 1817 3338 
5120 230 1749 3362 
5121 1243 141 1934 
5122 2093 2379 2821 
5123 2152 1896 2614 
5124 347 348 3385 
5125 1935 1934 1937 
5126 1147 1146 1538 
5127 1110 1627 2223 
5128 2495 2812 2813 
5129 2512 3038 4133 
5130 1458 1881 4052 
5131 1738 1727 3389 
5132 1939 1777 1940 
5133 357 1371 3332 
5134 783 782 1839 
5135 1665 1664 1667 
5136 1067 1066 2591 
5137 1299 2320 2950 
5138 293 294 2327 
5139 1039 2273 2905 
5140 735 734 1769 
5141 2674 2608 2675 
5142 1300 1103 3917 
5143 1780 1781 2088 
5144 2465 1356 2466 
5145 2702 2703 2704 
5146 350 351 2328 
5147 1446 1444 1447 
5148 1549 1215 2021 
5149 336 337 1254 
5150 1767 1569 1768 
5151 3694 2277 4001 
5152 310 311 1377 
5153 1702 1703 1704 
5154 1697 1698 1699 
5155 3543 3245 4449 
5156 206 207 1403 
5157 2937 742 4538 
5158 3333 2366 3818 
5159 342 343 1260 
5160 1428 1131 3060 
5161 3042 2350 4040 
5162 1421 2897 2999 
5163 1077 1076 2947 
5164 1689 1687 1736 
5165 1440 1442 3423 
5166 1584 1503 2221 
5167 1658 1657 1661 
5168 1885 2463 2946 
5169 2062 3114 3366 
5170 1653 1650 3457 
5171 339 340 1244 
5172 343 344 3382 
5173 2794 1320 2795 
5174 3279 2327 4287 
5175 1277 868 2872 
5176 1325 693 3047 
5177 328 329 1249 
5178 3098 2033 3130 
5179 337 338 3380 
5180 2397 2396 3604 
5181 1299 950 2320 
5182 2050 2048 3376 
5183 344 345 1380 
5184 2675 2676 2677 
5185 1704 1705 1706 
5186 1502 1926 1927 
5187 330 331 1381 
5188 1066 1065 2324 
5189 1857 1855 2239 
5190 2322 2553 3855 
5191 1765 3006 3817 
5192 345 346 3384 
5193 1720 3357 3369 
5194 1697 1695 1698 
5195 1940 2159 2214 
5196 711 710 2110 
5197 346 347 1262 
5198 333 334 1261 
5199 2523 2524 2525 
5200 2046 2045 2047 
5201 1557 2752 2753 
5202 390 391 1580 
5203 1699 1701 1702 
5204 1667 2411 3364 
5205 1396 2650 3421 
5206 2394 3491 4272 
5207 2207 2011 3427 
5208 3017 2837 4285 
5209 2468 2469 2470 
5210 2222 1989 2617 
5211 189 190 1383 
5212 3311 1507 3992 
5213 2451 1927 3036 
5214 1557 2753 2754 
5215 1398 229 3362 
5216 80 962 1406 
5217 1976 1977 1978 
5218 2289 2256 2290 
5219 1347 1026 2448 
5220 1483 1485 1486 
5221 2975 2976 2977 
5222 916 915 1546 
5223 2709 2711 2956 
5224 1807 1842 1884 
5225 2688 2685 3477 
5226 3308 2189 3374 
5227 2358 2816 3005 
5228 2607 2608 2674 
5229 1726 1735 1750 
5230 2704 2705 2706 
5231 2205 2669 2908 
5232 1316 3214 3748 
5233 752 751 1466 
5234 791 39 1503 
5235 1452 1454 2157 
5236 1202 1800 2550 
5237 389 390 3393 
5238 1691 1689 3383 
5239 3050 3200 3201 
5240 2340 3184 3728 
5241 1068 105 3472 
5242 1777 1730 3369 
5243 1000 999 1348 
5244 1884 2279 2318 
5245 1959 1924 2571 
5246 937 936 2390 
5247 1804 1803 1806 
5248 1842 1841 1843 
5249 1562 1564 2191 
5250 156 157 3429 
5251 2875 3572 3889 
5252 1233 1232 2627 
5253 188 189 3396 
5254 1265 133 1438 
5255 2706 2707 3018 
5256 1807 1806 1841 
5257 313 314 1253 
5258 1055 1054 1296 
5259 1920 1768 2336 
5260 686 685 2040 
5261 3309 3317 3500 
5262 2550 2551 2552 
5263 1640 1641 1642 
5264 146 147 1794 
5265 2476 2477 2638 
5266 1658 1661 3483 
5267 1456 1460 1482 
5268 1683 1681 1792 
5269 1502 44 1926 
5270 1695 1693 3444 
5271 2571 1924 2776 
5272 3140 335 4062 
5273 2713 2715 2881 
5274 3105 2950 4390 
5275 1900 1902 2959 
5276 1392 2625 3350 
5277 296 297 3448 
5278 892 891 1302 
5279 388 389 2068 
5280 1121 1120 3471 
5281 1084 1083 1457 
5282 1610 1121 3471 
5283 1741 1742 1743 
5284 3509 2094 4457 
5285 1646 1645 1647 
5286 2619 3994 4079 
5287 1764 2349 3361 
5288 297 1248 3448 
5289 1969 3313 3598 
5290 1073 106 1592 
5291 1618 1617 2250 
5292 2155 1269 2564 
5293 2030 2597 2598 
5294 2470 2472 2473 
5295 2949 3700 3732 
5296 1492 1494 1495 
5297 2819 1370 3420 
5298 187 188 1414 
5299 1434 3067 4049 
5300 300 1241 3367 
5301 403 404 1357 
5302 2517 1922 2888 
5303 1728 1715 1731 
5304 1557 1047 2752 
5305 238 239 2192 
5306 1145 1144 1284 
5307 1638 1127 1846 
5308 2456 2699 3395 
5309 316 317 1246 
5310 191 192 1287 
5311 1789 1666 2198 
5312 1668 1667 3364 
5313 1692 3373 3447 
5314 2298 2299 2532 
5315 1591 1989 2222 
5316 1802 1804 1805 
5317 1956 1952 3459 
5318 787 3954 4343 
5319 2213 2076 2350 
5320 1635 1625 4469 
5321 200 201 1358 
5322 2973 2971 2974 
5323 193 194 1408 
5324 167 168 1339 
5325 1596 1872 1873 
5326 2452 2498 3336 
5327 1308 810 2491 
5328 227 228 3445 
5329 186 187 3397 
5330 194 195 3407 
5331 201 202 3404 
5332 3067 1463 4049 
5333 199 200 3405 
5334 1176 129 1416 
5335 917 916 2413 
5336 2770 3205 3432 
5337 3221 2475 3523 
5338 1878 2391 2392 
5339 1741 1740 1742 
5340 1637 1601 2127 
5341 414 415 2060 
5342 2088 1781 3431 
5343 1486 1487 1488 
5344 1152 124 1334 
5345 1637 2127 2757 
5346 1373 296 3448 
5347 1812 1808 4494 
5348 1706 1708 1710 
5349 198 199 1407 
5350 1705 1703 1721 
5351 1316 2347 4554 
5352 3167 318 3931 
5353 195 196 3410 
5354 897 896 1301 
5355 1468 867 3328 
5356 1498 1500 1561 
5357 1088 109 2507 
5358 387 388 3392 
5359 319 320 1256 
5360 2159 1777 3369 
5361 1679 1677 2641 
5362 2588 2587 2589 
5363 1200 135 2799 
5364 3544 1336 4471 
5365 185 186 1429 
5366 183 184 1386 
5367 184 185 3418 
5368 2501 2150 3547 
5369 196 197 1402 
5370 278 279 1259 
5371 1612 804 3854 
5372 2454 1982 2584 
5373 3557 1404 4510 
5374 2467 2471 2476 
5375 2242 2882 2884 
5376 402 403 3398 
5377 1974 1975 1976 
5378 1276 2607 2770 
5379 367 368 1611 
5380 2126 1738 3389 
5381 1674 2087 3502 
5382 3272 1815 3639 
5383 3089 2517 3850 
5384 1945 2229 3008 
5385 1814 899 2078 
5386 1502 1927 2202 
5387 1624 2492 4492 
5388 1376 303 3372 
5389 1312 113 2291 
5390 2436 2050 3376 
5391 3510 1463 4026 
5392 917 2413 2546 
5393 134 1250 2523 
5394 965 964 1830 
5395 1807 1841 1842 
5396 1701 1698 2186 
5397 3317 1712 3530 
5398 1427 1049 1509 
5399 3290 2456 3395 
5400 1566 1595 1596 
5401 40 795 1320 
5402 3995 2111 4326 
5403 2550 1800 2551 
5404 961 960 1801 
5405 1884 1842 2279 
5406 304 1245 3372 
5407 2099 2100 2101 
5408 1724 1691 3383 
5409 2058 2505 3118 
5410 2221 3478 3598 
5411 1837 1838 2130 
5412 2546 2989 4240 
5413 1495 1496 1773 
5414 166 167 3409 
5415 788 787 4343 
5416 1425 2029 2030 
5417 2282 3324 3359 
5418 1641 3108 4244 
5419 1152 1334 2717 
5420 1897 3269 3513 
5421 1616 1617 1618 
5422 1245 305 3371 
5423 1804 1806 1807 
5424 1982 1981 3446 
5425 1538 2667 3076 
5426 1606 1604 3414 
5427 144 1235 4080 
5428 2633 2634 3501 
5429 1732 1763 1817 
5430 1488 1489 1490 
5431 3573 1462 3622 
5432 1833 1835 1837 
5433 1672 1668 3364 
5434 1674 1789 1865 
5435 306 1378 3371 
5436 2271 3126 4314 
5437 726 725 2303 
5438 2699 2702 3395 
5439 3079 2647 4551 
5440 3332 1371 3333 
5441 1890 2175 2176 
5442 1715 1710 3388 
5443 3198 1313 4283 
5444 1486 1488 1619 
5445 2452 2207 2498 
5446 2097 2098 2099 
5447 401 402 1795 
5448 1667 2410 2411 
5449 834 2787 4186 
5450 385 386 2428 
5451 1382 349 3370 
5452 1858 2640 3635 
5453 1717 3556 3583 
5454 4296 3453 4465 
5455 906 905 1537 
5456 2474 2479 2622 
5457 1797 1653 3457 
5458 119 1131 1428 
5459 700 699 4413 
5460 2137 2749 3431 
5461 2132 1838 3664 
5462 2088 4203 4354 
5463 2623 2479 2624 
5464 2131 2134 3516 
5465 1482 1483 3439 
5466 3545 2272 4068 
5467 1689 1736 3383 
5468 77 965 1928 
5469 1118 1117 2153 
5470 674 673 1752 
5471 348 1382 3385 
5472 400 401 3424 
5473 1726 1750 3403 
5474 1878 1323 2391 
5475 157 158 1375 
5476 237 238 3401 
5477 2513 3767 4053 
5478 1483 1486 3439 
5479 1650 1649 3457 
5480 165 166 1384 
5481 2729 2723 2731 
5482 1735 1734 1740 
5483 1884 2513 3518 
5484 2111 2110 3037 
5485 1693 1724 3444 
5486 1495 1773 2183 
5487 1029 1028 4037 
5488 147 148 3391 
5489 413 414 3412 
5490 1325 3047 3048 
5491 2975 2974 2976 
5492 908 907 1390 
5493 1726 1725 1734 
5494 2334 2343 2344 
5495 2099 2101 2106 
5496 277 278 3443 
5497 214 215 2282 
5498 920 919 3858 
5499 1735 1740 1741 
5500 1800 1201 2408 
5501 2324 1065 2325 
5502 3524 1462 3573 
5503 2793 2639 4534 
5504 2221 3598 3768 
5505 3669 1750 3754 
5506 2310 2152 3133 
5507 1751 1581 3630 
5508 1702 1701 1703 
5509 3282 2126 3389 
5510 1704 1703 1705 
5511 350 2328 3370 
5512 164 165 3435 
5513 910 909 1388 
5514 1865 1789 2249 
5515 2209 2208 2852 
5516 1718 1708 1725 
5517 3513 3269 3517 
5518 3346 2421 3347 
5519 2358 1937 2816 
5520 2234 2235 2298 
5521 1699 1698 1701 
5522 2479 2478 3430 
5523 1084 1457 2577 
5524 365 366 2293 
5525 231 232 3489 
5526 1280 156 3429 
5527 1726 1734 1735 
5528 160 161 1354 
5529 1538 1146 2490 
5530 2137 2139 2749 
5531 1978 1977 1981 
5532 1975 1973 1979 
5533 2503 2248 2914 
5534 1102 2017 2323 
5535 2183 1773 2236 
5536 1439 1438 2200 
5537 1074 1073 2951 
5538 2589 2587 2989 
5539 2101 2102 3428 
5540 1974 1973 1975 
5541 426 427 3368 
5542 1661 1666 1674 
5543 2163 3456 3586 
5544 1706 1705 1708 
5545 942 74 1772 
5546 163 164 1387 
5547 23 726 1598 
5548 1075 1074 3230 
5549 1681 1679 3440 
5550 1655 1653 1797 
5551 1630 1436 1786 
5552 384 385 3425 
5553 2047 2052 2234 
5554 228 1398 3445 
5555 794 793 1523 
5556 1732 1731 1763 
5557 1262 347 3385 
5558 2405 1416 2406 
5559 1028 1027 1423 
5560 2153 1117 2497 
5561 1254 337 3380 
5562 904 903 1326 
5563 1369 1825 4489 
5564 1718 1725 1726 
5565 1981 1983 2028 
5566 1260 343 3382 
5567 3532 2215 3533 
5568 3018 2707 3481 
5569 2236 2238 3466 
5570 2492 2354 4492 
5571 2258 1008 4045 
5572 1920 2336 3436 
5573 2368 2369 2370 
5574 150 151 1379 
5575 2945 1956 3459 
5576 344 1380 3382 
5577 1741 2162 3452 
5578 2076 2072 3417 
5579 1698 1695 3444 
5580 1379 3815 3905 
5581 2313 2056 2619 
5582 1710 1708 1718 
5583 3152 3149 3270 
5584 215 216 3458 
5585 1380 345 3384 
5586 3892 1466 4176 
5587 1780 2088 3962 
5588 2223 1627 2224 
5589 325 326 1263 
5590 276 277 1385 
5591 1626 1062 2014 
5592 2239 1855 3414 
5593 226 227 1636 
5594 412 413 2651 
5595 3840 2485 4210 
5596 1351 1115 2809 
5597 2171 1763 2215 
5598 2454 2584 3490 
5599 1941 2065 3841 
5600 979 1812 4494 
5601 1510 1601 1637 
5602 1338 114 4007 
5603 1855 1606 3414 
5604 346 1262 3384 
5605 2525 2628 2820 
5606 1909 3128 3973 
5607 672 1297 2572 
5608 2707 2709 3481 
5609 3583 3019 3621 
5610 2439 3275 3524 
5611 2614 3327 4436 
5612 149 150 3451 
5613 391 392 3386 
5614 3228 2910 3803 
5615 1489 1492 3433 
5616 1661 1657 1666 
5617 1667 1664 2410 
5618 1674 1666 1789 
5619 1496 1498 3437 
5620 2484 2228 2485 
5621 2757 2127 3493 
5622 2624 2479 3430 
5623 2584 1982 3446 
5624 1392 98 2625 
5625 3062 3061 3063 
5626 2641 3093 4154 
5627 1853 1854 3635 
5628 3101 2190 3308 
5629 3054 1913 3857 
5630 1981 2028 3446 
5631 239 240 3400 
5632 1596 1873 1875 
5633 750 29 1950 
5634 2008 2006 2009 
5635 1976 1975 1977 
5636 1731 1715 3388 
5637 1439 2200 3507 
5638 1486 1619 3439 
5639 1454 1456 3434 
5640 2467 2466 2468 
5641 390 1580 3393 
5642 1750 1735 3452 
5643 381 382 1412 
5644 380 381 3449 
5645 2476 2471 2477 
5646 379 380 1845 
5647 207 208 3381 
5648 1444 1441 3507 
5649 148 149 1389 
5650 1804 1807 3518 
5651 3591 2321 3778 
5652 275 276 3442 
5653 2869 2868 2870 
5654 436 437 3498 
5655 2709 2956 3481 
5656 1749 231 3489 
5657 1510 1509 1601 
5658 397 398 2672 
5659 1441 1439 3507 
5660 382 383 3450 
5661 2362 3287 3569 
5662 2459 2449 3029 
5663 1564 1566 3495 
5664 2622 2479 2623 
5665 322 323 1264 
5666 2465 2466 2467 
5667 1686 1688 3494 
5668 2043 2045 2046 
5669 189 1383 3396 
5670 1773 1496 3437 
5671 2261 3123 3645 
5672 383 384 1933 
5673 4226 3681 4461 
5674 1571 3402 3967 
5675 2370 2371 2372 
5676 1490 1489 3433 
5677 408 409 2356 
5678 411 412 3463 
5679 2106 2101 2424 
5680 132 1187 3087 
5681 2598 2597 4161 
5682 2193 137 3836 
5683 2590 2589 3185 
5684 1167 2554 4353 
5685 1204 136 3593 
5686 791 1503 1583 
5687 1096 1095 4299 
5688 2826 3102 4245 
5689 1005 2745 3638 
5690 1660 1658 3483 
5691 1792 1681 3440 
5692 251 252 1522 
5693 2422 2188 3071 
5694 225 226 3465 
5695 1981 1977 1983 
5696 2546 2413 3028 
5697 2058 2057 2505 
5698 1057 1056 1754 
5699 216 217 1531 
5700 335 3140 4269 
5701 2068 389 3393 
5702 1534 2056 2313 
5703 2495 2059 2812 
5704 2127 2346 3493 
5705 1644 1642 1645 
5706 3357 3309 3500 
5707 2978 2976 3172 
5708 2577 3182 3272 
5709 1813 2188 2422 
5710 1187 1186 1504 
5711 274 275 1551 
5712 2437 2777 3135 
5713 1995 3029 4488 
5714 3369 3357 3500 
5715 2790 2791 3100 
5716 3753 2288 4515 
5717 3640 3090 4384 
5718 2719 2730 4501 
5719 2474 2473 2478 
5720 3500 3317 3530 
5721 1736 3014 4024 
5722 1835 3203 3664 
5723 1414 188 3396 
5724 889 888 2124 
5725 1311 2668 2906 
5726 1718 1726 3403 
5727 2072 2070 3417 
5728 794 1523 3000 
5729 3388 1718 3403 
5730 2102 2105 3428 
5731 680 1915 4498 
5732 1762 1080 3950 
5733 1679 2641 3440 
5734 2237 2648 3348 
5735 2186 1698 3444 
5736 1817 1763 2171 
5737 1710 1718 3388 
5738 410 411 2930 
5739 2328 3600 4073 
5740 2194 1320 2794 
5741 3769 3605 4087 
5742 2012 2208 2209 
5743 1618 2250 2252 
5744 942 1772 2334 
5745 1281 94 2923 
5746 2796 2488 3292 
5747 1492 1495 3433 
5748 2237 2236 2648 
5749 2956 2711 3506 
5750 1283 2398 3762 
5751 2157 1454 3434 
5752 961 1801 2122 
5753 2008 2009 2010 
5754 2474 2478 2479 
5755 2122 2868 2869 
5756 3487 3453 4296 
5757 2242 2884 3470 
5758 2317 2315 3499 
5759 1805 1804 3518 
5760 1649 2185 3457 
5761 2004 2006 2007 
5762 1682 1684 3508 
5763 2739 3035 4350 
5764 3334 1788 3591 
5765 2437 2436 2777 
5766 1456 1482 3434 
5767 182 183 3419 
5768 224 225 2283 
5769 1735 1741 3452 
5770 850 1822 2895 
5771 2711 2713 3506 
5772 2648 2236 3466 
5773 187 1414 3397 
5774 388 2068 3392 
5775 2977 2976 2978 
5776 1427 1509 1510 
5777 1721 1703 3482 
5778 1374 1635 4469 
5779 2191 1564 3495 
5780 1498 1561 3437 
5781 2713 2881 3506 
5782 1814 2078 2399 
5783 427 1330 3368 
5784 415 416 3413 
5785 1749 3288 3550 
5786 3691 2502 4370 
5787 1358 201 3404 
5788 2905 2273 3215 
5789 200 1358 3405 
5790 2933 2871 4009 
5791 1447 1448 1449 
5792 1408 194 3407 
5793 2572 1297 3462 
5794 1413 1199 1464 
5795 2420 2419 2654 
5796 2854 3282 3616 
5797 2928 1556 3511 
5798 1583 2180 2257 
5799 1423 1027 3033 
5800 403 1357 3398 
5801 1583 1503 1584 
5802 252 253 3455 
5803 1546 915 3022 
5804 1407 199 3405 
5805 3407 195 3410 
5806 2350 2076 3417 
5807 786 785 1333 
5808 423 424 2170 
5809 359 360 2023 
5810 378 379 3488 
5811 1875 1873 1944 
5812 168 169 3408 
5813 1544 3086 4422 
5814 1429 186 3397 
5815 1288 959 4095 
5816 2577 1457 3182 
5817 1937 1934 3441 
5818 2971 2439 3524 
5819 2302 3274 3868 
5820 3132 2210 3515 
5821 1976 1978 3546 
5822 2180 1584 2430 
5823 2467 2468 2471 
5824 1445 1443 3622 
5825 1008 2258 4481 
5826 196 1402 3410 
5827 1813 2422 2423 
5828 103 1058 1597 
5829 3281 3395 3556 
5830 167 1339 3409 
5831 1386 184 3418 
5832 185 1429 3418 
5833 1640 1474 1641 
5834 2015 2565 2861 
5835 2946 2463 4043 
5836 157 1375 3429 
5837 1175 2716 4520 
5838 1523 793 3058 
5839 3269 2967 3517 
5840 2006 2005 3503 
5841 1701 2186 3482 
5842 2183 2236 2237 
5843 1623 3744 3865 
5844 3039 2116 3644 
5845 1875 1944 2515 
5846 2159 3369 3500 
5847 2470 2473 2474 
5848 1794 147 3391 
5849 1248 298 3551 
5850 2341 2319 3422 
5851 54 858 2909 
5852 3774 1300 3917 
5853 2424 2101 3428 
5854 908 1390 2806 
5855 238 2192 3401 
5856 2339 1167 4353 
5857 1664 1660 3483 
5858 3543 1253 4108 
5859 1705 1721 3475 
5860 89 1572 4382 
5861 2950 2320 3651 
5862 2461 3072 4109 
5863 1538 2490 2667 
5864 2544 2545 3353 
5865 1495 2183 3433 
5866 2198 1666 3473 
5867 1879 3310 3559 
5868 1055 1296 2338 
5869 1795 402 3398 
5870 1381 2979 4184 
5871 3345 2754 3978 
5872 3103 3724 4200 
5873 3282 3339 3616 
5874 1839 782 3004 
5875 273 274 3460 
5876 291 292 3599 
5877 240 241 1350 
5878 437 3329 3498 
5879 418 419 2429 
5880 352 353 3600 
5881 2002 998 2569 
5882 2858 2859 3882 
5883 2534 1359 3657 
5884 1526 1525 3613 
5885 393 394 3484 
5886 1649 1828 2185 
5887 3123 3124 3645 
5888 2002 2569 2831 
5889 425 426 1747 
5890 90 1001 1475 
5891 414 2060 3412 
5892 1657 1655 3473 
5893 181 182 3464 
5894 253 254 2384 
5895 1583 1584 2180 
5896 299 3367 3551 
5897 2313 2619 3259 
5898 3024 2317 3499 
5899 2004 2005 2006 
5900 1566 1596 3495 
5901 3179 2326 3538 
5902 4271 2125 4279 
5903 2344 2343 3406 
5904 1341 2228 2484 
5905 1633 2242 3470 
5906 41 818 2518 
5907 1925 1626 2057 
5908 1247 2984 3532 
5909 1326 903 1574 
5910 278 1259 3443 
5911 1580 391 3386 
5912 392 393 1405 
5913 1384 166 3409 
5914 3789 2203 4246 
5915 1403 207 3381 
5916 2637 1574 2671 
5917 2009 2006 3503 
5918 3297 3564 3972 
5919 1447 1444 1448 
5920 407 408 3453 
5921 2251 2935 3859 
5922 2595 3104 3651 
5923 2406 1416 2407 
5924 2260 973 4132 
5925 401 1795 3424 
5926 2122 1801 2868 
5927 2748 3930 4208 
5928 406 407 3487 
5929 1545 1180 4285 
5930 377 378 2818 
5931 232 233 2312 
5932 405 406 1567 
5933 2255 2254 2256 
5934 1407 3405 4302 
5935 2108 2107 2109 
5936 1419 2488 2528 
5937 3133 2571 4377 
5938 3407 3410 3411 
5939 1289 914 1478 
5940 904 1326 2275 
5941 3401 2192 3402 
5942 1000 1348 2647 
5943 1373 3279 4287 
5944 419 420 3480 
5945 1916 1515 3608 
5946 1661 1674 3502 
5947 2819 3420 4279 
5948 3364 2411 3784 
5949 3359 3486 4345 
5950 1636 227 3445 
5951 1428 3061 3062 
5952 2270 3690 3708 
5953 179 180 3497 
5954 1703 1701 3482 
5955 3184 2720 3704 
5956 360 361 3467 
5957 2192 239 3400 
5958 1725 1708 3475 
5959 208 209 1864 
5960 2271 2355 3126 
5961 3205 2674 3785 
5962 2864 2598 2913 
5963 738 1345 3055 
5964 1507 3681 4226 
5965 165 1384 3435 
5966 2515 1944 2837 
5967 235 236 2629 
5968 417 418 3479 
5969 3420 4271 4279 
5970 2816 1937 3441 
5971 1700 1709 3621 
5972 3098 3130 4320 
5973 2153 2497 2983 
5974 1843 3104 4447 
5975 385 2428 3425 
5976 1378 3337 4360 
5977 262 263 1431 
5978 177 178 1340 
5979 1241 3012 4050 
5980 3093 2641 3894 
5981 1655 1797 3473 
5982 4067 1822 4428 
5983 2628 2526 3534 
5984 2271 102 2355 
5985 2111 3037 4326 
5986 973 972 4132 
5987 180 181 1293 
5988 3109 3108 3891 
5989 2134 2420 3516 
5990 2200 1438 2834 
5991 435 436 2502 
5992 2007 2006 2008 
5993 2744 2130 3214 
5994 3080 2249 3781 
5995 3607 3021 4411 
5996 2552 2551 3520 
5997 176 177 3496 
5998 420 421 2792 
5999 1448 1444 3507 
6000 1807 1884 3518 
6001 2437 3135 3905 
6002 1387 164 3435 
6003 3924 1593 4192 
6004 930 1942 4063 
6005 2474 2622 3512 
6006 1708 1705 3475 
6007 2438 2970 3712 
6008 2410 1664 3483 
6009 2750 3375 4443 
6010 2252 3394 4479 
6011 396 397 3525 
6012 1940 2214 3561 
6013 2130 2131 3516 
6014 2007 2008 2013 
6015 1404 3557 4172 
6016 4009 2871 4231 
6017 1057 1754 3143 
6018 2338 1296 2499 
6019 2651 413 3412 
6020 2282 215 3458 
6021 1276 2606 2607 
6022 1385 277 3443 
6023 1795 3398 3399 
6024 1123 1122 3910 
6025 175 176 1393 
6026 2528 2488 2796 
6027 1666 1657 3473 
6028 3127 1340 4198 
6029 1837 2130 2744 
6030 4161 2597 4222 
6031 260 261 2259 
6032 2159 3500 3530 
6033 783 1839 2210 
6034 369 370 1399 
6035 3936 2941 4192 
6036 3395 2702 3556 
6037 1814 2399 2841 
6038 2425 1576 2544 
6039 1449 1448 1540 
6040 209 210 3492 
6041 12 682 4542 
6042 2296 2893 3716 
6043 1361 10 2253 
6044 3416 3264 3831 
6045 40 1320 2194 
6046 241 242 3476 
6047 148 1389 3391 
6048 416 417 1550 
6049 2375 1030 2434 
6050 2810 2811 4003 
6051 1649 1647 1828 
6052 1367 2376 2377 
6053 1519 1034 4200 
6054 1596 1875 3495 
6055 2134 2419 2420 
6056 2544 1576 2545 
6057 2030 2598 2864 
6058 1980 1972 3710 
6059 1786 1436 1787 
6060 2610 3461 4087 
6061 183 1386 3419 
6062 929 1798 4100 
6063 2549 2662 3990 
6064 2060 415 3413 
6065 2841 3698 4332 
6066 429 1536 3597 
6067 3742 1949 4115 
6068 2224 1627 3580 
6069 2284 2285 3543 
6070 3371 1378 4360 
6071 3140 2440 3712 
6072 1119 1118 3552 
6073 1397 1949 3742 
6074 2974 2971 3524 
6075 1339 168 3408 
6076 85 997 4205 
6077 3136 2035 4543 
6078 1329 3179 4029 
6079 2040 2447 3548 
6080 3504 1071 4041 
6081 2706 3019 3583 
6082 2164 2512 4558 
6083 150 1379 3451 
6084 261 262 3560 
6085 2209 3003 3637 
6086 2468 2470 3512 
6087 1942 929 4100 
6088 1899 884 4482 
6089 173 174 1434 
6090 394 395 3485 
6091 169 170 1424 
6092 2215 1763 3514 
6093 3265 3372 3948 
6094 170 171 3510 
6095 1933 384 3425 
6096 3388 3403 3514 
6097 1326 1574 1575 
6098 171 172 1463 
6099 3250 3261 3703 
6100 1463 3696 4026 
6101 2453 2454 3539 
6102 217 218 3537 
6103 1366 1623 4545 
6104 2471 2468 3512 
6105 361 362 3491 
6106 2214 2159 3530 
6107 2336 1768 2646 
6108 276 1385 3442 
6109 1286 2751 3360 
6110 2368 2247 2369 
6111 2893 3095 3920 
6112 1361 2253 2254 
6113 2736 2026 4023 
6114 2084 3596 4305 
6115 2576 3665 3666 
6116 1389 149 3451 
6117 3794 3742 4115 
6118 210 211 2635 
6119 412 2651 3463 
6120 2308 2364 3541 
6121 2185 1828 2853 
6122 728 727 4046 
6123 226 1636 3465 
6124 216 1531 3458 
6125 381 1412 3449 
6126 1845 380 3449 
6127 318 3167 4464 
6128 1330 428 3597 
6129 1412 382 3450 
6130 1543 3280 3555 
6131 1025 1024 3902 
6132 2220 1011 4372 
6133 2201 1782 3613 
6134 2451 3036 3571 
6135 383 1933 3450 
6136 272 273 3474 
6137 2670 1480 3790 
6138 2202 1927 2451 
6139 3502 2087 3585 
6140 2135 3100 4453 
6141 2679 2374 2695 
6142 1282 3039 4526 
6143 2334 1772 2343 
6144 1333 785 2486 
6145 2046 3538 3733 
6146 370 371 3505 
6147 1961 3105 4390 
6148 1575 1574 2637 
6149 1731 3388 3514 
6150 2318 3541 3767 
6151 1341 938 2228 
6152 1929 2655 3545 
6153 2016 1603 3693 
6154 1551 275 3442 
6155 154 155 3641 
6156 2104 2108 3642 
6157 1582 1916 3653 
6158 1535 76 2801 
6159 3267 2212 3633 
6160 298 299 3551 
6161 288 1273 3674 
6162 1717 3583 3621 
6163 376 377 3574 
6164 3654 1586 3912 
6165 2720 2722 3704 
6166 3956 85 4205 
6167 1011 1010 4372 
6168 211 212 3522 
6169 1763 1731 3514 
6170 2191 3495 3572 
6171 1172 2354 4301 
6172 2370 2369 2371 
6173 3181 2331 3826 
6174 2634 2949 3732 
6175 2930 411 3463 
6176 242 243 1849 
6177 2199 2557 3099 
6178 1829 3088 3896 
6179 2843 2844 4514 
6180 1758 1757 4547 
6181 2338 2499 2500 
6182 2571 2776 4377 
6183 2730 2719 4530 
6184 2862 1879 3559 
6185 3758 2252 4479 
6186 1422 799 2165 
6187 3673 3217 4143 
6188 1542 2514 4561 
6189 259 260 3504 
6190 3082 718 3801 
6191 1628 3168 4251 
6192 1516 3673 4143 
6193 3083 3224 3540 
6194 3118 2478 4090 
6195 2257 2180 2830 
6196 2283 225 3465 
6197 2470 2474 3512 
6198 3460 2380 3474 
6199 3017 1272 3889 
6200 2290 2256 2696 
6201 379 1845 3488 
6202 1069 257 4356 
6203 3501 1523 4030 
6204 1747 426 3368 
6205 1607 730 3679 
6206 2731 2723 3592 
6207 3262 2362 3569 
6208 1522 252 3455 
6209 1575 3026 3594 
6210 1279 778 4263 
6211 2251 1617 3653 
6212 3801 2534 4455 
6213 3610 3411 3611 
6214 2125 1976 3546 
6215 3022 2514 4147 
6216 362 363 2772 
6217 212 213 3486 
6218 3362 1749 3550 
6219 232 2312 3489 
6220 3930 1987 4208 
6221 2457 3186 3968 
6222 2278 1172 4301 
6223 1002 2609 4405 
6224 2087 2294 4521 
6225 240 1350 3400 
6226 3172 2976 3573 
6227 2371 2630 2653 
6228 395 396 2581 
6229 1420 2169 3608 
6230 371 372 1985 
6231 1274 3254 3918 
6232 1325 1758 4547 
6233 392 1405 3386 
6234 2035 2034 4543 
6235 3528 2308 4407 
6236 2995 1914 2996 
6237 2025 1940 3561 
6238 1371 3682 3776 
6239 3533 3669 3754 
6240 1558 3106 4267 
6241 274 1551 3460 
6242 3022 67 4561 
6243 2535 2201 3557 
6244 101 1914 2995 
6245 2008 2010 3526 
6246 1925 2058 3582 
6247 3266 1967 4293 
6248 408 2356 3453 
6249 2211 2203 3780 
6250 3026 3280 3896 
6251 2158 2960 4124 
6252 2702 2704 3556 
6253 2308 3541 4407 
6254 2555 2017 3702 
6255 2737 3302 4451 
6256 125 1175 4520 
6257 2180 2430 3542 
6258 971 970 3563 
6259 2827 3577 4255 
6260 3288 3489 3553 
6261 3112 2175 4035 
6262 4309 1552 4351 
6263 208 1864 3381 
6264 3214 2130 3516 
6265 178 179 3584 
6266 182 3419 3464 
6267 682 3137 4542 
6268 1590 3192 3840 
6269 2431 3306 3677 
6270 19 711 3995 
6271 3103 1754 3723 
6272 3495 1875 3572 
6273 2409 3083 3540 
6274 2371 2369 2630 
6275 2013 3526 3527 
6276 893 1367 2166 
6277 3398 1357 3529 
6278 2019 2018 4014 
6279 3043 280 4219 
6280 3392 2496 3688 
6281 3364 3784 3987 
6282 253 2384 3455 
6283 4070 2862 4094 
6284 2906 2668 3562 
6285 988 987 3568 
6286 1140 121 4036 
6287 1157 1156 4104 
6288 3985 1280 4060 
6289 1972 1974 3710 
6290 2502 436 3498 
6291 3212 2785 3623 
6292 2540 2240 3575 
6293 722 1310 3571 
6294 1522 3455 3456 
6295 711 2111 3995 
6296 3263 2357 3866 
6297 1192 1265 3764 
6298 1101 1539 3736 
6299 1429 3775 4102 
6300 2929 2244 4056 
6301 2108 2109 3351 
6302 2183 2237 3565 
6303 2791 3821 4110 
6304 2060 4167 4323 
6305 2738 687 4539 
6306 3770 1408 4058 
6307 3701 2556 3901 
6308 397 2672 3525 
6309 3629 1401 4472 
6310 2964 1545 3792 
6311 271 272 3256 
6312 2818 378 3488 
6313 2471 3512 3576 
6314 248 249 2952 
6315 237 3401 3609 
6316 331 332 3695 
6317 3294 2280 3570 
6318 1286 18 2751 
6319 2256 2254 3535 
6320 1930 1931 3927 
6321 2281 3619 3675 
6322 2494 3283 3793 
6323 2886 1316 3748 
6324 2254 2253 3536 
6325 3372 1245 3948 
6326 1478 914 3814 
6327 146 1794 3634 
6328 3036 2669 4480 
6329 2023 360 3467 
6330 218 219 2270 
6331 2969 3208 3959 
6332 2657 3376 4519 
6333 1295 1993 3795 
6334 3404 202 3632 
6335 3761 2614 4436 
6336 1405 393 3484 
6337 3809 2364 4417 
6338 1961 3334 3778 
6339 2983 3336 3904 
6340 695 15 3735 
6341 2745 1004 4468 
6342 2665 2664 3799 
6343 1543 3555 3595 
6344 1963 3266 4378 
6345 1300 3003 4072 
6346 1844 769 3739 
6347 3512 2622 3576 
6348 2013 2008 3526 
6349 1627 2281 3580 
6350 3765 1246 4464 
6351 3534 2526 3706 
6352 2429 419 3480 
6353 3399 3398 3529 
6354 2383 3650 4175 
6355 312 313 3711 
6356 3276 1255 3727 
6357 1788 2381 3591 
6358 2700 3367 4050 
6359 3440 2641 4154 
6360 407 3453 3487 
6361 3355 2222 3577 
6362 3331 1335 3875 
6363 1819 1880 3785 
6364 2388 2645 3985 
6365 2974 3524 3573 
6366 418 2429 3479 
6367 1567 406 3487 
6368 3243 3247 4189 
6369 1799 2682 4057 
6370 266 267 3626 
6371 416 1550 3413 
6372 1531 217 3537 
6373 3695 332 4187 
6374 2838 3468 3792 
6375 1355 1209 4005 
6376 1264 323 3606 
6377 2724 2729 3744 
6378 3091 2414 3960 
6379 914 913 3814 
6380 2361 3119 3731 
6381 2976 2974 3573 
6382 3556 2704 3583 
6383 154 3641 3965 
6384 2203 1059 4246 
6385 1293 181 3464 
6386 1866 3099 3855 
6387 3718 2367 4552 
6388 1433 3614 4408 
6389 2298 2532 4029 
6390 1847 1149 3581 
6391 2645 2386 3875 
6392 2350 3042 4415 
6393 2739 4350 4476 
6394 2693 3998 4181 
6395 2023 3468 3682 
6396 2084 1543 3595 
6397 2988 2538 4139 
6398 1875 2515 3572 
6399 2838 1944 3756 
6400 3856 3340 3888 
6401 221 222 2578 
6402 169 1424 3408 
6403 2754 3798 3978 
6404 372 373 3566 
6405 3174 2869 4164 
6406 978 1401 3629 
6407 1371 358 3682 
6408 428 429 3597 
6409 3190 1357 3810 
6410 1350 241 3476 
6411 2237 3534 3565 
6412 3195 1345 3607 
6413 2774 2193 3601 
6414 3540 3056 4197 
6415 262 1431 3560 
6416 323 324 3606 
6417 1322 2352 3602 
6418 2945 2955 4430 
6419 180 1293 3497 
6420 2442 2073 4181 
6421 1168 2340 4368 
6422 420 2792 3480 
6423 2077 3268 3853 
6424 3049 3050 3631 
6425 3191 1407 4302 
6426 2723 2721 3592 
6427 3798 2754 4310 
6428 4124 3081 4532 
6429 3046 3503 3791 
6430 4223 2690 4497 
6431 2955 2351 3830 
6432 2611 2231 4071 
6433 236 237 3609 
6434 3507 2200 3558 
6435 2733 1867 3961 
6436 3073 2246 3718 
6437 1540 3558 4099 
6438 3105 1961 3778 
6439 1551 3773 4274 
6440 315 316 3738 
6441 1490 3433 3565 
6442 73 3687 4163 
6443 3484 394 3485 
6444 2704 2706 3583 
6445 2508 1796 4264 
6446 177 1340 3496 
6447 1553 1016 3617 
6448 3518 2513 3588 
6449 1060 1394 3787 
6450 1004 1779 4468 
6451 2608 2606 3988 
6452 831 1868 3826 
6453 71 930 3963 
6454 2259 261 3560 
6455 51 844 3649 
6456 1351 3222 3970 
6457 3403 1750 3669 
6458 3063 2176 3747 
6459 1864 209 3492 
6460 2213 2350 3578 
6461 1959 2571 3760 
6462 3407 3411 3610 
6463 377 2818 3574 
6464 3497 2659 3584 
6465 3972 3564 4382 
6466 1528 291 3599 
6467 2477 2471 3576 
6468 2012 2209 3637 
6469 3168 1628 3780 
6470 1550 417 3479 
6471 3255 2836 4315 
6472 959 79 4095 
6473 3056 1504 4197 
6474 353 1529 3600 
6475 4172 3557 4429 
6476 3316 2879 3908 
6477 2911 1882 4327 
6478 1393 176 3496 
6479 2830 2180 3542 
6480 2963 4131 4536 
6481 884 4131 4482 
6482 273 3460 3474 
6483 3058 792 4145 
6484 3668 3884 4438 
6485 989 3753 4421 
6486 1800 2408 3675 
6487 1515 1420 3608 
6488 1169 1168 4368 
6489 2247 2129 3544 
6490 1334 4460 4530 
6491 3312 1969 3598 
6492 3305 1897 3799 
6493 744 1541 3949 
6494 387 3392 3688 
6495 781 1984 4535 
6496 1255 309 3727 
6497 79 1630 4095 
6498 3456 2163 3737 
6499 1873 2366 3756 
6500 1736 1687 3726 
6501 3535 2254 3536 
6502 1593 1568 4149 
6503 2576 3666 4228 
6504 3467 361 3491 
6505 3915 2736 4077 
6506 424 425 3624 
6507 1782 1526 3613 
6508 1156 4048 4104 
6509 2582 3764 4112 
6510 1626 2014 3603 
6511 1825 3668 4438 
6512 310 1377 3727 
6513 2617 1989 3734 
6514 3046 3791 4201 
6515 2428 386 3688 
6516 1332 2400 4415 
6517 2603 2833 4018 
6518 179 3497 3584 
6519 2583 2690 4223 
6520 3614 2746 4408 
6521 2629 236 3609 
6522 3134 2279 4447 
6523 2577 3272 4033 
6524 3168 2740 4251 
6525 2485 2228 3590 
6526 2170 424 3624 
6527 4115 2769 4463 
6528 1345 3021 3607 
6529 1913 1746 3857 
6530 3550 2588 3719 
6531 2878 3299 3967 
6532 2411 2410 3585 
6533 1340 178 3584 
6534 2068 3393 3589 
6535 3822 1815 4162 
6536 1547 1341 3612 
6537 2938 2937 3924 
6538 3433 2183 3565 
6539 3636 2295 4015 
6540 2765 2764 4196 
6541 3564 2117 4142 
6542 2940 2941 4168 
6543 258 4041 4356 
6544 1805 3518 3588 
6545 2659 3497 4384 
6546 17 3016 4474 
6547 3110 2397 3604 
6548 2585 3288 3553 
6549 210 2635 3492 
6550 3106 2646 4267 
6551 3498 3329 3861 
6552 3511 1556 3740 
6553 3208 2504 4061 
6554 425 1747 3624 
6555 1440 3423 3764 
6556 1561 1562 3757 
6557 2579 1957 3694 
6558 2275 3088 3919 
6559 119 1428 3620 
6560 1424 170 3510 
6561 3468 2964 3792 
6562 3108 3110 4244 
6563 2367 2368 3640 
6564 1462 1445 3622 
6565 3037 2738 4539 
6566 1448 3507 3558 
6567 1709 1717 3621 
6568 1810 2216 3835 
6569 2387 3331 3875 
6570 2696 2256 3535 
6571 171 1463 3510 
6572 1399 370 3505 
6573 1609 2610 3605 
6574 2714 2712 3948 
6575 2698 2455 3925 
6576 3095 3180 3920 
6577 2870 4055 4164 
6578 3616 3339 3856 
6579 3213 2907 4259 
6580 2739 2738 4294 
6581 2412 45 3628 
6582 1540 1448 3558 
6583 2275 1326 3594 
6584 2841 2399 3790 
6585 2870 4054 4055 
6586 1311 2906 4185 
6587 373 374 2926 
6588 2095 2739 4476 
6589 1326 1575 3594 
6590 981 1307 3835 
6591 3686 2736 4023 
6592 3601 3115 3929 
6593 2410 3502 3585 
6594 2784 2358 3885 
6595 2576 2360 3665 
6596 242 1849 3476 
6597 260 2259 3504 
6598 2079 898 3821 
6599 2186 3444 3623 
6600 1740 1765 3817 
6601 1854 1858 3635 
6602 3642 2108 4467 
6603 374 375 3567 
6604 2192 3400 3648 
6605 1198 2441 3661 
6606 986 86 3652 
6607 3526 2010 3637 
6608 1832 1344 4327 
6609 202 203 3632 
6610 145 146 3634 
6611 1581 1616 3630 
6612 836 2904 3685 
6613 2913 2598 4091 
6614 3463 4178 4409 
6615 4203 2954 4354 
6616 2369 2247 3544 
6617 3390 2165 3975 
6618 1551 3442 3773 
6619 1244 3113 4065 
6620 3935 1792 4247 
6621 1529 354 3918 
6622 2581 396 3525 
6623 359 2023 3682 
6624 2462 2461 4109 
6625 1836 1831 3741 
6626 3490 2667 3898 
6627 1335 3331 3815 
6628 4073 3600 4374 
6629 2202 3562 4220 
6630 1408 3407 3610 
6631 3053 2849 3955 
6632 1385 3443 3856 
6633 2635 211 3522 
6634 3489 2312 3553 
6635 3194 159 4484 
6636 2007 3079 4551 
6637 3093 1946 4154 
6638 1818 1848 3955 
6639 1263 3150 4224 
6640 3977 2793 4534 
6641 311 312 3845 
6642 742 1363 4538 
6643 1184 131 3625 
6644 1240 286 3895 
6645 3254 3251 3982 
6646 1241 301 3808 
6647 302 1376 3808 
6648 3202 1979 3951 
6649 3444 1724 3623 
6650 2383 3187 3650 
6651 3829 2593 4278 
6652 2780 2021 4512 
6653 2432 2431 3677 
6654 1831 1833 3741 
6655 2116 2161 3644 
6656 1913 3075 4260 
6657 362 2772 3491 
6658 1287 192 3770 
6659 395 2581 3485 
6660 3285 2814 4044 
6661 1359 3219 3657 
6662 193 1408 3770 
6663 355 1274 3918 
6664 3133 2152 3760 
6665 2773 3492 4265 
6666 1979 3202 3876 
6667 1342 4025 4330 
6668 2572 3462 4430 
6669 1409 3330 3655 
6670 3062 3063 3587 
6671 1352 17 4474 
6672 2057 1626 3603 
6673 2136 3198 4283 
6674 2615 2324 3788 
6675 2400 3578 4415 
6676 3815 3331 3905 
6677 907 1571 4160 
6678 2424 3141 3871 
6679 155 1280 3641 
6680 2430 1584 3768 
6681 806 2069 4371 
6682 2112 3057 4144 
6683 1673 1672 3894 
6684 3519 2303 3643 
6685 2986 2582 4112 
6686 152 1335 3815 
6687 2850 2595 3651 
6688 2273 1038 3843 
6689 2241 1778 4119 
6690 1838 1835 3664 
6691 3195 2239 4227 
6692 1850 2286 3794 
6693 3189 2135 4453 
6694 2249 1789 3781 
6695 1286 3360 3868 
6696 3425 2428 3638 
6697 3520 2551 3619 
6698 2544 3353 4507 
6699 1344 3007 4327 
6700 371 1985 3505 
6701 212 3486 3522 
6702 3295 3296 4107 
6703 161 162 3860 
6704 2658 3127 4198 
6705 3222 2452 3970 
6706 1383 190 3804 
6707 2105 2104 3642 
6708 2010 2012 3637 
6709 1765 1734 3958 
6710 3115 1621 3929 
6711 2529 3848 4010 
6712 4460 2730 4530 
6713 3975 1960 3996 
6714 1812 3897 4461 
6715 1488 1490 3771 
6716 1536 430 3893 
6717 3456 3737 3915 
6718 2630 2369 3544 
6719 1126 1328 4241 
6720 3549 2506 3752 
6721 3332 3333 3818 
6722 431 2304 3893 
6723 3130 2033 3814 
6724 2560 3618 3692 
6725 2380 1160 3933 
6726 1621 143 3929 
6727 3402 2192 3648 
6728 3050 3201 3631 
6729 191 1287 3804 
6730 2244 3356 4056 
6731 2090 3089 3850 
6732 903 64 4028 
6733 1520 4229 4540 
6734 3452 3294 3754 
6735 702 1400 4357 
6736 2548 2746 3827 
6737 2502 3498 4370 
6738 996 2807 3839 
6739 1341 2484 3612 
6740 842 2031 4295 
6741 1263 326 3750 
6742 2626 702 4357 
6743 2604 2602 3981 
6744 4325 3136 4543 
6745 3090 2659 4384 
6746 4406 2502 4511 
6747 3224 1611 3844 
6748 2336 2646 3701 
6749 1628 3375 3780 
6750 2996 1914 3647 
6751 880 1508 4055 
6752 1471 1751 4416 
6753 2412 3977 4534 
6754 1481 3185 3909 
6755 2942 3191 4302 
6756 3238 1378 4249 
6757 3353 2654 4507 
6758 1428 3062 3620 
6759 1414 3396 3937 
6760 1063 104 4230 
6761 3372 3265 4451 
6762 3619 2551 3675 
6763 2212 3422 3633 
6764 1617 1582 3653 
6765 3580 2408 4340 
6766 2138 2136 4283 
6767 1967 1968 4034 
6768 1554 2998 3954 
6769 218 2270 3537 
6770 2198 3473 3618 
6771 2444 3202 3951 
6772 3456 3455 3586 
6773 1432 841 4068 
6774 3362 3550 3719 
6775 2445 1760 4233 
6776 3256 272 3474 
6777 1407 3191 4179 
6778 2294 3881 4521 
6779 2276 1614 4474 
6780 3473 1797 3618 
6781 174 175 3676 
6782 3513 2665 3799 
6783 2204 3204 3639 
6784 2297 3316 3908 
6785 1357 404 3810 
6786 3963 930 4063 
6787 2217 3462 3678 
6788 104 1925 4230 
6789 2208 3222 4232 
6790 2467 2476 3899 
6791 2005 3064 3791 
6792 1960 797 3667 
6793 1346 968 3659 
6794 1577 2599 3825 
6795 318 319 3931 
6796 175 1393 3676 
6797 2701 2700 4050 
6798 2972 2973 3695 
6799 3099 1866 3957 
6800 3455 2384 3586 
6801 3122 3611 4149 
6802 3970 2497 4394 
6803 2463 3851 4043 
6804 2459 3029 4022 
6805 4131 883 4536 
6806 4015 2295 4152 
6807 3219 2372 4401 
6808 1244 340 3880 
6809 2092 777 4424 
6810 2873 1468 3779 
6811 2588 2590 3719 
6812 2185 2853 4059 
6813 1513 2992 3902 
6814 3848 3268 4010 
6815 1379 151 3815 
6816 1414 3937 4338 
6817 2311 2521 3662 
6818 1961 1806 3947 
6819 3402 3648 3967 
6820 1239 1270 4446 
6821 2096 2095 4476 
6822 777 1461 4424 
6823 3036 1927 4286 
6824 2036 1823 4300 
6825 1328 1125 3683 
6826 1434 174 3676 
6827 1470 3520 3619 
6828 3020 1094 4331 
6829 2042 1319 4519 
6830 1207 2549 4177 
6831 3151 3148 3750 
6832 2099 2106 3886 
6833 4053 2274 4054 
6834 3940 1785 4361 
6835 3526 3637 3774 
6836 3587 3547 4225 
6837 3206 2442 3709 
6838 3457 2185 3692 
6839 3311 2389 3681 
6840 1147 1538 3903 
6841 3115 2193 3836 
6842 1890 2176 3872 
6843 1725 3475 3958 
6844 2392 2391 3668 
6845 1224 1243 4259 
6846 2641 1677 3894 
6847 2423 2422 3656 
6848 3334 1961 3947 
6849 2553 3055 4093 
6850 2645 3641 3985 
6851 2230 1052 4358 
6852 1513 1023 4281 
6853 2848 2361 3731 
6854 1837 2744 3741 
6855 2081 822 4253 
6856 1611 368 3844 
6857 1042 1041 3699 
6858 2957 2958 4288 
6859 1603 1866 3693 
6860 2091 1607 3679 
6861 4334 1812 4461 
6862 2300 1464 4364 
6863 1683 1792 3935 
6864 792 791 4145 
6865 2390 2894 3846 
6866 3038 1744 4133 
6867 358 359 3682 
6868 2269 1932 3819 
6869 2380 3460 4274 
6870 1530 1204 4402 
6871 1983 1977 3876 
6872 2315 1142 4202 
6873 3666 1423 4311 
6874 3245 3244 4449 
6875 1936 3213 4259 
6876 2776 3969 4377 
6877 1335 153 3965 
6878 287 288 3674 
6879 4091 2598 4161 
6880 1758 3049 4315 
6881 2753 4084 4119 
6882 4444 781 4535 
6883 962 961 4367 
6884 3462 1297 3678 
6885 73 952 3687 
6886 233 234 3928 
6887 3798 3796 3978 
6888 996 3839 3907 
6889 1108 1470 4456 
6890 2018 3076 4014 
6891 3087 2769 4101 
6892 1631 701 4211 
6893 3513 3517 4078 
6894 1257 1228 4396 
6895 2065 3720 3721 
6896 67 1289 4561 
6897 2794 3642 4467 
6898 2674 2675 3878 
6899 680 679 3691 
6900 3488 2756 4252 
6901 219 220 3690 
6902 3226 2063 4260 
6903 1986 780 4306 
6904 1390 907 4160 
6905 2551 1800 3675 
6906 2024 1022 4410 
6907 2382 2899 4155 
6908 3067 3068 3696 
6909 3135 3136 3772 
6910 3602 2352 3820 
6911 3533 2215 3669 
6912 2903 3352 4204 
6913 1323 1040 4555 
6914 2567 4004 4016 
6915 3044 2248 4381 
6916 335 336 4062 
6917 3304 3159 4169 
6918 3104 3134 4447 
6919 386 387 3688 
6920 2493 3103 4200 
6921 4046 3989 4471 
6922 1574 903 4028 
6923 4032 1411 4542 
6924 2506 4432 4470 
6925 3128 1904 4107 
6926 686 2040 4527 
6927 2930 3225 4209 
6928 432 433 4146 
6929 1269 2435 4541 
6930 933 2401 4458 
6931 1990 1179 4258 
6932 1985 372 3566 
6933 1291 4230 4445 
6934 1022 1021 4410 
6935 1474 1451 3891 
6936 376 3574 3722 
6937 1975 1979 3876 
6938 1376 3372 4451 
6939 1557 2754 3932 
6940 3576 4335 4376 
6941 249 250 3686 
6942 3641 2645 3965 
6943 2189 1003 4405 
6944 364 365 3993 
6945 3131 3985 4060 
6946 2435 3307 4541 
6947 314 315 4108 
6948 1912 1913 4260 
6949 807 806 4371 
6950 3223 2293 4297 
6951 1254 3139 4062 
6952 2999 2897 3886 
6953 4151 2629 4236 
6954 1138 1306 4166 
6955 3430 1346 3659 
6956 2648 3466 4098 
6957 2526 3183 3706 
6958 3252 3250 3703 
6959 1846 1127 4241 
6960 779 1279 4306 
6961 1127 1126 4241 
6962 1827 3579 4372 
6963 3739 1963 4378 
6964 1751 3581 4416 
6965 3437 1561 3864 
6966 758 31 3783 
6967 3466 1252 4098 
6968 3472 105 3942 
6969 3058 3377 4030 
6970 2218 2219 4193 
6971 4042 2845 4243 
6972 2650 2277 3694 
6973 822 821 4253 
6974 3796 1391 3797 
6975 1928 3806 3807 
6976 1629 1190 4081 
6977 1451 1449 3952 
6978 405 1567 3810 
6979 843 842 4295 
6980 814 1502 4220 
6981 2532 2533 3684 
6982 3014 3213 4024 
6983 678 3320 4452 
6984 1870 807 4371 
6985 934 933 4458 
6986 1129 1128 4381 
6987 1052 1051 4358 
6988 3023 4386 4506 
6989 2194 2794 4467 
6990 1094 1761 4331 
6991 3069 1747 4316 
6992 2624 3430 3659 
6993 3124 3032 3880 
6994 1268 956 4291 
6995 339 1244 4065 
6996 3204 1613 4033 
6997 3538 2326 3654 
6998 3380 338 4065 
6999 281 1242 4219 
7000 4386 2056 4506 
7001 1840 2197 4389 
7002 800 1816 3670 
7003 2440 2438 3712 
7004 2046 3733 4355 
7005 4167 3614 4323 
7006 2446 864 4216 
7007 3177 3415 3715 
7008 2722 2725 3704 
7009 2589 2989 3909 
7010 3682 3468 3776 
7011 78 1885 4291 
7012 3360 2109 4548 
7013 4212 2583 4223 
7014 1179 1178 4258 
7015 334 335 4269 
7016 279 280 4280 
7017 399 400 4155 
7018 2449 2448 3862 
7019 1381 331 3695 
7020 1503 39 4096 
7021 2972 3695 4187 
7022 791 1583 4145 
7023 3901 2556 4441 
7024 701 700 4211 
7025 375 376 3722 
7026 2687 2684 3729 
7027 2633 3501 4030 
7028 1886 1129 4381 
7029 2730 4071 4501 
7030 292 3 4256 
7031 2514 3171 4147 
7032 3603 2644 4190 
7033 8 352 4257 
7034 3458 1531 4276 
7035 3215 2273 3672 
7036 3618 1797 3692 
7037 3737 2363 3915 
7038 3511 2219 3890 
7039 295 1373 4287 
7040 961 2122 4367 
7041 2842 1762 3788 
7042 1391 3796 3798 
7043 1003 1002 4405 
7044 3261 2296 3716 
7045 162 163 4207 
7046 1962 3325 4395 
7047 864 1337 4216 
7048 2436 3376 4032 
7049 2017 2082 3702 
7050 3842 2445 4188 
7051 1974 2125 3710 
7052 2128 843 4295 
7053 3264 3263 3831 
7054 2570 1918 4088 
7055 1998 2181 4423 
7056 3424 2382 4155 
7057 263 264 4031 
7058 1293 3464 3640 
7059 1378 307 4249 
7060 423 2170 3869 
7061 3723 2500 3724 
7062 3514 3403 3669 
7063 308 1255 4249 
7064 3164 3167 3931 
7065 2542 4138 4392 
7066 2557 2556 3701 
7067 317 318 4464 
7068 2389 1808 4334 
7069 1797 3457 3692 
7070 3990 2662 4483 
7071 1249 329 4184 
7072 2733 3962 4354 
7073 3098 1537 3919 
7074 330 1381 4184 
7075 3052 2444 3951 
7076 333 1261 4187 
7077 2172 2945 4430 
7078 2327 294 4287 
7079 2952 249 3686 
7080 1841 1961 4390 
7081 2348 3645 4121 
7082 956 78 4291 
7083 1319 2657 4519 
7084 3656 2422 3735 
7085 3209 2969 4318 
7086 1228 142 4396 
7087 778 36 4263 
7088 2866 3770 4058 
7089 363 364 4113 
7090 3 293 4256 
7091 351 8 4257 
7092 1490 3706 3771 
7093 3376 2048 4519 
7094 141 1239 4446 
7095 1023 95 4281 
7096 369 1399 3844 
7097 2215 3514 3669 
7098 2486 3030 4341 
7099 2478 2473 4090 
7100 2900 1962 4395 
7101 159 160 4484 
7102 3356 3717 4081 
7103 780 779 4306 
7104 2761 3343 4518 
7105 234 235 4151 
7106 3143 2643 4450 
7107 133 1207 4177 
7108 2783 3717 4442 
7109 3192 2173 4170 
7110 2 204 4268 
7111 2530 2376 3725 
7112 198 1407 4179 
7113 440 1 4270 
7114 1647 1645 4047 
7115 3325 3458 4276 
7116 2650 3782 3991 
7117 3411 3410 3936 
7118 2088 3431 4203 
7119 3700 2949 4522 
7120 1402 197 4179 
7121 313 1253 3711 
7122 3338 1817 4105 
7123 1569 1558 4267 
7124 3662 3296 3972 
7125 2690 3655 4497 
7126 3650 2763 4533 
7127 309 310 3727 
7128 1013 1012 4528 
7129 2562 1793 4553 
7130 2402 3142 4011 
7131 2342 2537 3887 
7132 2675 2677 3705 
7133 3308 3374 3736 
7134 2993 1290 4136 
7135 2401 2382 4262 
7136 3204 2363 3737 
7137 2567 4016 4546 
7138 1343 3499 4202 
7139 328 1249 4437 
7140 2279 1842 4447 
7141 3702 2609 4129 
7142 3517 2552 4078 
7143 2522 975 4218 
7144 1012 2311 4528 
7145 3562 2668 4220 
7146 2574 2860 4137 
7147 3762 2780 4512 
7148 2989 3521 3909 
7149 766 33 4462 
7150 1687 1685 3726 
7151 3587 2292 3910 
7152 2283 3628 3685 
7153 1398 3362 3719 
7154 1847 3581 3769 
7155 2573 3989 4046 
7156 3810 1567 4139 
7157 2721 2719 4501 
7158 3180 1380 3920 
7159 3356 2300 3717 
7160 2613 1844 3739 
7161 3415 2943 3715 
7162 3589 3393 3812 
7163 2825 2509 4556 
7164 2321 951 4337 
7165 3305 3799 4035 
7166 3126 1751 4314 
7167 264 265 4114 
7168 203 2 4268 
7169 1204 3593 4402 
7170 1 145 4270 
7171 367 1611 4297 
7172 3057 3854 4144 
7173 3825 2599 4165 
7174 2117 3297 4410 
7175 2179 2632 4420 
7176 2804 2805 4399 
7177 2239 3414 4227 
7178 1979 1973 3811 
7179 2382 3424 4262 
7180 3374 2082 3736 
7181 2921 3057 3777 
7182 1672 3364 3987 
7183 2806 1390 3707 
7184 97 1427 4251 
7185 1214 1283 3762 
7186 2175 3305 4035 
7187 3033 3034 4311 
7188 1071 1070 4041 
7189 2040 3548 4527 
7190 2605 3201 4250 
7191 2186 3623 4173 
7192 270 271 3746 
7193 1539 3308 3736 
7194 1262 3385 3716 
7195 2502 3691 4511 
7196 819 2412 4534 
7197 1288 4095 4485 
7198 951 1299 4337 
7199 3922 2446 3961 
7200 2823 2822 3773 
7201 2270 219 3690 
7202 2350 3417 4040 
7203 1375 158 4508 
7204 3096 1549 4483 
7205 2726 3744 3751 
7206 2869 2870 4164 
7207 2731 3323 4330 
7208 2672 398 4127 
7209 2109 2107 4548 
7210 1989 2621 3734 
7211 2222 2617 4255 
7212 2293 366 4297 
7213 3035 1512 4350 
7214 3472 255 4106 
7215 1088 2507 3720 
7216 258 259 4041 
7217 2525 2820 4086 
7218 1314 732 3863 
7219 3078 3168 3789 
7220 3558 2200 3984 
7221 373 2926 3566 
7222 1556 2827 3740 
7223 4178 846 4409 
7224 325 1263 4224 
7225 36 2093 4263 
7226 2726 2724 3744 
7227 3419 1386 3718 
7228 3971 2861 4509 
7229 2693 1333 3998 
7230 2464 3644 3749 
7231 3213 3211 4024 
7232 3536 2253 3713 
7233 1470 3619 4456 
7234 3809 2963 4536 
7235 3321 2156 3743 
7236 142 1945 4396 
7237 49 2015 4431 
7238 2862 3559 4094 
7239 3214 3516 3748 
7240 3588 2513 4053 
7241 2346 3796 3797 
7242 2141 1112 4017 
7243 3661 2300 4364 
7244 2647 3079 4500 
7245 3648 3400 3914 
7246 251 1522 4077 
7247 1645 1642 4244 
7248 2356 409 4209 
7249 3106 1558 4333 
7250 2573 2178 3745 
7251 3183 2527 3870 
7252 316 1246 3738 
7253 4432 3515 4470 
7254 2286 2929 3742 
7255 4144 3854 4560 
7256 2728 2726 3751 
7257 410 2930 4209 
7258 966 2808 3753 
7259 2933 4009 4348 
7260 2763 2494 3793 
7261 1786 1787 4266 
7262 3029 2449 4488 
7263 3135 3772 3905 
7264 1265 1440 3764 
7265 3304 321 3923 
7266 3182 2638 4162 
7267 224 2283 4027 
7268 326 327 3750 
7269 2434 2748 4208 
7270 1957 1951 3782 
7271 2338 3723 4284 
7272 2650 3694 3782 
7273 3900 4040 4344 
7274 1095 3020 4299 
7275 3791 2365 4201 
7276 95 1900 4281 
7277 1178 1252 4258 
7278 2427 2734 4076 
7279 3789 1597 4450 
7280 1633 3470 4357 
7281 3094 2000 4423 
7282 2422 3071 3735 
7283 1348 2004 4551 
7284 2812 2059 4211 
7285 3436 2336 3901 
7286 82 969 3755 
7287 3749 2161 3763 
7288 2124 2416 4141 
7289 1018 1281 4201 
7290 3056 4196 4234 
7291 3599 2327 3829 
7292 3468 2838 3776 
7293 1951 1953 3782 
7294 1328 3683 4148 
7295 3638 2745 4347 
7296 1064 1291 4171 
7297 2860 2579 4000 
7298 2258 3589 3812 
7299 2086 1174 4277 
7300 4078 3520 4473 
7301 2419 2418 3766 
7302 2562 3749 3763 
7303 3704 2725 3824 
7304 3637 3003 3774 
7305 3446 2028 4243 
7306 271 3256 3746 
7307 287 3674 3895 
7308 2454 3490 3898 
7309 2540 3575 4195 
7310 2640 2067 4122 
7311 1120 1534 4404 
7312 3567 375 3722 
7313 214 2282 4345 
7314 2832 1304 3767 
7315 1934 141 4446 
7316 3178 3177 4312 
7317 3244 3711 4449 
7318 2943 2942 4302 
7319 2624 3659 3660 
7320 984 983 4391 
7321 821 1481 4253 
7322 3285 4044 4487 
7323 2346 3797 4238 
7324 671 1813 4215 
7325 2628 3348 4375 
7326 2152 2614 3760 
7327 3034 4228 4311 
7328 2428 3688 3943 
7329 435 2502 4406 
7330 1833 1837 3741 
7331 2250 2251 4126 
7332 2213 3578 3698 
7333 2013 3527 4303 
7334 997 996 3907 
7335 2869 3174 4454 
7336 2905 3215 3884 
7337 3131 2388 3985 
7338 2547 3786 3966 
7339 2161 2563 3763 
7340 1141 1343 4202 
7341 983 2204 4391 
7342 3285 1354 3860 
7343 2196 49 4431 
7344 2926 374 3567 
7345 2821 2379 3759 
7346 192 193 3770 
7347 105 1087 3942 
7348 2989 2587 4240 
7349 2199 3099 3957 
7350 2637 2671 4435 
7351 1438 133 4177 
7352 2925 3906 4406 
7353 2878 3648 3914 
7354 3961 2446 3962 
7355 2351 2508 3830 
7356 729 1336 4153 
7357 3766 2418 3916 
7358 1750 3452 3754 
7359 3330 3634 4497 
7360 2480 3680 4008 
7361 3623 2785 4173 
7362 3773 2822 4274 
7363 1297 671 4215 
7364 1848 1819 3785 
7365 2043 2046 4355 
7366 712 2305 4361 
7367 2554 3077 4135 
7368 3728 3704 3824 
7369 1795 3399 4262 
7370 120 1135 4466 
7371 2792 421 4134 
7372 3501 2634 3732 
7373 2920 2921 4344 
7374 1291 1063 4230 
7375 1812 3629 3897 
7376 1562 2191 3757 
7377 1634 2962 4000 
7378 3412 4323 4397 
7379 1182 2394 4272 
7380 3535 3536 4264 
7381 1931 3025 3927 
7382 3128 2520 3973 
7383 3796 2345 3978 
7384 173 1434 4049 
7385 1932 2245 3819 
7386 2065 3721 3841 
7387 3705 3053 3878 
7388 3057 1612 3854 
7389 1463 172 4049 
7390 2698 3925 4525 
7391 1008 1007 4045 
7392 2089 2090 3850 
7393 2880 3334 3947 
7394 3196 1911 3973 
7395 3099 2557 3823 
7396 2963 2636 4131 
7397 3421 2650 3991 
7398 1619 1488 3771 
7399 3199 1619 3870 
7400 3655 3330 4497 
7401 321 322 3923 
7402 2245 3378 3819 
7403 1024 1513 3902 
7404 1584 2221 3768 
7405 3559 2166 4094 
7406 1973 1275 3811 
7407 1881 3228 3803 
7408 1944 1873 3756 
7409 3900 3042 4040 
7410 2935 2786 4475 
7411 1480 2341 3790 
7412 1257 3009 3881 
7413 2553 3693 3855 
7414 3034 2459 4022 
7415 1830 1836 3805 
7416 2521 3128 4107 
7417 3008 2229 3784 
7418 2771 2783 3983 
7419 2646 1768 4267 
7420 3505 1985 3697 
7421 1789 2198 3781 
7422 2877 2878 3914 
7423 3333 1371 3776 
7424 2405 2406 4097 
7425 3492 2635 4265 
7426 2998 2692 3848 
7427 3126 2355 3769 
7428 2033 1478 3814 
7429 887 1360 4231 
7430 2371 2653 4401 
7431 940 1295 3795 
7432 269 270 3813 
7433 322 1264 3923 
7434 255 256 4106 
7435 2478 3118 4486 
7436 3284 3285 3860 
7437 3376 2657 4490 
7438 1394 2233 3787 
7439 1839 3004 3752 
7440 3404 3178 4312 
7441 2346 2345 3796 
7442 4156 2649 4158 
7443 2109 3360 4304 
7444 2500 2499 3758 
7445 2837 2838 3792 
7446 4435 2671 4560 
7447 2363 2736 3915 
7448 3503 2005 3791 
7449 3375 2211 3780 
7450 3606 324 4224 
7451 1814 2841 4128 
7452 3291 1528 4278 
7453 3515 2210 4470 
7454 2352 2823 3820 
7455 3378 2747 3819 
7456 3420 2458 4271 
7457 1517 58 3834 
7458 190 191 3804 
7459 1766 3122 4149 
7460 2353 3042 3900 
7461 1395 46 4020 
7462 2234 3179 4117 
7463 2727 2728 3837 
7464 2647 1348 4551 
7465 404 405 3810 
7466 2665 4078 4473 
7467 789 788 3800 
7468 1624 3084 3837 
7469 4000 2579 4001 
7470 301 302 3808 
7471 2870 2868 4388 
7472 2066 3289 3847 
7473 3516 2420 3748 
7474 3496 3127 3874 
7475 1398 3719 3852 
7476 1597 3143 4450 
7477 151 152 3815 
7478 3576 2622 4335 
7479 2925 4406 4511 
7480 2941 3936 4168 
7481 2282 3359 4345 
7482 1868 2462 3826 
7483 2091 3679 3867 
7484 2678 3041 3939 
7485 2563 3092 4317 
7486 3432 2531 4165 
7487 2784 3482 4173 
7488 3786 2548 3827 
7489 3613 1525 4116 
7490 1274 3332 3818 
7491 2105 3642 3700 
7492 3451 1379 3772 
7493 1636 3445 4336 
7494 2830 3542 4444 
7495 3612 3192 4170 
7496 3800 2416 4083 
7497 3139 3140 4062 
7498 2892 3935 4247 
7499 2170 3663 3869 
7500 2038 3312 3833 
7501 86 985 3822 
7502 3197 1406 4367 
7503 2766 2767 3913 
7504 3078 3789 4450 
7505 3471 1120 4404 
7506 3726 1685 3935 
7507 2417 2933 4322 
7508 4032 3376 4490 
7509 3538 3654 3733 
7510 2743 3938 4221 
7511 2829 3397 4338 
7512 2791 2079 3821 
7513 713 712 4361 
7514 1742 1740 3817 
7515 2508 3536 3713 
7516 3527 3526 3774 
7517 266 3626 3999 
7518 2506 809 4432 
7519 1988 1590 3840 
7520 1521 2322 3823 
7521 3486 213 4345 
7522 1307 1810 3835 
7523 2583 4212 4543 
7524 1863 2934 3862 
7525 3544 2129 4153 
7526 898 897 3821 
7527 855 1364 3828 
7528 3127 2679 4018 
7529 2623 2624 3883 
7530 1367 2377 4094 
7531 1911 1909 3973 
7532 813 1799 3911 
7533 2531 2530 3825 
7534 2624 3660 3883 
7535 2725 2727 3824 
7536 1547 4174 4524 
7537 1264 3606 4308 
7538 2770 3432 4165 
7539 2591 2615 4213 
7540 2803 3946 4380 
7541 2949 3141 4522 
7542 1374 4261 4273 
7543 103 1597 4246 
7544 2057 3603 4190 
7545 368 369 3844 
7546 2932 2594 3828 
7547 1851 1941 4188 
7548 1387 3435 3793 
7549 2443 2797 3841 
7550 3280 1829 3896 
7551 3331 2437 3905 
7552 1242 3354 3831 
7553 1849 243 4157 
7554 2016 3693 4093 
7555 248 2952 3956 
7556 2210 1839 4470 
7557 2507 3125 4002 
7558 3003 3002 4072 
7559 2516 2124 4141 
7560 1021 2117 4410 
7561 3448 1248 3925 
7562 244 245 3839 
7563 3339 3340 3856 
7564 3639 1815 4391 
7565 3767 1304 4053 
7566 1897 3513 3799 
7567 3393 1580 3812 
7568 1142 1141 4202 
7569 1158 1157 3813 
7570 2357 3043 3866 
7571 958 2968 4537 
7572 2294 1865 4359 
7573 2660 2815 3996 
7574 2632 4183 4217 
7575 1746 3038 3857 
7576 3784 2229 3987 
7577 1041 3438 3699 
7578 2611 4071 4460 
7579 4122 2067 4150 
7580 3171 2514 4305 
7581 2429 3480 3783 
7582 1377 311 3845 
7583 1346 3430 4486 
7584 3077 2151 4439 
7585 1955 3631 4363 
7586 3719 2590 3852 
7587 3141 3428 4522 
7588 2552 3517 3980 
7589 2743 2912 3938 
7590 2238 3437 3864 
7591 2046 2047 4117 
7592 3539 2454 3898 
7593 1272 2875 3889 
7594 3296 3297 3972 
7595 2386 2387 3875 
7596 2729 2732 3865 
7597 895 1507 4226 
7598 422 423 3869 
7599 2790 3100 3838 
7600 2988 4139 4513 
7601 3684 1467 4362 
7602 3792 1545 4285 
7603 1785 713 4361 
7604 1334 124 3849 
7605 3085 2055 4503 
7606 3088 3098 3919 
7607 2517 2888 3850 
7608 3693 1866 3855 
7609 1533 729 4153 
7610 3363 1980 3964 
7611 3201 3421 4363 
7612 3777 2112 4329 
7613 2990 3448 3925 
7614 2968 2969 3959 
7615 27 741 4333 
7616 3967 3299 4160 
7617 4210 4069 4273 
7618 3626 267 4048 
7619 2060 3413 4167 
7620 2644 3603 4191 
7621 3140 3712 4269 
7622 2409 3540 4197 
7623 1550 3479 3786 
7624 3641 1280 3985 
7625 1787 4061 4266 
7626 1888 1890 3872 
7627 3639 3204 4033 
7628 2197 3672 3843 
7629 3938 1517 4221 
7630 1159 3256 3933 
7631 4323 2620 4397 
7632 3755 2505 4190 
7633 2844 3054 3877 
7634 3202 2342 3887 
7635 2851 1286 3868 
7636 3568 2623 3883 
7637 2716 2839 4114 
7638 2418 3189 3916 
7639 2309 3647 4213 
7640 2577 4033 4517 
7641 1007 2917 4045 
7642 2837 3792 4285 
7643 1538 3076 3903 
7644 3184 3704 3728 
7645 3590 3846 4069 
7646 3924 2937 4538 
7647 2917 3589 4045 
7648 3644 2161 3749 
7649 340 341 3880 
7650 2197 120 4466 
7651 2969 1268 4318 
7652 221 2578 4125 
7653 3700 2795 3732 
7654 1507 894 3992 
7655 2358 3005 3885 
7656 2603 4018 4229 
7657 3962 2446 4216 
7658 159 3194 4508 
7659 1354 161 3860 
7660 753 752 3892 
7661 1242 3866 4219 
7662 2912 2911 4307 
7663 3445 1398 3852 
7664 3151 3750 4437 
7665 3837 2728 4012 
7666 3142 2402 4420 
7667 1967 4034 4293 
7668 2617 3740 4255 
7669 3686 250 4077 
7670 430 431 3893 
7671 3538 2046 4117 
7672 3709 2442 3998 
7673 3194 2457 3968 
7674 3846 1635 4069 
7675 286 287 3895 
7676 3453 2356 4465 
7677 3272 3182 4162 
7678 1751 3630 4314 
7679 3039 3644 4526 
7680 2662 2053 4426 
7681 3463 2651 4178 
7682 2671 4028 4144 
7683 3274 2403 3941 
7684 2531 3825 4165 
7685 3847 3289 4092 
7686 1284 3539 4400 
7687 1436 958 4537 
7688 4111 2564 4541 
7689 2653 2630 3989 
7690 4477 2029 4481 
7691 2578 222 4239 
7692 1619 3771 3870 
7693 2520 3196 3973 
7694 3709 2486 4341 
7695 1051 1342 4358 
7696 2483 3073 4102 
7697 3089 2828 3937 
7698 245 246 3907 
7699 1815 984 4391 
7700 2829 2091 3867 
7701 1122 1610 3910 
7702 1677 1673 3894 
7703 3782 1953 3991 
7704 2334 3671 4369 
7705 433 434 3906 
7706 3125 2141 4002 
7707 2335 3596 4020 
7708 270 3746 3813 
7709 3701 2646 4206 
7710 1306 2936 4166 
7711 849 1433 3934 
7712 1977 1975 3876 
7713 3190 3810 4139 
7714 2455 2990 3925 
7715 1576 895 4226 
7716 2905 3884 4555 
7717 3062 3587 4225 
7718 2359 2997 4026 
7719 4230 3582 4445 
7720 3408 1424 3802 
7721 3713 1752 3830 
7722 2283 3685 4027 
7723 4174 2916 4524 
7724 3367 1241 4050 
7725 2430 3768 3945 
7726 2181 4180 4423 
7727 3186 2481 4182 
7728 3201 3200 4250 
7729 3374 4405 4425 
7730 2097 2099 3886 
7731 3638 2428 3943 
7732 354 355 3918 
7733 1342 3323 4358 
7734 787 1554 3954 
7735 2496 91 3943 
7736 2967 2310 4491 
7737 2941 2938 3924 
7738 3833 2933 4348 
7739 3336 2498 3904 
7740 1530 3133 4377 
7741 2447 2041 4355 
7742 1792 3440 3879 
7743 3706 3183 3771 
7744 3594 3026 3896 
7745 3484 3485 3832 
7746 3158 3304 3923 
7747 3643 4156 4158 
7748 2659 2658 4198 
7749 4041 1070 4356 
7750 3119 2361 4242 
7751 55 862 4509 
7752 3133 1530 4402 
7753 2026 982 4023 
7754 865 2446 3922 
7755 3988 2606 4550 
7756 3647 2309 4459 
7757 1406 962 4367 
7758 2465 2467 3899 
7759 3688 2496 3943 
7760 2482 2826 4123 
7761 2732 2731 4330 
7762 2712 3265 3948 
7763 3089 3937 4194 
7764 3425 3638 4347 
7765 3313 1965 3945 
7766 3413 1550 3827 
7767 2415 3798 4310 
7768 3353 2545 3897 
7769 2653 3657 4401 
7770 1641 1474 3891 
7771 3426 2383 4175 
7772 2994 1329 4029 
7773 2667 2490 3898 
7774 2910 2909 4495 
7775 3072 1472 4109 
7776 2676 2608 3988 
7777 1541 2939 3949 
7778 2620 847 4397 
7779 247 248 3956 
7780 2700 2698 4525 
7781 1988 3840 4210 
7782 2356 3649 4465 
7783 2815 704 4328 
7784 3002 2566 4072 
7785 3716 3385 4440 
7786 3358 2241 4084 
7787 1080 1079 3950 
7788 911 1276 4505 
7789 1521 3823 4206 
7790 2475 3120 4130 
7791 1742 3817 4133 
7792 2216 1818 3955 
7793 1685 1683 3935 
7794 2345 3345 3978 
7795 1160 1159 3933 
7796 3606 3153 4308 
7797 3666 3665 3930 
7798 1048 1557 3932 
7799 4064 4116 4387 
7800 3402 1571 4275 
7801 1817 3820 4105 
7802 2694 2863 4292 
7803 945 2464 4553 
7804 798 1960 3975 
7805 3771 3183 3870 
7806 1793 945 4553 
7807 2305 2359 3940 
7808 1806 1803 3947 
7809 837 2196 3890 
7810 2481 3131 4060 
7811 3185 2589 3909 
7812 3937 2828 4338 
7813 2105 3700 4522 
7814 2414 2580 3960 
7815 1918 1917 4158 
7816 2452 3336 3970 
7817 2944 1991 4163 
7818 3812 4222 4477 
7819 2504 2944 4061 
7820 3387 2039 3946 
7821 3665 1987 3930 
7822 1281 3046 4201 
7823 1380 3384 3920 
7824 65 2385 4275 
7825 3797 4082 4238 
7826 153 154 3965 
7827 319 1256 3931 
7828 720 2199 3957 
7829 3750 327 4437 
7830 2642 3221 4445 
7831 2229 3093 3987 
7832 1550 3786 3827 
7833 3523 2475 4130 
7834 1522 3456 3915 
7835 2961 3613 4116 
7836 9 686 4527 
7837 3690 220 4125 
7838 1305 3728 3824 
7839 3553 2312 3858 
7840 3696 2359 4026 
7841 2509 3921 4556 
7842 3694 1957 3782 
7843 2188 9 4527 
7844 3081 1355 4005 
7845 3442 1385 3888 
7846 2281 1109 4456 
7847 3952 1540 3953 
7848 1734 1725 3958 
7849 3590 2390 3846 
7850 2508 3713 3830 
7851 2590 3185 3926 
7852 2677 2678 3944 
7853 2552 3520 4078 
7854 1418 144 4080 
7855 3261 3716 4440 
7856 3251 3252 3982 
7857 1109 1108 4456 
7858 4349 3934 4408 
7859 2567 3002 4004 
7860 974 83 4039 
7861 1953 1955 3991 
7862 1437 2916 3976 
7863 2168 1930 4435 
7864 3968 1375 4508 
7865 3976 3763 4317 
7866 3474 2380 3933 
7867 2807 995 4289 
7868 975 974 4218 
7869 3023 2226 4103 
7870 1778 2415 4119 
7871 2038 3833 4348 
7872 1309 3478 4096 
7873 2833 3065 4433 
7874 2312 233 3928 
7875 3599 292 4256 
7876 352 3600 4257 
7877 2421 825 4418 
7878 2340 3728 4368 
7879 3377 2633 4030 
7880 3799 2664 4035 
7881 2047 2234 4117 
7882 3410 1402 3936 
7883 2550 2552 3980 
7884 1336 728 4046 
7885 2824 1338 4007 
7886 2419 3766 4507 
7887 2695 3218 4540 
7888 3766 3916 4290 
7889 3749 2562 4553 
7890 2632 4140 4420 
7891 2531 3432 4070 
7892 825 2167 4418 
7893 741 3106 4333 
7894 2231 2232 4071 
7895 1560 3563 4559 
7896 3825 2530 4320 
7897 4027 2904 4239 
7898 3327 2863 4436 
7899 2814 2813 4044 
7900 1824 1134 4489 
7901 1449 1540 3952 
7902 3640 3464 4552 
7903 265 266 3999 
7904 3174 2912 4454 
7905 4221 3834 4379 
7906 2123 2158 4419 
7907 2983 3617 4319 
7908 3545 2655 4159 
7909 2863 3326 4292 
7910 1393 3496 3874 
7911 2741 3125 4546 
7912 1863 3862 4385 
7913 3400 1350 3914 
7914 3685 2904 4027 
7915 2354 1171 4492 
7916 3531 2407 3983 
7917 755 2652 4502 
7918 2125 3546 4279 
7919 2258 4477 4481 
7920 2416 2417 4083 
7921 2889 2890 4282 
7922 1304 2274 4053 
7923 1171 1624 4492 
7924 3578 2350 4415 
7925 3159 3161 4169 
7926 3016 719 4531 
7927 2429 3783 3966 
7928 3930 2748 4037 
7929 3548 2447 3912 
7930 1374 2218 4261 
7931 2272 3545 4159 
7932 2597 2029 4477 
7933 1293 3640 4384 
7934 3478 2221 4096 
7935 3772 3136 4325 
7936 1423 3033 4311 
7937 3417 2074 4040 
7938 1134 1369 4489 
7939 3200 1461 4250 
7940 2596 2780 4099 
7941 2559 2560 4059 
7942 1823 681 4498 
7943 2835 678 4452 
7944 83 2558 4039 
7945 2580 3226 4036 
7946 1928 3805 3806 
7947 1516 934 4458 
7948 3832 2913 4091 
7949 2056 2055 4506 
7950 3941 2403 4476 
7951 1253 3543 4449 
7952 1968 2027 4034 
7953 3786 3479 3966 
7954 365 2293 3993 
7955 223 224 4027 
7956 2404 2845 4042 
7957 3012 2701 4050 
7958 2310 3133 4402 
7959 3743 2427 4076 
7960 2143 3198 4085 
7961 3812 1580 4222 
7962 756 755 4502 
7963 3380 2681 4237 
7964 3072 3575 4411 
7965 3572 2515 3889 
7966 3672 2273 3843 
7967 3066 2604 3981 
7968 2200 2834 3984 
7969 2736 3686 4077 
7970 3320 2304 4452 
7971 3858 2312 3928 
7972 3663 2798 3869 
7973 1415 2649 4156 
7974 2055 116 4503 
7975 1630 2880 4095 
7976 2323 3527 3917 
7977 1149 1148 4416 
7978 2286 3742 3794 
7979 3215 1824 4438 
7980 3197 2869 4454 
7981 679 2925 4511 
7982 2671 1574 4028 
7983 2912 4307 4454 
7984 422 3869 4134 
7985 2934 2802 4118 
7986 3289 2540 4092 
7987 1993 1995 4118 
7988 764 763 4499 
7989 2404 4042 4183 
7990 1305 1169 4368 
7991 3839 245 3907 
7992 267 268 4048 
7993 2719 2717 4530 
7994 172 173 4049 
7995 3979 2672 4127 
7996 946 2332 3986 
7997 2919 2395 4057 
7998 2251 3859 4126 
7999 2785 2784 4173 
8000 846 845 4409 
8001 3076 2667 4014 
8002 3087 1504 4234 
8003 1254 3380 4237 
8004 1815 3272 4162 
8005 4064 2565 4116 
8006 747 2773 4265 
8007 3869 2798 4134 
8008 3551 2700 4525 
8009 1761 2766 4331 
8010 2953 2661 4199 
8011 1568 1766 4149 
8012 1010 1827 4372 
8013 1221 3142 4140 
8014 2663 2665 4473 
8015 1070 1069 4356 
8016 2661 3667 4199 
8017 2790 3838 4351 
8018 2643 3078 4450 
8019 2538 3190 4139 
8020 338 339 4065 
8021 3498 3861 4370 
8022 3041 3729 3939 
8023 719 3082 4531 
8024 2714 3948 4493 
8025 1406 3197 4307 
8026 3203 2601 4379 
8027 714 1785 4523 
8028 3451 3772 4325 
8029 3118 2505 4019 
8030 3476 3477 4342 
8031 2557 3701 4206 
8032 2856 2333 4174 
8033 2123 3601 3929 
8034 2073 2077 4181 
8035 1796 764 4499 
8036 2310 3593 4491 
8037 3806 3805 4557 
8038 3703 3261 4440 
8039 3350 2250 4126 
8040 3419 3718 4552 
8041 2135 2132 4111 
8042 2221 1503 4096 
8043 681 680 4498 
8044 3578 2400 4332 
8045 852 1404 4172 
8046 3906 434 4406 
8047 250 251 4077 
8048 3414 2016 4227 
8049 3465 1636 3977 
8050 1339 3426 4175 
8051 4128 2841 4332 
8052 835 834 4186 
8053 2753 2752 4084 
8054 1076 1075 4089 
8055 2818 3488 4252 
8056 2880 3947 4485 
8057 33 781 4444 
8058 4092 4195 4366 
8059 2562 3763 3976 
8060 1904 3295 4107 
8061 1278 4092 4366 
8062 3326 2503 4292 
8063 3479 2429 3966 
8064 972 1560 4132 
8065 3668 2391 3884 
8066 2840 2086 4277 
8067 3793 3435 4533 
8068 1946 2426 4154 
8069 2777 2436 4032 
8070 336 1254 4062 
8071 1508 3174 4164 
8072 1290 2575 4136 
8073 204 2054 4268 
8074 1028 1423 4037 
8075 2565 2961 4116 
8076 69 1547 4524 
8077 3191 2940 4168 
8078 2863 1321 4436 
8079 2534 3657 4455 
8080 3693 2553 4093 
8081 2473 2642 4090 
8082 3586 2384 3942 
8083 2798 759 4478 
8084 3868 3360 4548 
8085 3328 866 4339 
8086 2746 2631 4408 
8087 2762 2885 4122 
8088 3884 2391 4555 
8089 3330 440 4270 
8090 1597 3789 4246 
8091 2377 2531 4070 
8092 269 3813 4104 
8093 2029 1009 4481 
8094 1523 3058 4030 
8095 2763 3793 4533 
8096 3026 3025 4324 
8097 840 1374 4469 
8098 2756 1098 4252 
8099 3094 2576 4228 
8100 2166 1367 4094 
8101 4335 1285 4376 
8102 2754 2753 4310 
8103 1238 2164 4558 
8104 980 979 4494 
8105 2335 3171 4305 
8106 2630 3544 4471 
8107 1270 1238 4558 
8108 2675 3705 3878 
8109 2955 3830 4298 
8110 4136 2575 4180 
8111 3217 3216 4143 
8112 3397 1414 4338 
8113 3777 2353 3900 
8114 2028 1983 4075 
8115 2601 2743 4221 
8116 2649 2919 4088 
8117 884 883 4131 
8118 3657 3219 4401 
8119 3396 1383 4194 
8120 3667 2195 4199 
8121 1431 263 4031 
8122 2542 2541 4176 
8123 2581 3525 3963 
8124 2336 3701 3901 
8125 1280 3429 4060 
8126 2961 2301 4429 
8127 2861 2565 4064 
8128 3727 1377 4189 
8129 2354 3230 4301 
8130 1324 3119 4242 
8131 3216 2272 4159 
8132 268 269 4104 
8133 3256 3474 3933 
8134 1862 1863 4385 
8135 1009 1008 4481 
8136 398 399 4127 
8137 3423 2157 4112 
8138 3421 3991 4363 
8139 2272 1432 4068 
8140 3370 2328 4073 
8141 3247 3276 4189 
8142 1155 2901 4135 
8143 2669 723 4480 
8144 1882 1832 4327 
8145 1744 1742 4133 
8146 3745 2653 3989 
8147 2022 3990 4483 
8148 53 872 4417 
8149 3307 2135 4111 
8150 244 3839 4157 
8151 2981 2762 4150 
8152 2523 2525 4086 
8153 2587 1368 4240 
8154 723 22 4480 
8155 2769 1790 4463 
8156 2681 2680 4237 
8157 3340 3338 4105 
8158 1808 980 4494 
8159 1328 4148 4243 
8160 220 221 4125 
8161 2697 1851 4188 
8162 1253 314 4108 
8163 3593 2310 4402 
8164 847 846 4178 
8165 3484 3832 4091 
8166 3348 2648 4097 
8167 421 422 4134 
8168 872 2963 4417 
8169 3200 3051 4152 
8170 3259 2619 4079 
8171 2874 2873 4293 
8172 2367 3640 4552 
8173 2304 432 4146 
8174 2828 2829 4338 
8175 763 762 4529 
8176 2555 3702 4129 
8177 4025 2732 4330 
8178 3582 2642 4445 
8179 1828 1647 4047 
8180 2477 3576 4376 
8181 922 921 4236 
8182 4247 3879 4282 
8183 2621 1988 4210 
8184 4235 1622 4545 
8185 2946 4043 4318 
8186 2995 2996 4025 
8187 1318 1222 4217 
8188 3874 3127 4018 
8189 1583 2257 4145 
8190 1301 3916 4110 
8191 2505 3755 4019 
8192 1757 694 4547 
8193 3477 2877 4342 
8194 2665 3513 4078 
8195 2128 4296 4465 
8196 3601 2123 4419 
8197 1853 3635 4448 
8198 2890 2892 4247 
8199 1199 1198 4364 
8200 197 198 4179 
8201 2575 3094 4180 
8202 1572 1013 4528 
8203 3631 3201 4363 
8204 259 3504 4041 
8205 329 330 4184 
8206 2016 4093 4227 
8207 694 1325 4547 
8208 1760 2244 4233 
8209 2601 4221 4379 
8210 3684 2533 4044 
8211 2632 2404 4183 
8212 2638 3822 4162 
8213 1384 3650 4533 
8214 3056 2765 4196 
8215 2034 2583 4543 
8216 2327 3599 4256 
8217 243 244 4157 
8218 332 333 4187 
8219 3600 2328 4257 
8220 2458 3964 4271 
8221 1466 751 4137 
8222 3773 3442 3888 
8223 132 3087 4101 
8224 2522 3806 4557 
8225 2786 2985 4475 
8226 3753 2808 4421 
8227 3352 2761 4204 
8228 3527 3774 3917 
8229 954 1391 4373 
8230 1349 2260 4254 
8231 1803 1288 4485 
8232 1571 65 4275 
8233 1243 1936 4259 
8234 1260 3382 4121 
8235 4043 3209 4318 
8236 875 1552 4309 
8237 1427 1628 4251 
8238 3450 1933 4051 
8239 3798 2415 4373 
8240 2619 2056 4386 
8241 3699 2434 4208 
8242 2757 3493 4254 
8243 1623 4235 4545 
8244 1437 3976 4317 
8245 2631 3173 4349 
8246 1625 840 4469 
8247 400 3424 4155 
8248 63 1814 4128 
8249 3997 3647 4459 
8250 1215 1214 4512 
8251 1622 107 4545 
8252 2717 1334 4530 
8253 4051 2482 4123 
8254 1334 3849 4460 
8255 2533 3193 4487 
8256 2852 2208 4232 
8257 2617 3734 4193 
8258 2584 3446 4148 
8259 926 1324 4242 
8260 409 410 4209 
8261 280 281 4219 
8262 3092 1437 4317 
8263 699 1467 4413 
8264 3025 2268 4324 
8265 931 71 4313 
8266 60 887 4231 
8267 3076 3730 3903 
8268 3652 2477 4376 
8269 4140 2632 4217 
8270 2845 1846 4241 
8271 324 325 4224 
8272 3925 1248 4525 
8273 1282 943 4369 
8274 2965 2138 4283 
8275 3692 2185 4059 
8276 107 1366 4545 
8277 2688 3477 4074 
8278 3265 2737 4451 
8279 2813 3684 4044 
8280 3730 2169 3903 
8281 3523 2325 4171 
8282 4143 3216 4159 
8283 2757 4013 4443 
8284 2226 3627 4103 
8285 3832 3485 4063 
8286 1337 1780 4216 
8287 2063 1912 4260 
8288 2651 3412 4397 
8289 1068 3472 4106 
8290 1779 2482 4468 
8291 923 69 4524 
8292 1289 1542 4561 
8293 2059 1631 4211 
8294 863 55 4387 
8295 3604 1828 4047 
8296 2580 4036 4439 
8297 3712 1261 4269 
8298 1916 3608 4556 
8299 1794 4223 4497 
8300 2129 1533 4153 
8301 307 308 4249 
8302 1502 2202 4220 
8303 1546 3022 4147 
8304 4428 3173 4502 
8305 4060 3429 4182 
8306 1572 3662 3972 
8307 3430 2478 4486 
8308 1865 2249 4359 
8309 3482 2186 4173 
8310 3323 1342 4330 
8311 892 1302 4214 
8312 883 59 4536 
8313 1549 2022 4483 
8314 3349 1240 4518 
8315 3110 3604 4047 
8316 246 247 4205 
8317 1614 1352 4474 
8318 1516 4143 4516 
8319 2240 3607 4411 
8320 2916 923 4524 
8321 2593 2592 4278 
8322 2834 1438 4177 
8323 3179 3538 4117 
8324 1299 3105 4337 
8325 3605 2610 4087 
8326 2318 2279 4407 
8327 235 2629 4151 
8328 2792 4134 4478 
8329 809 43 4432 
8330 1885 2946 4291 
8331 3581 1149 4416 
8332 3953 1540 4099 
8333 3211 3212 4398 
8334 43 3515 4432 
8335 1408 3610 4058 
8336 2958 3199 4288 
8337 163 1387 4207 
8338 2153 2983 4319 
8339 222 223 4239 
8340 2836 3074 4414 
8341 294 295 4287 
8342 3493 1349 4254 
8343 1813 2423 4215 
8344 3775 2829 3867 
8345 2392 3668 3994 
8346 2980 1990 4258 
8347 87 989 4421 
8348 3768 3313 3945 
8349 2568 3509 4457 
8350 3596 2335 4305 
8351 3734 2218 4193 
8352 2772 363 4113 
8353 2505 2057 4190 
8354 2855 766 4462 
8355 3431 2749 4203 
8356 3549 2432 4504 
8357 1620 3636 4015 
8358 2000 1998 4423 
8359 2122 3197 4367 
8360 2996 3997 4352 
8361 2762 4122 4150 
8362 2652 4428 4502 
8363 967 966 4515 
8364 1470 2663 4473 
8365 3429 1375 4182 
8366 1412 3450 4123 
8367 1980 3710 3964 
8368 3409 1339 4175 
8369 4019 1346 4486 
8370 293 2327 4256 
8371 2328 351 4257 
8372 1405 3484 4091 
8373 3611 3411 4192 
8374 366 367 4297 
8375 3648 2878 3967 
8376 2403 2096 4476 
8377 2879 2038 4348 
8378 3797 1859 4082 
8379 1261 334 4269 
8380 2483 3775 3867 
8381 3450 4051 4123 
8382 223 4027 4239 
8383 704 703 4328 
8384 2952 3686 4023 
8385 3907 246 4205 
8386 1642 1641 4244 
8387 2381 1786 4266 
8388 4080 2600 4514 
8389 1363 1593 4538 
8390 3493 2346 4238 
8391 3772 1379 3905 
8392 2039 3316 4383 
8393 1927 1926 4286 
8394 1411 4032 4490 
8395 3589 2258 4045 
8396 3499 2315 4202 
8397 2164 2287 4427 
8398 3563 2666 4559 
8399 2031 2988 4295 
8400 2485 4069 4210 
8401 2545 1576 4226 
8402 3870 2527 4288 
8403 3733 2447 4355 
8404 2921 3777 3900 
8405 3645 1260 4121 
8406 2996 3647 3997 
8407 2224 3580 4340 
8408 247 3956 4205 
8409 3752 2506 4470 
8410 2295 2092 4424 
8411 1259 279 4280 
8412 4048 268 4104 
8413 2481 4060 4182 
8414 2107 2302 4548 
8415 2309 1078 4459 
8416 3746 1158 3813 
8417 687 13 4539 
8418 2093 2821 4263 
8419 1917 3643 4158 
8420 1525 863 4387 
8421 703 1599 4328 
8422 2817 2036 4300 
8423 3914 1350 4342 
8424 1794 3391 4223 
8425 1580 3386 4222 
8426 2679 2695 4229 
8427 2666 2966 4559 
8428 3079 2013 4303 
8429 2248 1886 4381 
8430 3042 1332 4415 
8431 3297 2024 4410 
8432 1768 1569 4267 
8433 3724 2500 4479 
8434 1245 3371 4493 
8435 2279 3528 4407 
8436 2048 2042 4519 
8437 3386 1405 4161 
8438 3619 2281 4456 
8439 2787 3690 4125 
8440 829 1278 4366 
8441 2666 3563 4191 
8442 2364 53 4417 
8443 2895 3300 4510 
8444 2485 3590 4069 
8445 733 1314 4441 
8446 1843 1841 4390 
8447 2985 1840 4389 
8448 2041 2043 4355 
8449 1941 3842 4188 
8450 3698 3578 4332 
8451 1754 1056 4284 
8452 2423 3678 4215 
8453 3830 1752 4298 
8454 2631 4349 4408 
8455 2948 1986 4306 
8456 2402 2179 4420 
8457 2654 2419 4507 
8458 213 214 4345 
8459 3610 3122 4058 
8460 3272 3639 4033 
8461 434 435 4406 
8462 1116 1351 4394 
8463 3724 1519 4200 
8464 2069 3206 4371 
8465 3947 1803 4485 
8466 3391 1389 4212 
8467 3485 2581 4063 
8468 2021 1215 4512 
8469 3323 2230 4358 
8470 3109 3952 3953 
8471 1148 1471 4416 
8472 2004 2007 4551 
8473 1400 1633 4357 
8474 72 1516 4516 
8475 2927 3023 4506 
8476 2789 2790 4351 
8477 3575 2240 4411 
8478 1558 27 4333 
8479 3386 4161 4222 
8480 2622 2623 4335 
8481 327 328 4437 
8482 2636 3011 4482 
8483 1900 2959 4281 
8484 1411 12 4542 
8485 3547 2150 4225 
8486 1610 3471 4412 
8487 3424 1795 4262 
8488 2678 3939 3944 
8489 2782 2781 4322 
8490 3997 4235 4352 
8491 2820 2628 4375 
8492 1464 1199 4364 
8493 2890 4247 4282 
8494 2564 1269 4541 
8495 116 1119 4503 
8496 1405 4091 4161 
8497 3374 2189 4405 
8498 2621 4210 4273 
8499 2654 3353 4472 
8500 3584 2659 4198 
8501 158 159 4508 
8502 1637 2757 4443 
8503 1572 3972 4382 
8504 3391 4212 4223 
8505 1412 4123 4245 
8506 2082 3374 4425 
8507 3813 1157 4104 
8508 1391 3798 4373 
8509 1145 1284 4400 
8510 3673 1516 4458 
8511 1358 3404 4312 
8512 1842 1843 4447 
8513 2581 3963 4063 
8514 3449 1412 4245 
8515 257 258 4356 
8516 1308 2491 4393 
8517 1925 3582 4230 
8518 1276 2770 4505 
8519 1248 3551 4525 
8520 2560 3692 4059 
8521 4051 1933 4347 
8522 3199 3870 4288 
8523 3347 2421 4418 
8524 3662 1572 4528 
8525 4307 3197 4454 
8526 3643 2303 4156 
8527 2432 3677 4504 
8528 3887 2537 4075 
8529 1246 317 4464 
8530 2391 1323 4555 
8531 2966 4006 4559 
8532 1340 3584 4198 
8533 2313 3259 4365 
8534 1302 3633 4214 
8535 1945 3008 4396 
8536 1078 1622 4459 
8537 3521 2081 4253 
8538 3412 2060 4323 
8539 1613 1085 4517 
8540 3385 1382 4440 
8541 2573 3745 3989 
8542 3759 2379 4496 
8543 2532 3684 4362 
8544 3981 2602 4523 
8545 3585 2087 4521 
8546 4042 2028 4075 
8547 3546 3015 4279 
8548 3658 2744 4554 
8549 3853 2693 4181 
8550 2877 3914 4342 
8551 3100 2791 4453 
8552 1534 2313 4404 
8553 4044 2533 4487 
8554 3676 1393 4433 
8555 2746 3614 4167 
8556 3360 2751 4304 
8557 160 1354 4484 
8558 2906 3562 4448 
8559 906 1537 4403 
8560 3852 2590 3926 
8561 3939 1524 3944 
8562 4212 1389 4325 
8563 4006 1560 4559 
8564 2108 3351 4467 
8565 3460 1551 4274 
8566 3428 2105 4522 
8567 1567 3487 4513 
8568 3441 1934 4446 
8569 1984 3377 4535 
8570 3051 4015 4152 
8571 3577 2222 4255 
8572 2372 2371 4401 
8573 1593 3924 4538 
8574 1389 3451 4325 
8575 3873 2694 4292 
8576 2268 3555 4324 
8577 3462 2172 4430 
8578 2218 3734 4261 
8579 2501 3547 4412 
8580 3614 2620 4323 
8581 2112 902 4329 
8582 1942 3832 4063 
8583 3564 2569 4382 
8584 3177 3715 4312 
8585 1634 4000 4001 
8586 4123 2826 4245 
8587 3541 2318 4407 
8588 3634 1794 4497 
8589 2300 3661 4442 
8590 3678 1297 4215 
8591 2054 3632 4268 
8592 3617 2673 4319 
8593 1933 3425 4347 
8594 3636 2568 4457 
8595 3634 3330 4270 
8596 3803 2910 4495 
8597 2015 2861 4431 
8598 3839 2807 4157 
8599 2077 3853 4181 
8600 3728 1305 4368 
8601 2313 4365 4404 
8602 2545 4226 4461 
8603 2405 4097 4098 
8604 3717 1629 4081 
8605 910 1388 4550 
8606 2379 3509 4496 
8607 3620 3062 4225 
8608 3671 1282 4369 
8609 3715 1358 4312 
8610 3691 679 4511 
8611 3635 2906 4448 
8612 1531 3537 4399 
8613 3838 2435 4309 
8614 3536 2508 4264 
8615 2347 3658 4554 
8616 3547 1610 4412 
8617 1336 4046 4471 
8618 2744 3214 4554 
8619 4040 2074 4344 
8620 2934 4118 4488 
8621 3608 2825 4556 
8622 3435 1384 4533 
8623 1198 3661 4364 
8624 3520 1470 4473 
8625 2416 3800 4141 
8626 3579 2220 4372 
8627 2930 3463 4409 
8628 1836 3658 4557 
8629 1787 1436 4537 
8630 4118 1995 4488 
8631 2482 4051 4468 
8632 1382 3703 4440 
8633 3991 1955 4363 
8634 3851 2182 4043 
8635 1393 3874 4433 
8636 3276 3727 4189 
8637 3632 203 4268 
8638 145 3634 4270 
8639 3740 2827 4255 
8640 3491 2772 4272 
8641 3630 2378 4314 
8642 3934 1433 4408 
8643 1805 3588 4388 
8644 3859 2511 4126 
8645 2689 4393 4504 
8646 2941 3924 4192 
8647 1350 3476 4342 
8648 1571 3967 4160 
8649 4222 2597 4477 
8650 3548 2188 4527 
8651 2733 3961 3962 
8652 3600 1529 4374 
8653 1930 3927 4435 
8654 2401 3673 4458 
8655 2168 4435 4560 
8656 2936 3921 4166 
8657 4438 1824 4489 
8658 4018 2679 4229 
8659 2464 3749 4553 
8660 2766 3697 4331 
8661 1983 3887 4075 
8662 3497 1293 4384 
8663 3009 3585 4521 
8664 3982 3252 4374 
8665 1915 3691 4370 
8666 3717 2300 4442 
8667 3800 788 4343 
8668 3657 2653 4455 
8669 2302 3868 4548 
8670 3554 3016 4531 
8671 3946 2039 4383 
8672 3413 3827 4167 
8673 4116 1525 4387 
8674 4152 2295 4424 
8675 3879 2426 4282 
8676 3592 2721 4501 
8677 2774 3601 4419 
8678 2613 3739 4378 
8679 1321 3761 4436 
8680 2536 3794 4115 
8681 1792 3879 4247 
8682 3464 3419 4552 
8683 2830 4444 4535 
8684 3865 2732 4352 
8685 1825 4438 4489 
8686 4034 2874 4293 
8687 3252 4073 4374 
8688 3723 1754 4284 
8689 3775 2483 4102 
8690 4229 2695 4540 
8691 3820 2823 4105 
8692 2833 3874 4018 
8693 3681 2389 4334 
8694 4055 1508 4164 
8695 2649 4088 4158 
8696 2150 3620 4225 
8697 2503 3873 4292 
8698 4054 2274 4055 
8699 1537 3725 4403 
8700 3710 2125 4271 
8701 1847 3769 4087 
8702 4061 2944 4266 
8703 2174 4349 4428 
8704 3644 2464 4526 
8705 3734 2621 4261 
8706 3874 2833 4433 
8707 2204 3639 4391 
8708 3779 2613 4378 
8709 4008 2840 4277 
8710 3916 1301 4290 
8711 3065 3676 4433 
8712 3827 2746 4167 
8713 2780 3953 4099 
8714 4349 3173 4428 
8715 3566 2926 4299 
8716 3823 2557 4206 
8717 2151 3960 4439 
8718 3834 2155 4379 
8719 4024 3211 4398 
8720 997 3907 4205 
8721 3725 2376 4403 
8722 847 4178 4397 
8723 4097 2648 4098 
8724 3806 2522 4218 
8725 3677 2689 4504 
8726 3999 3626 4520 
8727 3672 2197 4466 
8728 3656 1757 4434 
8729 3658 2522 4557 
8730 1214 3762 4512 
8731 4005 2774 4532 
8732 3916 3189 4110 
8733 3702 2082 4425 
8734 2311 3662 4528 
8735 1517 3834 4221 
8736 2353 3777 4329 
8737 4122 2885 4185 
8738 2425 3766 4290 
8739 2400 4128 4332 
8740 3660 967 4515 
8741 2530 3725 4320 
8742 265 3999 4114 
8743 2609 3702 4425 
8744 3959 1787 4537 
8745 3697 3020 4331 
8746 2541 3892 4176 
8747 3866 3043 4219 
8748 966 3753 4515 
8749 2640 4122 4185 
8750 3921 2509 4166 
8751 3861 2817 4300 
8752 4141 3800 4343 
8753 3105 3778 4337 
8754 2899 3979 4127 
8755 1623 3865 4235 
8756 3937 3396 4194 
8757 2304 4146 4452 
8758 3763 2563 4317 
8759 1314 3901 4441 
8760 2732 4025 4352 
8761 1560 4006 4132 
8762 3936 1402 4168 
8763 3711 1253 4449 
8764 3778 2321 4337 
8765 3307 4111 4541 
8766 2753 4119 4310 
8767 2770 4165 4505 
8768 2653 3745 4455 
8769 4016 2741 4546 
8770 4021 2789 4351 
8771 4013 2757 4254 
8772 4165 2599 4505 
8773 2968 3959 4537 
8774 3926 2793 4336 
8775 1512 3941 4350 
8776 1780 3962 4216 
8777 3969 2776 4426 
8778 3997 1622 4235 
8779 3852 3926 4336 
8780 1915 3861 4300 
8781 2260 4013 4254 
8782 3857 3038 4427 
8783 4054 2870 4388 
8784 4131 2636 4482 
8785 1839 3752 4470 
8786 59 3809 4536 
8787 3861 1915 4370 
8788 4082 2558 4238 
8789 3588 4054 4388 
8790 2053 3969 4426 
8791 1552 4021 4351 
8792 2528 3803 4495 
8793 3714 2061 4529 
8794 3969 1530 4377 
8795 2652 4067 4428 
8796 3999 2716 4114 
8797 3445 3852 4336 
8798 4095 2880 4485 
8799 1388 3988 4550 
8800 3994 2619 4386 
8801 4071 2730 4460 
8802 3194 3968 4508 
8803 2500 3758 4479 
8804 1466 4138 4176 
8805 2536 4115 4463 
8806 2301 4172 4429 
8807 4088 1918 4158 
8808 3805 1836 4557 
8809 2774 4419 4532 
8810 3964 3710 4271 
8811 3922 2612 4339 
8812 4092 2540 4195 
8813 4138 2542 4176 
8814 2061 4499 4529 
8815 2921 3900 4344 
8816 2672 3979 4313 
8817 3626 125 4520 
8818 4196 2768 4234 
8819 4134 2798 4478 
8820 4083 2417 4322 
8821 2249 4124 4359 
8822 55 4064 4387 
8823 1351 3970 4394 
8824 4009 2879 4348 
8825 3979 931 4313 
8826 3954 2516 4343 
8827 2258 3812 4477 
8828 2480 4008 4277 
8829 3859 2935 4475 
8830 4148 3446 4243 
8831 2305 3940 4361 
8832 2781 4083 4322 
8833 2512 4549 4558 
8834 4549 1270 4558 
8835 4069 1635 4273 
8836 3487 4296 4513 
8837 3897 2545 4461 
8838 3927 2637 4435 
8839 3948 1245 4493 
8840 3849 2611 4460 
8841 3854 2168 4560 
8842 1529 3982 4374 
8843 3884 3215 4438 
8844 4135 2901 4353 
8845 2861 3971 4431 
8846 2174 3934 4349 
8847 3881 3009 4521 
8848 2688 4074 4289 
8849 4499 763 4529 
8850 2554 4135 4353 
8851 4038 2654 4472 
8852 4033 1613 4517 
8853 4025 2996 4352 
8854 1240 4204 4518 
8855 3960 2580 4439 
8856 3681 4334 4461 
8857 4119 2415 4310 
8858 4261 2621 4273 
8859 3989 2630 4471 
8860 2516 4141 4343 
8861 4414 3074 4434 
8862 3971 2196 4431 
8863 1622 3997 4459 
8864 4139 1567 4513 
8865 4195 2460 4366 
8866 3325 4276 4395 
8867 3921 1916 4556 
8868 4353 2901 4422 
8869 1785 3981 4523 
8870 4276 1531 4399 
8871 4124 2960 4359 
8872 4276 2805 4395 
8873 3118 4019 4486 
8874 2339 4353 4422 
8875 4178 2651 4397 
8876 4235 3865 4352 
8877 2671 4144 4560 
8878 4180 3094 4423 
8879 3081 4005 4532 
8880 3371 4360 4493 
8881 1401 4038 4472 
8882 4140 3142 4420 
8883 2791 4110 4453 
8884 4064 55 4509 
8885 4146 2835 4452 
8886 4110 3189 4453 
8887 1418 4080 4514 
8888 1758 4315 4414 
8889 2805 4276 4399 
8890 2861 4064 4509 
8891 4315 2836 4414 
8892 4204 2761 4518 
8893 2716 3999 4520 
8894 4296 2988 4513 
8895 4360 2714 4493 
8896 4419 2158 4532 
2 202 2 5760
8897 3 441 293 
8898 441 4562 293 
8899 441 442 4562 
8900 442 4563 4562 
8901 442 443 4563 
8902 443 4564 4563 
8903 443 444 4564 
8904 444 4565 4564 
8905 444 445 4565 
8906 445 4566 4565 
8907 445 446 4566 
8908 446 4567 4566 
8909 446 447 4567 
8910 447 4568 4567 
8911 447 448 4568 
8912 448 4569 4568 
8913 448 449 4569 
8914 449 4570 4569 
8915 449 450 4570 
8916 450 4571 4570 
8917 450 451 4571 
8918 451 4572 4571 
8919 451 452 4572 
8920 452 4573 4572 
8921 452 453 4573 
8922 453 4574 4573 
8923 453 454 4574 
8924 454 4575 4574 
8925 454 455 4575 
8926 455 4576 4575 
8927 455 456 4576 
8928 456 4577 4576 
8929 456 457 4577 
8930 457 4578 4577 
8931 457 458 4578 
8932 458 4579 4578 
8933 458 459 4579 
8934 459 4580 4579 
8935 459 460 4580 
8936 460 4581 4580 
8937 460 461 4581 
8938 461 4582 4581 
8939 461 462 4582 
8940 462 4583 4582 
8941 462 463 4583 
8942 463 4584 4583 
8943 463 464 4584 
8944 464 4585 4584 
8945 464 465 4585 
8946 465 4586 4585 
8947 465 466 4586 
8948 466 4587 4586 
8949 466 467 4587 
8950 467 4588 4587 
8951 467 468 4588 
8952 468 4589 4588 
8953 468 469 4589 
8954 469 4590 4589 
8955 469 470 4590 
8956 470 4591 4590 
8957 470 471 4591 
8958 471 4592 4591 
8959 471 472 4592 
8960 472 4593 4592 
8961 472 473 4593 
8962 473 4594 4593 
8963 473 474 4594 
8964 474 4595 4594 
8965 474 475 4595 
8966 475 4596 4595 
8967 475 476 4596 
8968 476 4597 4596 
8969 476 477 4597 
8970 477 4598 4597 
8971 477 478 4598 
8972 478 4599 4598 
8973 478 479 4599 
8974 479 4600 4599 
8975 479 480 4600 
8976 480 4601 4600 
8977 480 481 4601 
8978 481 4602 4601 
8979 481 482 4602 
8980 482 4603 4602 
8981 482 483 4603 
8982 483 4604 4603 
8983 483 484 4604 
8984 484 4605 4604 
8985 484 485 4605 
8986 485 4606 4605 
8987 485 486 4606 
8988 486 4607 4606 
8989 486 487 4607 
8990 487 4608 4607 
8991 487 4 4608 
8992 4 488 4608 
8993 293 4562 294 
8994 4562 4609 294 
8995 4562 4563 4609 
8996 4563 4610 4609 
8997 4563 4564 4610 
8998 4564 4611 4610 
8999 4564 4565 4611 
9000 4565 4612 4611 
9001 4565 4566 4612 
9002 4566 4613 4612 
9003 4566 4567 4613 
9004 4567 4614 4613 
9005 4567 4568 4614 
9006 4568 4615 4614 
9007 4568 4569 4615 
9008 4569 4616 4615 
9009 4569 4570 4616 
9010 4570 4617 4616 
9011 4570 4571 4617 
9012 4571 4618 4617 
9013 4571 4572 4618 
9014 4572 4619 4618 
9015 4572 4573 4619 
9016 4573 4620 4619 
9017 4573 4574 4620 
9018 4574 4621 4620 
9019 4574 4575 4621 
9020 4575 4622 4621 
9021 4575 4576 4622 
9022 4576 4623 4622 
9023 4576 4577 4623 
9024 4577 4624 4623 
9025 4577 4578 4624 
9026 4578 4625 4624 
9027 4578 4579 4625 
9028 4579 4626 4625 
9029 4579 4580 4626 
9030 4580 4627 4626 
9031 4580 4581 4627 
9032 4581 4628 4627 
9033 4581 4582 4628 
9034 4582 4629 4628 
9035 4582 4583 4629 
9036 4583 4630 4629 
9037 4583 4584 4630 
9038 4584 4631 4630 
9039 4584 4585 4631 
9040 4585 4632 4631 
9041 4585 4586 4632 
9042 4586 4633 4632 
9043 4586 4587 4633 
9044 4587 4634 4633 
9045 4587 4588 4634 
9046 4588 4635 4634 
9047 4588 4589 4635 
9048 4589 4636 4635 
9049 4589 4590 4636 
9050 4590 4637 4636 
9051 4590 4591 4637 
9052 4591 4638 4637 
9053 4591 4592 4638 
9054 4592 4639 4638 
9055 4592 4593 4639 
9056 4593 4640 4639 
9057 4593 4594 4640 
9058 4594 4641 4640 
9059 4594 4595 4641 
9060 4595 4642 4641 
9061 4595 4596 4642 
9062 4596 4643 4642 
9063 4596 4597 4643 
9064 4597 4644 4643 
9065 4597 4598 4644 
9066 4598 4645 4644 
9067 4598 4599 4645 
9068 4599 4646 4645 
9069 4599 4600 4646 
9070 4600 4647 4646 
9071 4600 4601 4647 
9072 4601 4648 4647 
9073 4601 4602 4648 
9074 4602 4649 4648 
9075 4602 4603 4649 
9076 4603 4650 4649 
9077 4603 4604 4650 
9078 4604 4651 4650 
9079 4604 4605 4651 
9080 4605 4652 4651 
9081 4605 4606 4652 
9082 4606 4653 4652 
9083 4606 4607 4653 
9084 4607 4654 4653 
9085 4607 4608 4654 
9086 4608 4655 4654 
9087 4608 488 4655 
9088 488 489 4655 
9089 294 4609 295 
9090 4609 4656 295 
9091 4609 4610 4656 
9092 4610 4657 4656 
9093 4610 4611 4657 
9094 4611 4658 4657 
9095 4611 4612 4658 
9096 4612 4659 4658 
9097 4612 4613 4659 
9098 4613 4660 4659 
9099 4613 4614 4660 
9100 4614 4661 4660 
9101 4614 4615 4661 
9102 4615 4662 4661 
9103 4615 4616 4662 
9104 4616 4663 4662 
9105 4616 4617 4663 
9106 4617 4664 4663 
9107 4617 4618 4664 
9108 4618 4665 4664 
9109 4618 4619 4665 
9110 4619 4666 4665 
9111 4619 4620 4666 
9112 4620 4667 4666 
9113 4620 4621 4667 
9114 4621 4668 4667 
9115 4621 4622 4668 
9116 4622 4669 4668 
9117 4622 4623 4669 
9118 4623 4670 4669 
9119 4623 4624 4670 
9120 4624 4671 4670 
9121 4624 4625 4671 
9122 4625 4672 4671 
9123 4625 4626 4672 
9124 4626 4673 4672 
9125 4626 4627 4673 
9126 4627 4674 4673 
9127 4627 4628 4674 
9128 4628 4675 4674 
9129 4628 4629 4675 
9130 4629 4676 4675 
9131 4629 4630 4676 
9132 4630 4677 4676 
9133 4630 4631 4677 
9134 4631 4678 4677 
9135 4631 4632 4678 
9136 4632 4679 4678 
9137 4632 4633 4679 
9138 4633 4680 4679 
9139 4633 4634 4680 
9140 4634 4681 4680 
9141 4634 4635 4681 
9142 4635 4682 4681 
9143 4635 4636 4682 
9144 4636 4683 4682 
9145 4636 4637 4683 
9146 4637 4684 4683 
9147 4637 4638 4684 
9148 4638 4685 4684 
9149 4638 4639 4685 
9150 4639 4686 4685 
9151 4639 4640 4686 
9152 4640 4687 4686 
9153 4640 4641 4687 
9154 4641 4688 4687 
9155 4641 4642 4688 
9156 4642 4689 4688 
9157 4642 4643 4689 
9158 4643 4690 4689 
9159 4643 4644 4690 
9160 4644 4691 4690 
9161 4644 4645 4691 
9162 4645 4692 4691 
9163 4645 4646 4692 
9164 4646 4693 4692 
9165 4646 4647 4693 
9166 4647 4694 4693 
9167 4647 4648 4694 
9168 4648 4695 4694 
9169 4648 4649 4695 
9170 4649 4696 4695 
9171 4649 4650 4696 
9172 4650 4697 4696 
9173 4650 4651 4697 
9174 4651 4698 4697 
9175 4651 4652 4698 
9176 4652 4699 4698 
9177 4652 4653 4699 
9178 4653 4700 4699 
9179 4653 4654 4700 
9180 4654 4701 4700 
9181 4654 4655 4701 
9182 4655 4702 4701 
9183 4655 489 4702 
9184 489 490 4702 
9185 295 4656 296 
9186 4656 4703 296 
9187 4656 4657 4703 
9188 4657 4704 4703 
9189 4657 4658 4704 
9190 4658 4705 4704 
9191 4658 4659 4705 
9192 4659 4706 4705 
9193 4659 4660 4706 
9194 4660 4707 4706 
9195 4660 4661 4707 
9196 4661 4708 4707 
9197 4661 4662 4708 
9198 4662 4709 4708 
9199 4662 4663 4709 
9200 4663 4710 4709 
9201 4663 4664 4710 
9202 4664 4711 4710 
9203 4664 4665 4711 
9204 4665 4712 4711 
9205 4665 4666 4712 
9206 4666 4713 4712 
9207 4666 4667 4713 
9208 4667 4714 4713 
9209 4667 4668 4714 
9210 4668 4715 4714 
9211 4668 4669 4715 
9212 4669 4716 4715 
9213 4669 4670 4716 
9214 4670 4717 4716 
9215 4670 4671 4717 
9216 4671 4718 4717 
9217 4671 4672 4718 
9218 4672 4719 4718 
9219 4672 4673 4719 
9220 4673 4720 4719 
9221 4673 4674 4720 
9222 4674 4721 4720 
9223 4674 4675 4721 
9224 4675 4722 4721 
9225 4675 4676 4722 
9226 4676 4723 4722 
9227 4676 4677 4723 
9228 4677 4724 4723 
9229 4677 4678 4724 
9230 4678 4725 4724 
9231 4678 4679 4725 
9232 4679 4726 4725 
9233 4679 4680 4726 
9234 4680 4727 4726 
9235 4680 4681 4727 
9236 4681 4728 4727 
9237 4681 4682 4728 
9238 4682 4729 4728 
9239 4682 4683 4729 
9240 4683 4730 4729 
9241 4683 4684 4730 
9242 4684 4731 4730 
9243 4684 4685 4731 
9244 4685 4732 4731 
9245 4685 4686 4732 
9246 4686 4733 4732 
9247 4686 4687 4733 
9248 4687 4734 4733 
9249 4687 4688 4734 
9250 4688 4735 4734 
9251 4688 4689 4735 
9252 4689 4736 4735 
9253 4689 4690 4736 
9254 4690 4737 4736 
9255 4690 4691 4737 
9256 4691 4738 4737 
9257 4691 4692 4738 
9258 4692 4739 4738 
9259 4692 4693 4739 
9260 4693 4740 4739 
9261 4693 4694 4740 
9262 4694 4741 4740 
9263 4694 4695 4741 
9264 4695 4742 4741 
9265 4695 4696 4742 
9266 4696 4743 4742 
9267 4696 4697 4743 
9268 4697 4744 4743 
9269 4697 4698 4744 
9270 4698 4745 4744 
9271 4698 4699 4745 
9272 4699 4746 4745 
9273 4699 4700 4746 
9274 4700 4747 4746 
9275 4700 4701 4747 
9276 4701 4748 4747 
9277 4701 4702 4748 
9278 4702 4749 4748 
9279 4702 490 4749 
9280 490 491 4749 
9281 296 4703 297 
9282 4703 4750 297 
9283 4703 4704 4750 
9284 4704 4751 4750 
9285 4704 4705 4751 
9286 4705 4752 4751 
9287 4705 4706 4752 
9288 4706 4753 4752 
9289 4706 4707 4753 
9290 4707 4754 4753 
9291 4707 4708 4754 
9292 4708 4755 4754 
9293 4708 4709 4755 
9294 4709 4756 4755 
9295 4709 4710 4756 
9296 4710 4757 4756 
9297 4710 4711 4757 
9298 4711 4758 4757 
9299 4711 4712 4758 
9300 4712 4759 4758 
9301 4712 4713 4759 
9302 4713 4760 4759 
9303 4713 4714 4760 
9304 4714 4761 4760 
9305 4714 4715 4761 
9306 4715 4762 4761 
9307 4715 4716 4762 
9308 4716 4763 4762 
9309 4716 4717 4763 
9310 4717 4764 4763 
9311 4717 4718 4764 
9312 4718 4765 4764 
9313 4718 4719 4765 
9314 4719 4766 4765 
9315 4719 4720 4766 
9316 4720 4767 4766 
9317 4720 4721 4767 
9318 4721 4768 4767 
9319 4721 4722 4768 
9320 4722 4769 4768 
9321 4722 4723 4769 
9322 4723 4770 4769 
9323 4723 4724 4770 
9324 4724 4771 4770 
9325 4724 4725 4771 
9326 4725 4772 4771 
9327 4725 4726 4772 
9328 4726 4773 4772 
9329 4726 4727 4773 
9330 4727 4774 4773 
9331 4727 4728 4774 
9332 4728 4775 4774 
9333 4728 4729 4775 
9334 4729 4776 4775 
9335 4729 4730 4776 
9336 4730 4777 4776 
9337 4730 4731 4777 
9338 4731 4778 4777 
9339 4731 4732 4778 
9340 4732 4779 4778 
9341 4732 4733 4779 
9342 4733 4780 4779 
9343 4733 4734 4780 
9344 4734 4781 4780 
9345 4734 4735 4781 
9346 4735 4782 4781 
9347 4735 4736 4782 
9348 4736 4783 4782 
9349 4736 4737 4783 
9350 4737 4784 4783 
9351 4737 4738 4784 
9352 4738 4785 4784 
9353 4738 4739 4785 
9354 4739 4786 4785 
9355 4739 4740 4786 
9356 4740 4787 4786 
9357 4740 4741 4787 
9358 4741 4788 4787 
9359 4741 4742 4788 
9360 4742 4789 4788 
9361 4742 4743 4789 
9362 4743 4790 4789 
9363 4743 4744 4790 
9364 4744 4791 4790 
9365 4744 4745 4791 
9366 4745 4792 4791 
9367 4745 4746 4792 
9368 4746 4793 4792 
9369 4746 4747 4793 
9370 4747 4794 4793 
9371 4747 4748 4794 
9372 4748 4795 4794 
9373 4748 4749 4795 
9374 4749 4796 4795 
9375 4749 491 4796 
9376 491 492 4796 
9377 297 4750 298 
9378 4750 4797 298 
9379 4750 4751 4797 
9380 4751 4798 4797 
9381 4751 4752 4798 
9382 4752 4799 4798 
9383 4752 4753 4799 
9384 4753 4800 4799 
9385 4753 4754 4800 
9386 4754 4801 4800 
9387 4754 4755 4801 
9388 4755 4802 4801 
9389 4755 4756 4802 
9390 4756 4803 4802 
9391 4756 4757 4803 
9392 4757 4804 4803 
9393 4757 4758 4804 
9394 4758 4805 4804 
9395 4758 4759 4805 
9396 4759 4806 4805 
9397 4759 4760 4806 
9398 4760 4807 4806 
9399 4760 4761 4807 
9400 4761 4808 4807 
9401 4761 4762 4808 
9402 4762 4809 4808 
9403 4762 4763 4809 
9404 4763 4810 4809 
9405 4763 4764 4810 
9406 4764 4811 4810 
9407 4764 4765 4811 
9408 4765 4812 4811 
9409 4765 4766 4812 
9410 4766 4813 4812 
9411 4766 4767 4813 
9412 4767 4814 4813 
9413 4767 4768 4814 
9414 4768 4815 4814 
9415 4768 4769 4815 
9416 4769 4816 4815 
9417 4769 4770 4816 
9418 4770 4817 4816 
9419 4770 4771 4817 
9420 4771 4818 4817 
9421 4771 4772 4818 
9422 4772 4819 4818 
9423 4772 4773 4819 
9424 4773 4820 4819 
9425 4773 4774 4820 
9426 4774 4821 4820 
9427 4774 4775 4821 
9428 4775 4822 4821 
9429 4775 4776 4822 
9430 4776 4823 4822 
9431 4776 4777 4823 
9432 4777 4824 4823 
9433 4777 4778 4824 
9434 4778 4825 4824 
9435 4778 4779 4825 
9436 4779 4826 4825 
9437 4779 4780 4826 
9438 4780 4827 4826 
9439 4780 4781 4827 
9440 4781 4828 4827 
9441 4781 4782 4828 
9442 4782 4829 4828 
9443 4782 4783 4829 
9444 4783 4830 4829 
9445 4783 4784 4830 
9446 4784 4831 4830 
9447 4784 4785 4831 
9448 4785 4832 4831 
9449 4785 4786 4832 
9450 4786 4833 4832 
9451 4786 4787 4833 
9452 4787 4834 4833 
9453 4787 4788 4834 
9454 4788 4835 4834 
9455 4788 4789 4835 
9456 4789 4836 4835 
9457 4789 4790 4836 
9458 4790 4837 4836 
9459 4790 4791 4837 
9460 4791 4838 4837 
9461 4791 4792 4838 
9462 4792 4839 4838 
9463 4792 4793 4839 
9464 4793 4840 4839 
9465 4793 4794 4840 
9466 4794 4841 4840 
9467 4794 4795 4841 
9468 4795 4842 4841 
9469 4795 4796 4842 
9470 4796 4843 4842 
9471 4796 492 4843 
9472 492 493 4843 
9473 298 4797 299 
9474 4797 4844 299 
9475 4797 4798 4844 
9476 4798 4845 4844 
9477 4798 4799 4845 
9478 4799 4846 4845 
9479 4799 4800 4846 
9480 4800 4847 4846 
9481 4800 4801 4847 
9482 4801 4848 4847 
9483 4801 4802 4848 
9484 4802 4849 4848 
9485 4802 4803 4849 
9486 4803 4850 4849 
9487 4803 4804 4850 
9488 4804 4851 4850 
9489 4804 4805 4851 
9490 4805 4852 4851 
9491 4805 4806 4852 
9492 4806 4853 4852 
9493 4806 4807 4853 
9494 4807 4854 4853 
9495 4807 4808 4854 
9496 4808 4855 4854 
9497 4808 4809 4855 
9498 4809 4856 4855 
9499 4809 4810 4856 
9500 4810 4857 4856 
9501 4810 4811 4857 
9502 4811 4858 4857 
9503 4811 4812 4858 
9504 4812 4859 4858 
9505 4812 4813 4859 
9506 4813 4860 4859 
9507 4813 4814 4860 
9508 4814 4861 4860 
9509 4814 4815 4861 
9510 4815 4862 4861 
9511 4815 4816 4862 
9512 4816 4863 4862 
9513 4816 4817 4863 
9514 4817 4864 4863 
9515 4817 4818 4864 
9516 4818 4865 4864 
9517 4818 4819 4865 
9518 4819 4866 4865 
9519 4819 4820 4866 
9520 4820 4867 4866 
9521 4820 4821 4867 
9522 4821 4868 4867 
9523 4821 4822 4868 
9524 4822 4869 4868 
9525 4822 4823 4869 
9526 4823 4870 4869 
9527 4823 4824 4870 
9528 4824 4871 4870 
9529 4824 4825 4871 
9530 4825 4872 4871 
9531 4825 4826 4872 
9532 4826 4873 4872 
9533 4826 4827 4873 
9534 4827 4874 4873 
9535 4827 4828 4874 
9536 4828 4875 4874 
9537 4828 4829 4875 
9538 4829 4876 4875 
9539 4829 4830 4876 
9540 4830 4877 4876 
9541 4830 4831 4877 
9542 4831 4878 4877 
9543 4831 4832 4878 
9544 4832 4879 4878 
9545 4832 4833 4879 
9546 4833 4880 4879 
9547 4833 4834 4880 
9548 4834 4881 4880 
9549 4834 4835 4881 
9550 4835 4882 4881 
9551 4835 4836 4882 
9552 4836 4883 4882 
9553 4836 4837 4883 
9554 4837 4884 4883 
9555 4837 4838 4884 
9556 4838 4885 4884 
9557 4838 4839 4885 
9558 4839 4886 4885 
9559 4839 4840 4886 
9560 4840 4887 4886 
9561 4840 4841 4887 
9562 4841 4888 4887 
9563 4841 4842 4888 
9564 4842 4889 4888 
9565 4842 4843 4889 
9566 4843 4890 4889 
9567 4843 493 4890 
9568 493 494 4890 
9569 299 4844 300 
9570 4844 4891 300 
9571 4844 4845 4891 
9572 4845 4892 4891 
9573 4845 4846 4892 
9574 4846 4893 4892 
9575 4846 4847 4893 
9576 4847 4894 4893 
9577 4847 4848 4894 
9578 4848 4895 4894 
9579 4848 4849 4895 
9580 4849 4896 4895 
9581 4849 4850 4896 
9582 4850 4897 4896 
9583 4850 4851 4897 
9584 4851 4898 4897 
9585 4851 4852 4898 
9586 4852 4899 4898 
9587 4852 4853 4899 
9588 4853 4900 4899 
9589 4853 4854 4900 
9590 4854 4901 4900 
9591 4854 4855 4901 
9592 4855 4902 4901 
9593 4855 4856 4902 
9594 4856 4903 4902 
9595 4856 4857 4903 
9596 4857 4904 4903 
9597 4857 4858 4904 
9598 4858 4905 4904 
9599 4858 4859 4905 
9600 4859 4906 4905 
9601 4859 4860 4906 
9602 4860 4907 4906 
9603 4860 4861 4907 
9604 4861 4908 4907 
9605 4861 4862 4908 
9606 4862 4909 4908 
9607 4862 4863 4909 
9608 4863 4910 4909 
9609 4863 4864 4910 
9610 4864 4911 4910 
9611 4864 4865 4911 
9612 4865 4912 4911 
9613 4865 4866 4912 
9614 4866 4913 4912 
9615 4866 4867 4913 
9616 4867 4914 4913 
9617 4867 4868 4914 
9618 4868 4915 4914 
9619 4868 4869 4915 
9620 4869 4916 4915 
9621 4869 4870 4916 
9622 4870 4917 4916 
9623 4870 4871 4917 
9624 4871 4918 4917 
9625 4871 4872 4918 
9626 4872 4919 4918 
9627 4872 4873 4919 
9628 4873 4920 4919 
9629 4873 4874 4920 
9630 4874 4921 4920 
9631 4874 4875 4921 
9632 4875 4922 4921 
9633 4875 4876 4922 
9634 4876 4923 4922 
9635 4876 4877 4923 
9636 4877 4924 4923 
9637 4877 4878 4924 
9638 4878 4925 4924 
9639 4878 4879 4925 
9640 4879 4926 4925 
9641 4879 4880 4926 
9642 4880 4927 4926 
9643 4880 4881 4927 
9644 4881 4928 4927 
9645 4881 4882 4928 
9646 4882 4929 4928 
9647 4882 4883 4929 
9648 4883 4930 4929 
9649 4883 4884 4930 
9650 4884 4931 4930 
9651 4884 4885 4931 
9652 4885 4932 4931 
9653 4885 4886 4932 
9654 4886 4933 4932 
9655 4886 4887 4933 
9656 4887 4934 4933 
9657 4887 4888 4934 
9658 4888 4935 4934 
9659 4888 4889 4935 
9660 4889 4936 4935 
9661 4889 4890 4936 
9662 4890 4937 4936 
9663 4890 494 4937 
9664 494 495 4937 
9665 300 4891 301 
9666 4891 4938 301 
9667 4891 4892 4938 
9668 4892 4939 4938 
9669 4892 4893 4939 
9670 4893 4940 4939 
9671 4893 4894 4940 
9672 4894 4941 4940 
9673 4894 4895 4941 
9674 4895 4942 4941 
9675 4895 4896 4942 
9676 4896 4943 4942 
9677 4896 4897 4943 
9678 4897 4944 4943 
9679 4897 4898 4944 
9680 4898 4945 4944 
9681 4898 4899 4945 
9682 4899 4946 4945 
9683 4899 4900 4946 
9684 4900 4947 4946 
9685 4900 4901 4947 
9686 4901 4948 4947 
9687 4901 4902 4948 
9688 4902 4949 4948 
9689 4902 4903 4949 
9690 4903 4950 4949 
9691 4903 4904 4950 
9692 4904 4951 4950 
9693 4904 4905 4951 
9694 4905 4952 4951 
9695 4905 4906 4952 
9696 4906 4953 4952 
9697 4906 4907 4953 
9698 4907 4954 4953 
9699 4907 4908 4954 
9700 4908 4955 4954 
9701 4908 4909 4955 
9702 4909 4956 4955 
9703 4909 4910 4956 
9704 4910 4957 4956 
9705 4910 4911 4957 
9706 4911 4958 4957 
9707 4911 4912 4958 
9708 4912 4959 4958 
9709 4912 4913 4959 
9710 4913 4960 4959 
9711 4913 4914 4960 
9712 4914 4961 4960 
9713 4914 4915 4961 
9714 4915 4962 4961 
9715 4915 4916 4962 
9716 4916 4963 4962 
9717 4916 4917 4963 
9718 4917 4964 4963 
9719 4917 4918 4964 
9720 4918 4965 4964 
9721 4918 4919 4965 
9722 4919 4966 4965 
9723 4919 4920 4966 
9724 4920 4967 4966 
9725 4920 4921 4967 
9726 4921 4968 4967 
9727 4921 4922 4968 
9728 4922 4969 4968 
9729 4922 4923 4969 
9730 4923 4970 4969 
9731 4923 4924 4970 
9732 4924 4971 4970 
9733 4924 4925 4971 
9734 4925 4972 4971 
9735 4925 4926 4972 
9736 4926 4973 4972 
9737 4926 4927 4973 
9738 4927 4974 4973 
9739 4927 4928 4974 
9740 4928 4975 4974 
9741 4928 4929 4975 
9742 4929 4976 4975 
9743 4929 4930 4976 
9744 4930 4977 4976 
9745 4930 4931 4977 
9746 4931 4978 4977 
9747 4931 4932 4978 
9748 4932 4979 4978 
9749 4932 4933 4979 
9750 4933 4980 4979 
9751 4933 4934 4980 
9752 4934 4981 4980 
9753 4934 4935 4981 
9754 4935 4982 4981 
9755 4935 4936 4982 
9756 4936 4983 4982 
9757 4936 4937 4983 
9758 4937 4984 4983 
9759 4937 495 4984 
9760 495 496 4984 
9761 301 4938 302 
9762 4938 4985 302 
9763 4938 4939 4985 
9764 4939 4986 4985 
9765 4939 4940 4986 
9766 4940 4987 4986 
9767 4940 4941 4987 
9768 4941 4988 4987 
9769 4941 4942 4988 
9770 4942 4989 4988 
9771 4942 4943 4989 
9772 4943 4990 4989 
9773 4943 4944 4990 
9774 4944 4991 4990 
9775 4944 4945 4991 
9776 4945 4992 4991 
9777 4945 4946 4992 
9778 4946 4993 4992 
9779 4946 4947 4993 
9780 4947 4994 4993 
9781 4947 4948 4994 
9782 4948 4995 4994 
9783 4948 4949 4995 
9784 4949 4996 4995 
9785 4949 4950 4996 
9786 4950 4997 4996 
9787 4950 4951 4997 
9788 4951 4998 4997 
9789 4951 4952 4998 
9790 4952 4999 4998 
9791 4952 4953 4999 
9792 4953 5000 4999 
9793 4953 4954 5000 
9794 4954 5001 5000 
9795 4954 4955 5001 
9796 4955 5002 5001 
9797 4955 4956 5002 
9798 4956 5003 5002 
9799 4956 4957 5003 
9800 4957 5004 5003 
9801 4957 4958 5004 
9802 4958 5005 5004 
9803 4958 4959 5005 
9804 4959 5006 5005 
9805 4959 4960 5006 
9806 4960 5007 5006 
9807 4960 4961 5007 
9808 4961 5008 5007 
9809 4961 4962 5008 
9810 4962 5009 5008 
9811 4962 4963 5009 
9812 4963 5010 5009 
9813 4963 4964 5010 
9814 4964 5011 5010 
9815 4964 4965 5011 
9816 4965 5012 5011 
9817 4965 4966 5012 
9818 4966 5013 5012 
9819 4966 4967 5013 
9820 4967 5014 5013 
9821 4967 4968 5014 
9822 4968 5015 5014 
9823 4968 4969 5015 
9824 4969 5016 5015 
9825 4969 4970 5016 
9826 4970 5017 5016 
9827 4970 4971 5017 
9828 4971 5018 5017 
9829 4971 4972 5018 
9830 4972 5019 5018 
9831 4972 4973 5019 
9832 4973 5020 5019 
9833 4973 4974 5020 
9834 4974 5021 5020 
9835 4974 4975 5021 
9836 4975 5022 5021 
9837 4975 4976 5022 
9838 4976 5023 5022 
9839 4976 4977 5023 
9840 4977 5024 5023 
9841 4977 4978 5024 
9842 4978 5025 5024 
9843 4978 4979 5025 
9844 4979 5026 5025 
9845 4979 4980 5026 
9846 4980 5027 5026 
9847 4980 4981 5027 
9848 4981 5028 5027 
9849 4981 4982 5028 
9850 4982 5029 5028 
9851 4982 4983 5029 
9852 4983 5030 5029 
9853 4983 4984 5030 
9854 4984 5031 5030 
9855 4984 496 5031 
9856 496 497 5031 
9857 302 4985 303 
9858 4985 5032 303 
9859 4985 4986 5032 
9860 4986 5033 5032 
9861 4986 4987 5033 
9862 4987 5034 5033 
9863 4987 4988 5034 
9864 4988 5035 5034 
9865 4988 4989 5035 
9866 4989 5036 5035 
9867 4989 4990 5036 
9868 4990 5037 5036 
9869 4990 4991 5037 
9870 4991 5038 5037 
9871 4991 4992 5038 
9872 4992 5039 5038 
9873 4992 4993 5039 
9874 4993 5040 5039 
9875 4993 4994 5040 
9876 4994 5041 5040 
9877 4994 4995 5041 
9878 4995 5042 5041 
9879 4995 4996 5042 
9880 4996 5043 5042 
9881 4996 4997 5043 
9882 4997 5044 5043 
9883 4997 4998 5044 
9884 4998 5045 5044 
9885 4998 4999 5045 
9886 4999 5046 5045 
9887 4999 5000 5046 
9888 5000 5047 5046 
9889 5000 5001 5047 
9890 5001 5048 5047 
9891 5001 5002 5048 
9892 5002 5049 5048 
9893 5002 5003 5049 
9894 5003 5050 5049 
9895 5003 5004 5050 
9896 5004 5051 5050 
9897 5004 5005 5051 
9898 5005 5052 5051 
9899 5005 5006 5052 
9900 5006 5053 5052 
9901 5006 5007 5053 
9902 5007 5054 5053 
9903 5007 5008 5054 
9904 5008 5055 5054 
9905 5008 5009 5055 
9906 5009 5056 5055 
9907 5009 5010 5056 
9908 5010 5057 5056 
9909 5010 5011 5057 
9910 5011 5058 5057 
9911 5011 5012 5058 
9912 5012 5059 5058 
9913 5012 5013 5059 
9914 5013 5060 5059 
9915 5013 5014 5060 
9916 5014 5061 5060 
9917 5014 5015 5061 
9918 5015 5062 5061 
9919 5015 5016 5062 
9920 5016 5063 5062 
9921 5016 5017 5063 
9922 5017 5064 5063 
9923 5017 5018 5064 
9924 5018 5065 5064 
9925 5018 5019 5065 
9926 5019 5066 5065 
9927 5019 5020 5066 
9928 5020 5067 5066 
9929 5020 5021 5067 
9930 5021 5068 5067 
9931 5021 5022 5068 
9932 5022 5069 5068 
9933 5022 5023 5069 
9934 5023 5070 5069 
9935 5023 5024 5070 
9936 5024 5071 5070 
9937 5024 5025 5071 
9938 5025 5072 5071 
9939 5025 5026 5072 
9940 5026 5073 5072 
9941 5026 5027 5073 
9942 5027 5074 5073 
9943 5027 5028 5074 
9944 5028 5075 5074 
9945 5028 5029 5075 
9946 5029 5076 5075 
9947 5029 5030 5076 
9948 5030 5077 5076 
9949 5030 5031 5077 
9950 5031 5078 5077 
9951 5031 497 5078 
9952 497 498 5078 
9953 303 5032 304 
9954 5032 5079 304 
9955 5032 5033 5079 
9956 5033 5080 5079 
9957 5033 5034 5080 
9958 5034 5081 5080 
9959 5034 5035 5081 
9960 5035 5082 5081 
9961 5035 5036 5082 
9962 5036 5083 5082 
9963 5036 5037 5083 
9964 5037 5084 5083 
9965 5037 5038 5084 
9966 5038 5085 5084 
9967 5038 5039 5085 
9968 5039 5086 5085 
9969 5039 5040 5086 
9970 5040 5087 5086 
9971 5040 5041 5087 
9972 5041 5088 5087 
9973 5041 5042 5088 
9974 5042 5089 5088 
9975 5042 5043 5089 
9976 5043 5090 5089 
9977 5043 5044 5090 
9978 5044 5091 5090 
9979 5044 5045 5091 
9980 5045 5092 5091 
9981 5045 5046 5092 
9982 5046 5093 5092 
9983 5046 5047 5093 
9984 5047 5094 5093 
9985 5047 5048 5094 
9986 5048 5095 5094 
9987 5048 5049 5095 
9988 5049 5096 5095 
9989 5049 5050 5096 
9990 5050 5097 5096 
9991 5050 5051 5097 
9992 5051 5098 5097 
9993 5051 5052 5098 
9994 5052 5099 5098 
9995 5052 5053 5099 
9996 5053 5100 5099 
9997 5053 5054 5100 
9998 5054 5101 5100 
9999 5054 5055 5101 
10000 5055 5102 5101 
10001 5055 5056 5102 
10002 5056 5103 5102 
10003 5056 5057 5103 
10004 5057 5104 5103 
10005 5057 5058 5104 
10006 5058 5105 5104 
10007 5058 5059 5105 
10008 5059 5106 5105 
10009 5059 5060 5106 
10010 5060 5107 5106 
10011 5060 5061 5107 
10012 5061 5108 5107 
10013 5061 5062 5108 
10014 5062 5109 5108 
10015 5062 5063 5109 
10016 5063 5110 5109 
10017 5063 5064 5110 
10018 5064 5111 5110 
10019 5064 5065 5111 
10020 5065 5112 5111 
10021 5065 5066 5112 
10022 5066 5113 5112 
10023 5066 5067 5113 
10024 5067 5114 5113 
10025 5067 5068 5114 
10026 5068 5115 5114 
10027 5068 5069 5115 
10028 5069 5116 5115 
10029 5069 5070 5116 
10030 5070 5117 5116 
10031 5070 5071 5117 
10032 5071 5118 5117 
10033 5071 5072 5118 
10034 5072 5119 5118 
10035 5072 5073 5119 
10036 5073 5120 5119 
10037 5073 5074 5120 
10038 5074 5121 5120 
10039 5074 5075 5121 
10040 5075 5122 5121 
10041 5075 5076 5122 
10042 5076 5123 5122 
10043 5076 5077 5123 
10044 5077 5124 5123 
10045 5077 5078 5124 
10046 5078 5125 5124 
10047 5078 498 5125 
10048 498 499 5125 
10049 304 5079 305 
10050 5079 5126 305 
10051 5079 5080 5126 
10052 5080 5127 5126 
10053 5080 5081 5127 
10054 5081 5128 5127 
10055 5081 5082 5128 
10056 5082 5129 5128 
10057 5082 5083 5129 
10058 5083 5130 5129 
10059 5083 5084 5130 
10060 5084 5131 5130 
10061 5084 5085 5131 
10062 5085 5132 5131 
10063 5085 5086 5132 
10064 5086 5133 5132 
10065 5086 5087 5133 
10066 5087 5134 5133 
10067 5087 5088 5134 
10068 5088 5135 5134 
10069 5088 5089 5135 
10070 5089 5136 5135 
10071 5089 5090 5136 
10072 5090 5137 5136 
10073 5090 5091 5137 
10074 5091 5138 5137 
10075 5091 5092 5138 
10076 5092 5139 5138 
10077 5092 5093 5139 
10078 5093 5140 5139 
10079 5093 5094 5140 
10080 5094 5141 5140 
10081 5094 5095 5141 
10082 5095 5142 5141 
10083 5095 5096 5142 
10084 5096 5143 5142 
10085 5096 5097 5143 
10086 5097 5144 5143 
10087 5097 5098 5144 
10088 5098 5145 5144 
10089 5098 5099 5145 
10090 5099 5146 5145 
10091 5099 5100 5146 
10092 5100 5147 5146 
10093 5100 5101 5147 
10094 5101 5148 5147 
10095 5101 5102 5148 
10096 5102 5149 5148 
10097 5102 5103 5149 
10098 5103 5150 5149 
10099 5103 5104 5150 
10100 5104 5151 5150 
10101 5104 5105 5151 
10102 5105 5152 5151 
10103 5105 5106 5152 
10104 5106 5153 5152 
10105 5106 5107 5153 
10106 5107 5154 5153 
10107 5107 5108 5154 
10108 5108 5155 5154 
10109 5108 5109 5155 
10110 5109 5156 5155 
10111 5109 5110 5156 
10112 5110 5157 5156 
10113 5110 5111 5157 
10114 5111 5158 5157 
10115 5111 5112 5158 
10116 5112 5159 5158 
10117 5112 5113 5159 
10118 5113 5160 5159 
10119 5113 5114 5160 
10120 5114 5161 5160 
10121 5114 5115 5161 
10122 5115 5162 5161 
10123 5115 5116 5162 
10124 5116 5163 5162 
10125 5116 5117 5163 
10126 5117 5164 5163 
10127 5117 5118 5164 
10128 5118 5165 5164 
10129 5118 5119 5165 
10130 5119 5166 5165 
10131 5119 5120 5166 
10132 5120 5167 5166 
10133 5120 5121 5167 
10134 5121 5168 5167 
10135 5121 5122 5168 
10136 5122 5169 5168 
10137 5122 5123 5169 
10138 5123 5170 5169 
10139 5123 5124 5170 
10140 5124 5171 5170 
10141 5124 5125 5171 
10142 5125 5172 5171 
10143 5125 499 5172 
10144 499 500 5172 
10145 305 5126 306 
10146 5126 5173 306 
10147 5126 5127 5173 
10148 5127 5174 5173 
10149 5127 5128 5174 
10150 5128 5175 5174 
10151 5128 5129 5175 
10152 5129 5176 5175 
10153 5129 5130 5176 
10154 5130 5177 5176 
10155 5130 5131 5177 
10156 5131 5178 5177 
10157 5131 5132 5178 
10158 5132 5179 5178 
10159 5132 5133 5179 
10160 5133 5180 5179 
10161 5133 5134 5180 
10162 5134 5181 5180 
10163 5134 5135 5181 
10164 5135 5182 5181 
10165 5135 5136 5182 
10166 5136 5183 5182 
10167 5136 5137 5183 
10168 5137 5184 5183 
10169 5137 5138 5184 
10170 5138 5185 5184 
10171 5138 5139 5185 
10172 5139 5186 5185 
10173 5139 5140 5186 
10174 5140 5187 5186 
10175 5140 5141 5187 
10176 5141 5188 5187 
10177 5141 5142 5188 
10178 5142 5189 5188 
10179 5142 5143 5189 
10180 5143 5190 5189 
10181 5143 5144 5190 
10182 5144 5191 5190 
10183 5144 5145 5191 
10184 5145 5192 5191 
10185 5145 5146 5192 
10186 5146 5193 5192 
10187 5146 5147 5193 
10188 5147 5194 5193 
10189 5147 5148 5194 
10190 5148 5195 5194 
10191 5148 5149 5195 
10192 5149 5196 5195 
10193 5149 5150 5196 
10194 5150 5197 5196 
10195 5150 5151 5197 
10196 5151 5198 5197 
10197 5151 5152 5198 
10198 5152 5199 5198 
10199 5152 5153 5199 
10200 5153 5200 5199 
10201 5153 5154 5200 
10202 5154 5201 5200 
10203 5154 5155 5201 
10204 5155 5202 5201 
10205 5155 5156 5202 
10206 5156 5203 5202 
10207 5156 5157 5203 
10208 5157 5204 5203 
10209 5157 5158 5204 
10210 5158 5205 5204 
10211 5158 5159 5205 
10212 5159 5206 5205 
10213 5159 5160 5206 
10214 5160 5207 5206 
10215 5160 5161 5207 
10216 5161 5208 5207 
10217 5161 5162 5208 
10218 5162 5209 5208 
10219 5162 5163 5209 
10220 5163 5210 5209 
10221 5163 5164 5210 
10222 5164 5211 5210 
10223 5164 5165 5211 
10224 5165 5212 5211 
10225 5165 5166 5212 
10226 5166 5213 5212 
10227 5166 5167 5213 
10228 5167 5214 5213 
10229 5167 5168 5214 
10230 5168 5215 5214 
10231 5168 5169 5215 
10232 5169 5216 5215 
10233 5169 5170 5216 
10234 5170 5217 5216 
10235 5170 5171 5217 
10236 5171 5218 5217 
10237 5171 5172 5218 
10238 5172 5219 5218 
10239 5172 500 5219 
10240 500 501 5219 
10241 306 5173 307 
10242 5173 5220 307 
10243 5173 5174 5220 
10244 5174 5221 5220 
10245 5174 5175 5221 
10246 5175 5222 5221 
10247 5175 5176 5222 
10248 5176 5223 5222 
10249 5176 5177 5223 
10250 5177 5224 5223 
10251 5177 5178 5224 
10252 5178 5225 5224 
10253 5178 5179 5225 
10254 5179 5226 5225 
10255 5179 5180 5226 
10256 5180 5227 5226 
10257 5180 5181 5227 
10258 5181 5228 5227 
10259 5181 5182 5228 
10260 5182 5229 5228 
10261 5182 5183 5229 
10262 5183 5230 5229 
10263 5183 5184 5230 
10264 5184 5231 5230 
10265 5184 5185 5231 
10266 5185 5232 5231 
10267 5185 5186 5232 
10268 5186 5233 5232 
10269 5186 5187 5233 
10270 5187 5234 5233 
10271 5187 5188 5234 
10272 5188 5235 5234 
10273 5188 5189 5235 
10274 5189 5236 5235 
10275 5189 5190 5236 
10276 5190 5237 5236 
10277 5190 5191 5237 
10278 5191 5238 5237 
10279 5191 5192 5238 
10280 5192 5239 5238 
10281 5192 5193 5239 
10282 5193 5240 5239 
10283 5193 5194 5240 
10284 5194 5241 5240 
10285 5194 5195 5241 
10286 5195 5242 5241 
10287 5195 5196 5242 
10288 5196 5243 5242 
10289 5196 5197 5243 
10290 5197 5244 5243 
10291 5197 5198 5244 
10292 5198 5245 5244 
10293 5198 5199 5245 
10294 5199 5246 5245 
10295 5199 5200 5246 
10296 5200 5247 5246 
10297 5200 5201 5247 
10298 5201 5248 5247 
10299 5201 5202 5248 
10300 5202 5249 5248 
10301 5202 5203 5249 
10302 5203 5250 5249 
10303 5203 5204 5250 
10304 5204 5251 5250 
10305 5204 5205 5251 
10306 5205 5252 5251 
10307 5205 5206 5252 
10308 5206 5253 5252 
10309 5206 5207 5253 
10310 5207 5254 5253 
10311 5207 5208 5254 
10312 5208 5255 5254 
10313 5208 5209 5255 
10314 5209 5256 5255 
10315 5209 5210 5256 
10316 5210 5257 5256 
10317 5210 5211 5257 
10318 5211 5258 5257 
10319 5211 5212 5258 
10320 5212 5259 5258 
10321 5212 5213 5259 
10322 5213 5260 5259 
10323 5213 5214 5260 
10324 5214 5261 5260 
10325 5214 5215 5261 
10326 5215 5262 5261 
10327 5215 5216 5262 
10328 5216 5263 5262 
10329 5216 5217 5263 
10330 5217 5264 5263 
10331 5217 5218 5264 
10332 5218 5265 5264 
10333 5218 5219 5265 
10334 5219 5266 5265 
10335 5219 501 5266 
10336 501 502 5266 
10337 307 5220 308 
10338 5220 5267 308 
10339 5220 5221 5267 
10340 5221 5268 5267 
10341 5221 5222 5268 
10342 5222 5269 5268 
10343 5222 5223 5269 
10344 5223 5270 5269 
10345 5223 5224 5270 
10346 5224 5271 5270 
10347 5224 5225 5271 
10348 5225 5272 5271 
10349 5225 5226 5272 
10350 5226 5273 5272 
10351 5226 5227 5273 
10352 5227 5274 5273 
10353 5227 5228 5274 
10354 5228 5275 5274 
10355 5228 5229 5275 
10356 5229 5276 5275 
10357 5229 5230 5276 
10358 5230 5277 5276 
10359 5230 5231 5277 
10360 5231 5278 5277 
10361 5231 5232 5278 
10362 5232 5279 5278 
10363 5232 5233 5279 
10364 5233 5280 5279 
10365 5233 5234 5280 
10366 5234 5281 5280 
10367 5234 5235 5281 
10368 5235 5282 5281 
10369 5235 5236 5282 
10370 5236 5283 5282 
10371 5236 5237 5283 
10372 5237 5284 5283 
10373 5237 5238 5284 
10374 5238 5285 5284 
10375 5238 5239 5285 
10376 5239 5286 5285 
10377 5239 5240 5286 
10378 5240 5287 5286 
10379 5240 5241 5287 
10380 5241 5288 5287 
10381 5241 5242 5288 
10382 5242 5289 5288 
10383 5242 5243 5289 
10384 5243 5290 5289 
10385 5243 5244 5290 
10386 5244 5291 5290 
10387 5244 5245 5291 
10388 5245 5292 5291 
10389 5245 5246 5292 
10390 5246 5293 5292 
10391 5246 5247 5293 
10392 5247 5294 5293 
10393 5247 5248 5294 
10394 5248 5295 5294 
10395 5248 5249 5295 
10396 5249 5296 5295 
10397 5249 5250 5296 
10398 5250 5297 5296 
10399 5250 5251 5297 
10400 5251 5298 5297 
10401 5251 5252 5298 
10402 5252 5299 5298 
10403 5252 5253 5299 
10404 5253 5300 5299 
10405 5253 5254 5300 
10406 5254 5301 5300 
10407 5254 5255 5301 
10408 5255 5302 5301 
10409 5255 5256 5302 
10410 5256 5303 5302 
10411 5256 5257 5303 
10412 5257 5304 5303 
10413 5257 5258 5304 
10414 5258 5305 5304 
10415 5258 5259 5305 
10416 5259 5306 5305 
10417 5259 5260 5306 
10418 5260 5307 5306 
10419 5260 5261 5307 
10420 5261 5308 5307 
10421 5261 5262 5308 
10422 5262 5309 5308 
10423 5262 5263 5309 
10424 5263 5310 5309 
10425 5263 5264 5310 
10426 5264 5311 5310 
10427 5264 5265 5311 
10428 5265 5312 5311 
10429 5265 5266 5312 
10430 5266 5313 5312 
10431 5266 502 5313 
10432 502 503 5313 
10433 308 5267 309 
10434 5267 5314 309 
10435 5267 5268 5314 
10436 5268 5315 5314 
10437 5268 5269 5315 
10438 5269 5316 5315 
10439 5269 5270 5316 
10440 5270 5317 5316 
10441 5270 5271 5317 
10442 5271 5318 5317 
10443 5271 5272 5318 
10444 5272 5319 5318 
10445 5272 5273 5319 
10446 5273 5320 5319 
10447 5273 5274 5320 
10448 5274 5321 5320 
10449 5274 5275 5321 
10450 5275 5322 5321 
10451 5275 5276 5322 
10452 5276 5323 5322 
10453 5276 5277 5323 
10454 5277 5324 5323 
10455 5277 5278 5324 
10456 5278 5325 5324 
10457 5278 5279 5325 
10458 5279 5326 5325 
10459 5279 5280 5326 
10460 5280 5327 5326 
10461 5280 5281 5327 
10462 5281 5328 5327 
10463 5281 5282 5328 
10464 5282 5329 5328 
10465 5282 5283 5329 
10466 5283 5330 5329 
10467 5283 5284 5330 
10468 5284 5331 5330 
10469 5284 5285 5331 
10470 5285 5332 5331 
10471 5285 5286 5332 
10472 5286 5333 5332 
10473 5286 5287 5333 
10474 5287 5334 5333 
10475 5287 5288 5334 
10476 5288 5335 5334 
10477 5288 5289 5335 
10478 5289 5336 5335 
10479 5289 5290 5336 
10480 5290 5337 5336 
10481 5290 5291 5337 
10482 5291 5338 5337 
10483 5291 5292 5338 
10484 5292 5339 5338 
10485 5292 5293 5339 
10486 5293 5340 5339 
10487 5293 5294 5340 
10488 5294 5341 5340 
10489 5294 5295 5341 
10490 5295 5342 5341 
10491 5295 5296 5342 
10492 5296 5343 5342 
10493 5296 5297 5343 
10494 5297 5344 5343 
10495 5297 5298 5344 
10496 5298 5345 5344 
10497 5298 5299 5345 
10498 5299 5346 5345 
10499 5299 5300 5346 
10500 5300 5347 5346 
10501 5300 5301 5347 
10502 5301 5348 5347 
10503 5301 5302 5348 
10504 5302 5349 5348 
10505 5302 5303 5349 
10506 5303 5350 5349 
10507 5303 5304 5350 
10508 5304 5351 5350 
10509 5304 5305 5351 
10510 5305 5352 5351 
10511 5305 5306 5352 
10512 5306 5353 5352 
10513 5306 5307 5353 
10514 5307 5354 5353 
10515 5307 5308 5354 
10516 5308 5355 5354 
10517 5308 5309 5355 
10518 5309 5356 5355 
10519 5309 5310 5356 
10520 5310 5357 5356 
10521 5310 5311 5357 
10522 5311 5358 5357 
10523 5311 5312 5358 
10524 5312 5359 5358 
10525 5312 5313 5359 
10526 5313 5360 5359 
10527 5313 503 5360 
10528 503 504 5360 
10529 309 5314 310 
10530 5314 5361 310 
10531 5314 5315 5361 
10532 5315 5362 5361 
10533 5315 5316 5362 
10534 5316 5363 5362 
10535 5316 5317 5363 
10536 5317 5364 5363 
10537 5317 5318 5364 
10538 5318 5365 5364 
10539 5318 5319 5365 
10540 5319 5366 5365 
10541 5319 5320 5366 
10542 5320 5367 5366 
10543 5320 5321 5367 
10544 5321 5368 5367 
10545 5321 5322 5368 
10546 5322 5369 5368 
10547 5322 5323 5369 
10548 5323 5370 5369 
10549 5323 5324 5370 
10550 5324 5371 5370 
10551 5324 5325 5371 
10552 5325 5372 5371 
10553 5325 5326 5372 
10554 5326 5373 5372 
10555 5326 5327 5373 
10556 5327 5374 5373 
10557 5327 5328 5374 
10558 5328 5375 5374 
10559 5328 5329 5375 
10560 5329 5376 5375 
10561 5329 5330 5376 
10562 5330 5377 5376 
10563 5330 5331 5377 
10564 5331 5378 5377 
10565 5331 5332 5378 
10566 5332 5379 5378 
10567 5332 5333 5379 
10568 5333 5380 5379 
10569 5333 5334 5380 
10570 5334 5381 5380 
10571 5334 5335 5381 
10572 5335 5382 5381 
10573 5335 5336 5382 
10574 5336 5383 5382 
10575 5336 5337 5383 
10576 5337 5384 5383 
10577 5337 5338 5384 
10578 5338 5385 5384 
10579 5338 5339 5385 
10580 5339 5386 5385 
10581 5339 5340 5386 
10582 5340 5387 5386 
10583 5340 5341 5387 
10584 5341 5388 5387 
10585 5341 5342 5388 
10586 5342 5389 5388 
10587 5342 5343 5389 
10588 5343 5390 5389 
10589 5343 5344 5390 
10590 5344 5391 5390 
10591 5344 5345 5391 
10592 5345 5392 5391 
10593 5345 5346 5392 
10594 5346 5393 5392 
10595 5346 5347 5393 
10596 5347 5394 5393 
10597 5347 5348 5394 
10598 5348 5395 5394 
10599 5348 5349 5395 
10600 5349 5396 5395 
10601 5349 5350 5396 
10602 5350 5397 5396 
10603 5350 5351 5397 
10604 5351 5398 5397 
10605 5351 5352 5398 
10606 5352 5399 5398 
10607 5352 5353 5399 
10608 5353 5400 5399 
10609 5353 5354 5400 
10610 5354 5401 5400 
10611 5354 5355 5401 
10612 5355 5402 5401 
10613 5355 5356 5402 
10614 5356 5403 5402 
10615 5356 5357 5403 
10616 5357 5404 5403 
10617 5357 5358 5404 
10618 5358 5405 5404 
10619 5358 5359 5405 
10620 5359 5406 5405 
10621 5359 5360 5406 
10622 5360 5407 5406 
10623 5360 504 5407 
10624 504 505 5407 
10625 310 5361 311 
10626 5361 5408 311 
10627 5361 5362 5408 
10628 5362 5409 5408 
10629 5362 5363 5409 
10630 5363 5410 5409 
10631 5363 5364 5410 
10632 5364 5411 5410 
10633 5364 5365 5411 
10634 5365 5412 5411 
10635 5365 5366 5412 
10636 5366 5413 5412 
10637 5366 5367 5413 
10638 5367 5414 5413 
10639 5367 5368 5414 
10640 5368 5415 5414 
10641 5368 5369 5415 
10642 5369 5416 5415 
10643 5369 5370 5416 
10644 5370 5417 5416 
10645 5370 5371 5417 
10646 5371 5418 5417 
10647 5371 5372 5418 
10648 5372 5419 5418 
10649 5372 5373 5419 
10650 5373 5420 5419 
10651 5373 5374 5420 
10652 5374 5421 5420 
10653 5374 5375 5421 
10654 5375 5422 5421 
10655 5375 5376 5422 
10656 5376 5423 5422 
10657 5376 5377 5423 
10658 5377 5424 5423 
10659 5377 5378 5424 
10660 5378 5425 5424 
10661 5378 5379 5425 
10662 5379 5426 5425 
10663 5379 5380 5426 
10664 5380 5427 5426 
10665 5380 5381 5427 
10666 5381 5428 5427 
10667 5381 5382 5428 
10668 5382 5429 5428 
10669 5382 5383 5429 
10670 5383 5430 5429 
10671 5383 5384 5430 
10672 5384 5431 5430 
10673 5384 5385 5431 
10674 5385 5432 5431 
10675 5385 5386 5432 
10676 5386 5433 5432 
10677 5386 5387 5433 
10678 5387 5434 5433 
10679 5387 5388 5434 
10680 5388 5435 5434 
10681 5388 5389 5435 
10682 5389 5436 5435 
10683 5389 5390 5436 
10684 5390 5437 5436 
10685 5390 5391 5437 
10686 5391 5438 5437 
10687 5391 5392 5438 
10688 5392 5439 5438 
10689 5392 5393 5439 
10690 5393 5440 5439 
10691 5393 5394 5440 
10692 5394 5441 5440 
10693 5394 5395 5441 
10694 5395 5442 5441 
10695 5395 5396 5442 
10696 5396 5443 5442 
10697 5396 5397 5443 
10698 5397 5444 5443 
10699 5397 5398 5444 
10700 5398 5445 5444 
10701 5398 5399 5445 
10702 5399 5446 5445 
10703 5399 5400 5446 
10704 5400 5447 5446 
10705 5400 5401 5447 
10706 5401 5448 5447 
10707 5401 5402 5448 
10708 5402 5449 5448 
10709 5402 5403 5449 
10710 5403 5450 5449 
10711 5403 5404 5450 
10712 5404 5451 5450 
10713 5404 5405 5451 
10714 5405 5452 5451 
10715 5405 5406 5452 
10716 5406 5453 5452 
10717 5406 5407 5453 
10718 5407 5454 5453 
10719 5407 505 5454 
10720 505 506 5454 
10721 311 5408 312 
10722 5408 5455 312 
10723 5408 5409 5455 
10724 5409 5456 5455 
10725 5409 5410 5456 
10726 5410 5457 5456 
10727 5410 5411 5457 
10728 5411 5458 5457 
10729 5411 5412 5458 
10730 5412 5459 5458 
10731 5412 5413 5459 
10732 5413 5460 5459 
10733 5413 5414 5460 
10734 5414 5461 5460 
10735 5414 5415 5461 
10736 5415 5462 5461 
10737 5415 5416 5462 
10738 5416 5463 5462 
10739 5416 5417 5463 
10740 5417 5464 5463 
10741 5417 5418 5464 
10742 5418 5465 5464 
10743 5418 5419 5465 
10744 5419 5466 5465 
10745 5419 5420 5466 
10746 5420 5467 5466 
10747 5420 5421 5467 
10748 5421 5468 5467 
10749 5421 5422 5468 
10750 5422 5469 5468 
10751 5422 5423 5469 
10752 5423 5470 5469 
10753 5423 5424 5470 
10754 5424 5471 5470 
10755 5424 5425 5471 
10756 5425 5472 5471 
10757 5425 5426 5472 
10758 5426 5473 5472 
10759 5426 5427 5473 
10760 5427 5474 5473 
10761 5427 5428 5474 
10762 5428 5475 5474 
10763 5428 5429 5475 
10764 5429 5476 5475 
10765 5429 5430 5476 
10766 5430 5477 5476 
10767 5430 5431 5477 
10768 5431 5478 5477 
10769 5431 5432 5478 
10770 5432 5479 5478 
10771 5432 5433 5479 
10772 5433 5480 5479 
10773 5433 5434 5480 
10774 5434 5481 5480 
10775 5434 5435 5481 
10776 5435 5482 5481 
10777 5435 5436 5482 
10778 5436 5483 5482 
10779 5436 5437 5483 
10780 5437 5484 5483 
10781 5437 5438 5484 
10782 5438 5485 5484 
10783 5438 5439 5485 
10784 5439 5486 5485 
10785 5439 5440 5486 
10786 5440 5487 5486 
10787 5440 5441 5487 
10788 5441 5488 5487 
10789 5441 5442 5488 
10790 5442 5489 5488 
10791 5442 5443 5489 
10792 5443 5490 5489 
10793 5443 5444 5490 
10794 5444 5491 5490 
10795 5444 5445 5491 
10796 5445 5492 5491 
10797 5445 5446 5492 
10798 5446 5493 5492 
10799 5446 5447 5493 
10800 5447 5494 5493 
10801 5447 5448 5494 
10802 5448 5495 5494 
10803 5448 5449 5495 
10804 5449 5496 5495 
10805 5449 5450 5496 
10806 5450 5497 5496 
10807 5450 5451 5497 
10808 5451 5498 5497 
10809 5451 5452 5498 
10810 5452 5499 5498 
10811 5452 5453 5499 
10812 5453 5500 5499 
10813 5453 5454 5500 
10814 5454 5501 5500 
10815 5454 506 5501 
10816 506 507 5501 
10817 312 5455 313 
10818 5455 5502 313 
10819 5455 5456 5502 
10820 5456 5503 5502 
10821 5456 5457 5503 
10822 5457 5504 5503 
10823 5457 5458 5504 
10824 5458 5505 5504 
10825 5458 5459 5505 
10826 5459 5506 5505 
10827 5459 5460 5506 
10828 5460 5507 5506 
10829 5460 5461 5507 
10830 5461 5508 5507 
10831 5461 5462 5508 
10832 5462 5509 5508 
10833 5462 5463 5509 
10834 5463 5510 5509 
10835 5463 5464 5510 
10836 5464 5511 5510 
10837 5464 5465 5511 
10838 5465 5512 5511 
10839 5465 5466 5512 
10840 5466 5513 5512 
10841 5466 5467 5513 
10842 5467 5514 5513 
10843 5467 5468 5514 
10844 5468 5515 5514 
10845 5468 5469 5515 
10846 5469 5516 5515 
10847 5469 5470 5516 
10848 5470 5517 5516 
10849 5470 5471 5517 
10850 5471 5518 5517 
10851 5471 5472 5518 
10852 5472 5519 5518 
10853 5472 5473 5519 
10854 5473 5520 5519 
10855 5473 5474 5520 
10856 5474 5521 5520 
10857 5474 5475 5521 
10858 5475 5522 5521 
10859 5475 5476 5522 
10860 5476 5523 5522 
10861 5476 5477 5523 
10862 5477 5524 5523 
10863 5477 5478 5524 
10864 5478 5525 5524 
10865 5478 5479 5525 
10866 5479 5526 5525 
10867 5479 5480 5526 
10868 5480 5527 5526 
10869 5480 5481 5527 
10870 5481 5528 5527 
10871 5481 5482 5528 
10872 5482 5529 5528 
10873 5482 5483 5529 
10874 5483 5530 5529 
10875 5483 5484 5530 
10876 5484 5531 5530 
10877 5484 5485 5531 
10878 5485 5532 5531 
10879 5485 5486 5532 
10880 5486 5533 5532 
10881 5486 5487 5533 
10882 5487 5534 5533 
10883 5487 5488 5534 
10884 5488 5535 5534 
10885 5488 5489 5535 
10886 5489 5536 5535 
10887 5489 5490 5536 
10888 5490 5537 5536 
10889 5490 5491 5537 
10890 5491 5538 5537 
10891 5491 5492 5538 
10892 5492 5539 5538 
10893 5492 5493 5539 
10894 5493 5540 5539 
10895 5493 5494 5540 
10896 5494 5541 5540 
10897 5494 5495 5541 
10898 5495 5542 5541 
10899 5495 5496 5542 
10900 5496 5543 5542 
10901 5496 5497 5543 
10902 5497 5544 5543 
10903 5497 5498 5544 
10904 5498 5545 5544 
10905 5498 5499 5545 
10906 5499 5546 5545 
10907 5499 5500 5546 
10908 5500 5547 5546 
10909 5500 5501 5547 
10910 5501 5548 5547 
10911 5501 507 5548 
10912 507 508 5548 
10913 313 5502 314 
10914 5502 5549 314 
10915 5502 5503 5549 
10916 5503 5550 5549 
10917 5503 5504 5550 
10918 5504 5551 5550 
10919 5504 5505 5551 
10920 5505 5552 5551 
10921 5505 5506 5552 
10922 5506 5553 5552 
10923 5506 5507 5553 
10924 5507 5554 5553 
10925 5507 5508 5554 
10926 5508 5555 5554 
10927 5508 5509 5555 
10928 5509 5556 5555 
10929 5509 5510 5556 
10930 5510 5557 5556 
10931 5510 5511 5557 
10932 5511 5558 5557 
10933 5511 5512 5558 
10934 5512 5559 5558 
10935 5512 5513 5559 
10936 5513 5560 5559 
10937 5513 5514 5560 
10938 5514 5561 5560 
10939 5514 5515 5561 
10940 5515 5562 5561 
10941 5515 5516 5562 
10942 5516 5563 5562 
10943 5516 5517 5563 
10944 5517 5564 5563 
10945 5517 5518 5564 
10946 5518 5565 5564 
10947 5518 5519 5565 
10948 5519 5566 5565 
10949 5519 5520 5566 
10950 5520 5567 5566 
10951 5520 5521 5567 
10952 5521 5568 5567 
10953 5521 5522 5568 
10954 5522 5569 5568 
10955 5522 5523 5569 
10956 5523 5570 5569 
10957 5523 5524 5570 
10958 5524 5571 5570 
10959 5524 5525 5571 
10960 5525 5572 5571 
10961 5525 5526 5572 
10962 5526 5573 5572 
10963 5526 5527 5573 
10964 5527 5574 5573 
10965 5527 5528 5574 
10966 5528 5575 5574 
10967 5528 5529 5575 
10968 5529 5576 5575 
10969 5529 5530 5576 
10970 5530 5577 5576 
10971 5530 5531 5577 
10972 5531 5578 5577 
10973 5531 5532 5578 
10974 5532 5579 5578 
10975 5532 5533 5579 
10976 5533 5580 5579 
10977 5533 5534 5580 
10978 5534 5581 5580 
10979 5534 5535 5581 
10980 5535 5582 5581 
10981 5535 5536 5582 
10982 5536 5583 5582 
10983 5536 5537 5583 
10984 5537 5584 5583 
10985 5537 5538 5584 
10986 5538 5585 5584 
10987 5538 5539 5585 
10988 5539 5586 5585 
10989 5539 5540 5586 
10990 5540 5587 5586 
10991 5540 5541 5587 
10992 5541 5588 5587 
10993 5541 5542 5588 
10994 5542 5589 5588 
10995 5542 5543 5589 
10996 5543 5590 5589 
10997 5543 5544 5590 
10998 5544 5591 5590 
10999 5544 5545 5591 
11000 5545 5592 5591 
11001 5545 5546 5592 
11002 5546 5593 5592 
11003 5546 5547 5593 
11004 5547 5594 5593 
11005 5547 5548 5594 
11006 5548 5595 5594 
11007 5548 508 5595 
11008 508 509 5595 
11009 314 5549 315 
11010 5549 5596 315 
11011 5549 5550 5596 
11012 5550 5597 5596 
11013 5550 5551 5597 
11014 5551 5598 5597 
11015 5551 5552 5598 
11016 5552 5599 5598 
11017 5552 5553 5599 
11018 5553 5600 5599 
11019 5553 5554 5600 
11020 5554 5601 5600 
11021 5554 5555 5601 
11022 5555 5602 5601 
11023 5555 5556 5602 
11024 5556 5603 5602 
11025 5556 5557 5603 
11026 5557 5604 5603 
11027 5557 5558 5604 
11028 5558 5605 5604 
11029 5558 5559 5605 
11030 5559 5606 5605 
11031 5559 5560 5606 
11032 5560 5607 5606 
11033 5560 5561 5607 
11034 5561 5608 5607 
11035 5561 5562 5608 
11036 5562 5609 5608 
11037 5562 5563 5609 
11038 5563 5610 5609 
11039 5563 5564 5610 
11040 5564 5611 5610 
11041 5564 5565 5611 
11042 5565 5612 5611 
11043 5565 5566 5612 
11044 5566 5613 5612 
11045 5566 5567 5613 
11046 5567 5614 5613 
11047 5567 5568 5614 
11048 5568 5615 5614 
11049 5568 5569 5615 
11050 5569 5616 5615 
11051 5569 5570 5616 
11052 5570 5617 5616 
11053 5570 5571 5617 
11054 5571 5618 5617 
11055 5571 5572 5618 
11056 5572 5619 5618 
11057 5572 5573 5619 
11058 5573 5620 5619 
11059 5573 5574 5620 
11060 5574 5621 5620 
11061 5574 5575 5621 
11062 5575 5622 5621 
11063 5575 5576 5622 
11064 5576 5623 5622 
11065 5576 5577 5623 
11066 5577 5624 5623 
11067 5577 5578 5624 
11068 5578 5625 5624 
11069 5578 5579 5625 
11070 5579 5626 5625 
11071 5579 5580 5626 
11072 5580 5627 5626 
11073 5580 5581 5627 
11074 5581 5628 5627 
11075 5581 5582 5628 
11076 5582 5629 5628 
11077 5582 5583 5629 
11078 5583 5630 5629 
11079 5583 5584 5630 
11080 5584 5631 5630 
11081 5584 5585 5631 
11082 5585 5632 5631 
11083 5585 5586 5632 
11084 5586 5633 5632 
11085 5586 5587 5633 
11086 5587 5634 5633 
11087 5587 5588 5634 
11088 5588 5635 5634 
11089 5588 5589 5635 
11090 5589 5636 5635 
11091 5589 5590 5636 
11092 5590 5637 5636 
11093 5590 5591 5637 
11094 5591 5638 5637 
11095 5591 5592 5638 
11096 5592 5639 5638 
11097 5592 5593 5639 
11098 5593 5640 5639 
11099 5593 5594 5640 
11100 5594 5641 5640 
11101 5594 5595 5641 
11102 5595 5642 5641 
11103 5595 509 5642 
11104 509 510 5642 
11105 315 5596 316 
11106 5596 5643 316 
11107 5596 5597 5643 
11108 5597 5644 5643 
11109 5597 5598 5644 
11110 5598 5645 5644 
11111 5598 5599 5645 
11112 5599 5646 5645 
11113 5599 5600 5646 
11114 5600 5647 5646 
11115 5600 5601 5647 
11116 5601 5648 5647 
11117 5601 5602 5648 
11118 5602 5649 5648 
11119 5602 5603 5649 
11120 5603 5650 5649 
11121 5603 5604 5650 
11122 5604 5651 5650 
11123 5604 5605 5651 
11124 5605 5652 5651 
11125 5605 5606 5652 
11126 5606 5653 5652 
11127 5606 5607 5653 
11128 5607 5654 5653 
11129 5607 5608 5654 
11130 5608 5655 5654 
11131 5608 5609 5655 
11132 5609 5656 5655 
11133 5609 5610 5656 
11134 5610 5657 5656 
11135 5610 5611 5657 
11136 5611 5658 5657 
11137 5611 5612 5658 
11138 5612 5659 5658 
11139 5612 5613 5659 
11140 5613 5660 5659 
11141 5613 5614 5660 
11142 5614 5661 5660 
11143 5614 5615 5661 
11144 5615 5662 5661 
11145 5615 5616 5662 
11146 5616 5663 5662 
11147 5616 5617 5663 
11148 5617 5664 5663 
11149 5617 5618 5664 
11150 5618 5665 5664 
11151 5618 5619 5665 
11152 5619 5666 5665 
11153 5619 5620 5666 
11154 5620 5667 5666 
11155 5620 5621 5667 
11156 5621 5668 5667 
11157 5621 5622 5668 
11158 5622 5669 5668 
11159 5622 5623 5669 
11160 5623 5670 5669 
11161 5623 5624 5670 
11162 5624 5671 5670 
11163 5624 5625 5671 
11164 5625 5672 5671 
11165 5625 5626 5672 
11166 5626 5673 5672 
11167 5626 5627 5673 
11168 5627 5674 5673 
11169 5627 5628 5674 
11170 5628 5675 5674 
11171 5628 5629 5675 
11172 5629 5676 5675 
11173 5629 5630 5676 
11174 5630 5677 5676 
11175 5630 5631 5677 
11176 5631 5678 5677 
11177 5631 5632 5678 
11178 5632 5679 5678 
11179 5632 5633 5679 
11180 5633 5680 5679 
11181 5633 5634 5680 
11182 5634 5681 5680 
11183 5634 5635 5681 
11184 5635 5682 5681 
11185 5635 5636 5682 
11186 5636 5683 5682 
11187 5636 5637 5683 
11188 5637 5684 5683 
11189 5637 5638 5684 
11190 5638 5685 5684 
11191 5638 5639 5685 
11192 5639 5686 5685 
11193 5639 5640 5686 
11194 5640 5687 5686 
11195 5640 5641 5687 
11196 5641 5688 5687 
11197 5641 5642 5688 
11198 5642 5689 5688 
11199 5642 510 5689 
11200 510 511 5689 
11201 316 5643 317 
11202 5643 5690 317 
11203 5643 5644 5690 
11204 5644 5691 5690 
11205 5644 5645 5691 
11206 5645 5692 5691 
11207 5645 5646 5692 
11208 5646 5693 5692 
11209 5646 5647 5693 
11210 5647 5694 5693 
11211 5647 5648 5694 
11212 5648 5695 5694 
11213 5648 5649 5695 
11214 5649 5696 5695 
11215 5649 5650 5696 
11216 5650 5697 5696 
11217 5650 5651 5697 
11218 5651 5698 5697 
11219 5651 5652 5698 
11220 5652 5699 5698 
11221 5652 5653 5699 
11222 5653 5700 5699 
11223 5653 5654 5700 
11224 5654 5701 5700 
11225 5654 5655 5701 
11226 5655 5702 5701 
11227 5655 5656 5702 
11228 5656 5703 5702 
11229 5656 5657 5703 
11230 5657 5704 5703 
11231 5657 5658 5704 
11232 5658 5705 5704 
11233 5658 5659 5705 
11234 5659 5706 5705 
11235 5659 5660 5706 
11236 5660 5707 5706 
11237 5660 5661 5707 
11238 5661 5708 5707 
11239 5661 5662 5708 
11240 5662 5709 5708 
11241 5662 5663 5709 
11242 5663 5710 5709 
11243 5663 5664 5710 
11244 5664 5711 5710 
11245 5664 5665 5711 
11246 5665 5712 5711 
11247 5665 5666 5712 
11248 5666 5713 5712 
11249 5666 5667 5713 
11250 5667 5714 5713 
11251 5667 5668 5714 
11252 5668 5715 5714 
11253 5668 5669 5715 
11254 5669 5716 5715 
11255 5669 5670 5716 
11256 5670 5717 5716 
11257 5670 5671 5717 
11258 5671 5718 5717 
11259 5671 5672 5718 
11260 5672 5719 5718 
11261 5672 5673 5719 
11262 5673 5720 5719 
11263 5673 5674 5720 
11264 5674 5721 5720 
11265 5674 5675 5721 
11266 5675 5722 5721 
11267 5675 5676 5722 
11268 5676 5723 5722 
11269 5676 5677 5723 
11270 5677 5724 5723 
11271 5677 5678 5724 
11272 5678 5725 5724 
11273 5678 5679 5725 
11274 5679 5726 5725 
11275 5679 5680 5726 
11276 5680 5727 5726 
11277 5680 5681 5727 
11278 5681 5728 5727 
11279 5681 5682 5728 
11280 5682 5729 5728 
11281 5682 5683 5729 
11282 5683 5730 5729 
11283 5683 5684 5730 
11284 5684 5731 5730 
11285 5684 5685 5731 
11286 5685 5732 5731 
11287 5685 5686 5732 
11288 5686 5733 5732 
11289 5686 5687 5733 
11290 5687 5734 5733 
11291 5687 5688 5734 
11292 5688 5735 5734 
11293 5688 5689 5735 
11294 5689 5736 5735 
11295 5689 511 5736 
11296 511 512 5736 
11297 317 5690 318 
11298 5690 5737 318 
11299 5690 5691 5737 
11300 5691 5738 5737 
11301 5691 5692 5738 
11302 5692 5739 5738 
11303 5692 5693 5739 
11304 5693 5740 5739 
11305 5693 5694 5740 
11306 5694 5741 5740 
11307 5694 5695 5741 
11308 5695 5742 5741 
11309 5695 5696 5742 
11310 5696 5743 5742 
11311 5696 5697 5743 
11312 5697 5744 5743 
11313 5697 5698 5744 
11314 5698 5745 5744 
11315 5698 5699 5745 
11316 5699 5746 5745 
11317 5699 5700 5746 
11318 5700 5747 5746 
11319 5700 5701 5747 
11320 5701 5748 5747 
11321 5701 5702 5748 
11322 5702 5749 5748 
11323 5702 5703 5749 
11324 5703 5750 5749 
11325 5703 5704 5750 
11326 5704 5751 5750 
11327 5704 5705 5751 
11328 5705 5752 5751 
11329 5705 5706 5752 
11330 5706 5753 5752 
11331 5706 5707 5753 
11332 5707 5754 5753 
11333 5707 5708 5754 
11334 5708 5755 5754 
11335 5708 5709 5755 
11336 5709 5756 5755 
11337 5709 5710 5756 
11338 5710 5757 5756 
11339 5710 5711 5757 
11340 5711 5758 5757 
11341 5711 5712 5758 
11342 5712 5759 5758 
11343 5712 5713 5759 
11344 5713 5760 5759 
11345 5713 5714 5760 
11346 5714 5761 5760 
11347 5714 5715 5761 
11348 5715 5762 5761 
11349 5715 5716 5762 
11350 5716 5763 5762 
11351 5716 5717 5763 
11352 5717 5764 5763 
11353 5717 5718 5764 
11354 5718 5765 5764 
11355 5718 5719 5765 
11356 5719 5766 5765 
11357 5719 5720 5766 
11358 5720 5767 5766 
11359 5720 5721 5767 
11360 5721 5768 5767 
11361 5721 5722 5768 
11362 5722 5769 5768 
11363 5722 5723 5769 
11364 5723 5770 5769 
11365 5723 5724 5770 
11366 5724 5771 5770 
11367 5724 5725 5771 
11368 5725 5772 5771 
11369 5725 5726 5772 
11370 5726 5773 5772 
11371 5726 5727 5773 
11372 5727 5774 5773 
11373 5727 5728 5774 
11374 5728 5775 5774 
11375 5728 5729 5775 
11376 5729 5776 5775 
11377 5729 5730 5776 
11378 5730 5777 5776 
11379 5730 5731 5777 
11380 5731 5778 5777 
11381 5731 5732 5778 
11382 5732 5779 5778 
11383 5732 5733 5779 
11384 5733 5780 5779 
11385 5733 5734 5780 
11386 5734 5781 5780 
11387 5734 5735 5781 
11388 5735 5782 5781 
11389 5735 5736 5782 
11390 5736 5783 5782 
11391 5736 512 5783 
11392 512 513 5783 
11393 318 5737 319 
11394 5737 5784 319 
11395 5737 5738 5784 
11396 5738 5785 5784 
11397 5738 5739 5785 
11398 5739 5786 5785 
11399 5739 5740 5786 
11400 5740 5787 5786 
11401 5740 5741 5787 
11402 5741 5788 5787 
11403 5741 5742 5788 
11404 5742 5789 5788 
11405 5742 5743 5789 
11406 5743 5790 5789 
11407 5743 5744 5790 
11408 5744 5791 5790 
11409 5744 5745 5791 
11410 5745 5792 5791 
11411 5745 5746 5792 
11412 5746 5793 5792 
11413 5746 5747 5793 
11414 5747 5794 5793 
11415 5747 5748 5794 
11416 5748 5795 5794 
11417 5748 5749 5795 
11418 5749 5796 5795 
11419 5749 5750 5796 
11420 5750 5797 5796 
11421 5750 5751 5797 
11422 5751 5798 5797 
11423 5751 5752 5798 
11424 5752 5799 5798 
11425 5752 5753 5799 
11426 5753 5800 5799 
11427 5753 5754 5800 
11428 5754 5801 5800 
11429 5754 5755 5801 
11430 5755 5802 5801 
11431 5755 5756 5802 
11432 5756 5803 5802 
11433 5756 5757 5803 
11434 5757 5804 5803 
11435 5757 5758 5804 
11436 5758 5805 5804 
11437 5758 5759 5805 
11438 5759 5806 5805 
11439 5759 5760 5806 
11440 5760 5807 5806 
11441 5760 5761 5807 
11442 5761 5808 5807 
11443 5761 5762 5808 
11444 5762 5809 5808 
11445 5762 5763 5809 
11446 5763 5810 5809 
11447 5763 5764 5810 
11448 5764 5811 5810 
11449 5764 5765 5811 
11450 5765 5812 5811 
11451 5765 5766 5812 
11452 5766 5813 5812 
11453 5766 5767 5813 
11454 5767 5814 5813 
11455 5767 5768 5814 
11456 5768 5815 5814 
11457 5768 5769 5815 
11458 5769 5816 5815 
11459 5769 5770 5816 
11460 5770 5817 5816 
11461 5770 5771 5817 
11462 5771 5818 5817 
11463 5771 5772 5818 
11464 5772 5819 5818 
11465 5772 5773 5819 
11466 5773 5820 5819 
11467 5773 5774 5820 
11468 5774 5821 5820 
11469 5774 5775 5821 
11470 5775 5822 5821 
11471 5775 5776 5822 
11472 5776 5823 5822 
11473 5776 5777 5823 
11474 5777 5824 5823 
11475 5777 5778 5824 
11476 5778 5825 5824 
11477 5778 5779 5825 
11478 5779 5826 5825 
11479 5779 5780 5826 
11480 5780 5827 5826 
11481 5780 5781 5827 
11482 5781 5828 5827 
11483 5781 5782 5828 
11484 5782 5829 5828 
11485 5782 5783 5829 
11486 5783 5830 5829 
11487 5783 513 5830 
11488 513 514 5830 
11489 319 5784 320 
11490 5784 5831 320 
11491 5784 5785 5831 
11492 5785 5832 5831 
11493 5785 5786 5832 
11494 5786 5833 5832 
11495 5786 5787 5833 
11496 5787 5834 5833 
11497 5787 5788 5834 
11498 5788 5835 5834 
11499 5788 5789 5835 
11500 5789 5836 5835 
11501 5789 5790 5836 
11502 5790 5837 5836 
11503 5790 5791 5837 
11504 5791 5838 5837 
11505 5791 5792 5838 
11506 5792 5839 5838 
11507 5792 5793 5839 
11508 5793 5840 5839 
11509 5793 5794 5840 
11510 5794 5841 5840 
11511 5794 5795 5841 
11512 5795 5842 5841 
11513 5795 5796 5842 
11514 5796 5843 5842 
11515 5796 5797 5843 
11516 5797 5844 5843 
11517 5797 5798 5844 
11518 5798 5845 5844 
11519 5798 5799 5845 
11520 5799 5846 5845 
11521 5799 5800 5846 
11522 5800 5847 5846 
11523 5800 5801 5847 
11524 5801 5848 5847 
11525 5801 5802 5848 
11526 5802 5849 5848 
11527 5802 5803 5849 
11528 5803 5850 5849 
11529 5803 5804 5850 
11530 5804 5851 5850 
11531 5804 5805 5851 
11532 5805 5852 5851 
11533 5805 5806 5852 
11534 5806 5853 5852 
11535 5806 5807 5853 
11536 5807 5854 5853 
11537 5807 5808 5854 
11538 5808 5855 5854 
11539 5808 5809 5855 
11540 5809 5856 5855 
11541 5809 5810 5856 
11542 5810 5857 5856 
11543 5810 5811 5857 
11544 5811 5858 5857 
11545 5811 5812 5858 
11546 5812 5859 5858 
11547 5812 5813 5859 
11548 5813 5860 5859 
11549 5813 5814 5860 
11550 5814 5861 5860 
11551 5814 5815 5861 
11552 5815 5862 5861 
11553 5815 5816 5862 
11554 5816 5863 5862 
11555 5816 5817 5863 
11556 5817 5864 5863 
11557 5817 5818 5864 
11558 5818 5865 5864 
11559 5818 5819 5865 
11560 5819 5866 5865 
11561 5819 5820 5866 
11562 5820 5867 5866 
11563 5820 5821 5867 
11564 5821 5868 5867 
11565 5821 5822 5868 
11566 5822 5869 5868 
11567 5822 5823 5869 
11568 5823 5870 5869 
11569 5823 5824 5870 
11570 5824 5871 5870 
11571 5824 5825 5871 
11572 5825 5872 5871 
11573 5825 5826 5872 
11574 5826 5873 5872 
11575 5826 5827 5873 
11576 5827 5874 5873 
11577 5827 5828 5874 
11578 5828 5875 5874 
11579 5828 5829 5875 
11580 5829 5876 5875 
11581 5829 5830 5876 
11582 5830 5877 5876 
11583 5830 514 5877 
11584 514 515 5877 
11585 320 5831 321 
11586 5831 5878 321 
11587 5831 5832 5878 
11588 5832 5879 5878 
11589 5832 5833 5879 
11590 5833 5880 5879 
11591 5833 5834 5880 
11592 5834 5881 5880 
11593 5834 5835 5881 
11594 5835 5882 5881 
11595 5835 5836 5882 
11596 5836 5883 5882 
11597 5836 5837 5883 
11598 5837 5884 5883 
11599 5837 5838 5884 
11600 5838 5885 5884 
11601 5838 5839 5885 
11602 5839 5886 5885 
11603 5839 5840 5886 
11604 5840 5887 5886 
11605 5840 5841 5887 
11606 5841 5888 5887 
11607 5841 5842 5888 
11608 5842 5889 5888 
11609 5842 5843 5889 
11610 5843 5890 5889 
11611 5843 5844 5890 
11612 5844 5891 5890 
11613 5844 5845 5891 
11614 5845 5892 5891 
11615 5845 5846 5892 
11616 5846 5893 5892 
11617 5846 5847 5893 
11618 5847 5894 5893 
11619 5847 5848 5894 
11620 5848 5895 5894 
11621 5848 5849 5895 
11622 5849 5896 5895 
11623 5849 5850 5896 
11624 5850 5897 5896 
11625 5850 5851 5897 
11626 5851 5898 5897 
11627 5851 5852 5898 
11628 5852 5899 5898 
11629 5852 5853 5899 
11630 5853 5900 5899 
11631 5853 5854 5900 
11632 5854 5901 5900 
11633 5854 5855 5901 
11634 5855 5902 5901 
11635 5855 5856 5902 
11636 5856 5903 5902 
11637 5856 5857 5903 
11638 5857 5904 5903 
11639 5857 5858 5904 
11640 5858 5905 5904 
11641 5858 5859 5905 
11642 5859 5906 5905 
11643 5859 5860 5906 
11644 5860 5907 5906 
11645 5860 5861 5907 
11646 5861 5908 5907 
11647 5861 5862 5908 
11648 5862 5909 5908 
11649 5862 5863 5909 
11650 5863 5910 5909 
11651 5863 5864 5910 
11652 5864 5911 5910 
11653 5864 5865 5911 
11654 5865 5912 5911 
11655 5865 5866 5912 
11656 5866 5913 5912 
11657 5866 5867 5913 
11658 5867 5914 5913 
11659 5867 5868 5914 
11660 5868 5915 5914 
11661 5868 5869 5915 
11662 5869 5916 5915 
11663 5869 5870 5916 
11664 5870 5917 5916 
11665 5870 5871 5917 
11666 5871 5918 5917 
11667 5871 5872 5918 
11668 5872 5919 5918 
11669 5872 5873 5919 
11670 5873 5920 5919 
11671 5873 5874 5920 
11672 5874 5921 5920 
11673 5874 5875 5921 
11674 5875 5922 5921 
11675 5875 5876 5922 
11676 5876 5923 5922 
11677 5876 5877 5923 
11678 5877 5924 5923 
11679 5877 515 5924 
11680 515 516 5924 
11681 321 5878 322 
11682 5878 5925 322 
11683 5878 5879 5925 
11684 5879 5926 5925 
11685 5879 5880 5926 
11686 5880 5927 5926 
11687 5880 5881 5927 
11688 5881 5928 5927 
11689 5881 5882 5928 
11690 5882 5929 5928 
11691 5882 5883 5929 
11692 5883 5930 5929 
11693 5883 5884 5930 
11694 5884 5931 5930 
11695 5884 5885 5931 
11696 5885 5932 5931 
11697 5885 5886 5932 
11698 5886 5933 5932 
11699 5886 5887 5933 
11700 5887 5934 5933 
11701 5887 5888 5934 
11702 5888 5935 5934 
11703 5888 5889 5935 
11704 5889 5936 5935 
11705 5889 5890 5936 
11706 5890 5937 5936 
11707 5890 5891 5937 
11708 5891 5938 5937 
11709 5891 5892 5938 
11710 5892 5939 5938 
11711 5892 5893 5939 
11712 5893 5940 5939 
11713 5893 5894 5940 
11714 5894 5941 5940 
11715 5894 5895 5941 
11716 5895 5942 5941 
11717 5895 5896 5942 
11718 5896 5943 5942 
11719 5896 5897 5943 
11720 5897 5944 5943 
11721 5897 5898 5944 
11722 5898 5945 5944 
11723 5898 5899 5945 
11724 5899 5946 5945 
11725 5899 5900 5946 
11726 5900 5947 5946 
11727 5900 5901 5947 
11728 5901 5948 5947 
11729 5901 5902 5948 
11730 5902 5949 5948 
11731 5902 5903 5949 
11732 5903 5950 5949 
11733 5903 5904 5950 
11734 5904 5951 5950 
11735 5904 5905 5951 
11736 5905 5952 5951 
11737 5905 5906 5952 
11738 5906 5953 5952 
11739 5906 5907 5953 
11740 5907 5954 5953 
11741 5907 5908 5954 
11742 5908 5955 5954 
11743 5908 5909 5955 
11744 5909 5956 5955 
11745 5909 5910 5956 
11746 5910 5957 5956 
11747 5910 5911 5957 
11748 5911 5958 5957 
11749 5911 5912 5958 
11750 5912 5959 5958 
11751 5912 5913 5959 
11752 5913 5960 5959 
11753 5913 5914 5960 
11754 5914 5961 5960 
11755 5914 5915 5961 
11756 5915 5962 5961 
11757 5915 5916 5962 
11758 5916 5963 5962 
11759 5916 5917 5963 
11760 5917 5964 5963 
11761 5917 5918 5964 
11762 5918 5965 5964 
11763 5918 5919 5965 
11764 5919 5966 5965 
11765 5919 5920 5966 
11766 5920 5967 5966 
11767 5920 5921 5967 
11768 5921 5968 5967 
11769 5921 5922 5968 
11770 5922 5969 5968 
11771 5922 5923 5969 
11772 5923 5970 5969 
11773 5923 5924 5970 
11774 5924 5971 5970 
11775 5924 516 5971 
11776 516 517 5971 
11777 322 5925 323 
11778 5925 5972 323 
11779 5925 5926 5972 
11780 5926 5973 5972 
11781 5926 5927 5973 
11782 5927 5974 5973 
11783 5927 5928 5974 
11784 5928 5975 5974 
11785 5928 5929 5975 
11786 5929 5976 5975 
11787 5929 5930 5976 
11788 5930 5977 5976 
11789 5930 5931 5977 
11790 5931 5978 5977 
11791 5931 5932 5978 
11792 5932 5979 5978 
11793 5932 5933 5979 
11794 5933 5980 5979 
11795 5933 5934 5980 
11796 5934 5981 5980 
11797 5934 5935 5981 
11798 5935 5982 5981 
11799 5935 5936 5982 
11800 5936 5983 5982 
11801 5936 5937 5983 
11802 5937 5984 5983 
11803 5937 5938 5984 
11804 5938 5985 5984 
11805 5938 5939 5985 
11806 5939 5986 5985 
11807 5939 5940 5986 
11808 5940 5987 5986 
11809 5940 5941 5987 
11810 5941 5988 5987 
11811 5941 5942 5988 
11812 5942 5989 5988 
11813 5942 5943 5989 
11814 5943 5990 5989 
11815 5943 5944 5990 
11816 5944 5991 5990 
11817 5944 5945 5991 
11818 5945 5992 5991 
11819 5945 5946 5992 
11820 5946 5993 5992 
11821 5946 5947 5993 
11822 5947 5994 5993 
11823 5947 5948 5994 
11824 5948 5995 5994 
11825 5948 5949 5995 
11826 5949 5996 5995 
11827 5949 5950 5996 
11828 5950 5997 5996 
11829 5950 5951 5997 
11830 5951 5998 5997 
11831 5951 5952 5998 
11832 5952 5999 5998 
11833 5952 5953 5999 
11834 5953 6000 5999 
11835 5953 5954 6000 
11836 5954 6001 6000 
11837 5954 5955 6001 
11838 5955 6002 6001 
11839 5955 5956 6002 
11840 5956 6003 6002 
11841 5956 5957 6003 
11842 5957 6004 6003 
11843 5957 5958 6004 
11844 5958 6005 6004 
11845 5958 5959 6005 
11846 5959 6006 6005 
11847 5959 5960 6006 
11848 5960 6007 6006 
11849 5960 5961 6007 
11850 5961 6008 6007 
11851 5961 5962 6008 
11852 5962 6009 6008 
11853 5962 5963 6009 
11854 5963 6010 6009 
11855 5963 5964 6010 
11856 5964 6011 6010 
11857 5964 5965 6011 
11858 5965 6012 6011 
11859 5965 5966 6012 
11860 5966 6013 6012 
11861 5966 5967 6013 
11862 5967 6014 6013 
11863 5967 5968 6014 
11864 5968 6015 6014 
11865 5968 5969 6015 
11866 5969 6016 6015 
11867 5969 5970 6016 
11868 5970 6017 6016 
11869 5970 5971 6017 
11870 5971 6018 6017 
11871 5971 517 6018 
11872 517 518 6018 
11873 323 5972 324 
11874 5972 6019 324 
11875 5972 5973 6019 
11876 5973 6020 6019 
11877 5973 5974 6020 
11878 5974 6021 6020 
11879 5974 5975 6021 
11880 5975 6022 6021 
11881 5975 5976 6022 
11882 5976 6023 6022 
11883 5976 5977 6023 
11884 5977 6024 6023 
11885 5977 5978 6024 
11886 5978 6025 6024 
11887 5978 5979 6025 
11888 5979 6026 6025 
11889 5979 5980 6026 
11890 5980 6027 6026 
11891 5980 5981 6027 
11892 5981 6028 6027 
11893 5981 5982 6028 
11894 5982 6029 6028 
11895 5982 5983 6029 
11896 5983 6030 6029 
11897 5983 5984 6030 
11898 5984 6031 6030 
11899 5984 5985 6031 
11900 5985 6032 6031 
11901 5985 5986 6032 
11902 5986 6033 6032 
11903 5986 5987 6033 
11904 5987 6034 6033 
11905 5987 5988 6034 
11906 5988 6035 6034 
11907 5988 5989 6035 
11908 5989 6036 6035 
11909 5989 5990 6036 
11910 5990 6037 6036 
11911 5990 5991 6037 
11912 5991 6038 6037 
11913 5991 5992 6038 
11914 5992 6039 6038 
11915 5992 5993 6039 
11916 5993 6040 6039 
11917 5993 5994 6040 
11918 5994 6041 6040 
11919 5994 5995 6041 
11920 5995 6042 6041 
11921 5995 5996 6042 
11922 5996 6043 6042 
11923 5996 5997 6043 
11924 5997 6044 6043 
11925 5997 5998 6044 
11926 5998 6045 6044 
11927 5998 5999 6045 
11928 5999 6046 6045 
11929 5999 6000 6046 
11930 6000 6047 6046 
11931 6000 6001 6047 
11932 6001 6048 6047 
11933 6001 6002 6048 
11934 6002 6049 6048 
11935 6002 6003 6049 
11936 6003 6050 6049 
11937 6003 6004 6050 
11938 6004 6051 6050 
11939 6004 6005 6051 
11940 6005 6052 6051 
11941 6005 6006 6052 
11942 6006 6053 6052 
11943 6006 6007 6053 
11944 6007 6054 6053 
11945 6007 6008 6054 
11946 6008 6055 6054 
11947 6008 6009 6055 
11948 6009 6056 6055 
11949 6009 6010 6056 
11950 6010 6057 6056 
11951 6010 6011 6057 
11952 6011 6058 6057 
11953 6011 6012 6058 
11954 6012 6059 6058 
11955 6012 6013 6059 
11956 6013 6060 6059 
11957 6013 6014 6060 
11958 6014 6061 6060 
11959 6014 6015 6061 
11960 6015 6062 6061 
11961 6015 6016 6062 
11962 6016 6063 6062 
11963 6016 6017 6063 
11964 6017 6064 6063 
11965 6017 6018 6064 
11966 6018 6065 6064 
11967 6018 518 6065 
11968 518 519 6065 
11969 324 6019 325 
11970 6019 6066 325 
11971 6019 6020 6066 
11972 6020 6067 6066 
11973 6020 6021 6067 
11974 6021 6068 6067 
11975 6021 6022 6068 
11976 6022 6069 6068 
11977 6022 6023 6069 
11978 6023 6070 6069 
11979 6023 6024 6070 
11980 6024 6071 6070 
11981 6024 6025 6071 
11982 6025 6072 6071 
11983 6025 6026 6072 
11984 6026 6073 6072 
11985 6026 6027 6073 
11986 6027 6074 6073 
11987 6027 6028 6074 
11988 6028 6075 6074 
11989 6028 6029 6075 
11990 6029 6076 6075 
11991 6029 6030 6076 
11992 6030 6077 6076 
11993 6030 6031 6077 
11994 6031 6078 6077 
11995 6031 6032 6078 
11996 6032 6079 6078 
11997 6032 6033 6079 
11998 6033 6080 6079 
11999 6033 6034 6080 
12000 6034 6081 6080 
12001 6034 6035 6081 
12002 6035 6082 6081 
12003 6035 6036 6082 
12004 6036 6083 6082 
12005 6036 6037 6083 
12006 6037 6084 6083 
12007 6037 6038 6084 
12008 6038 6085 6084 
12009 6038 6039 6085 
12010 6039 6086 6085 
12011 6039 6040 6086 
12012 6040 6087 6086 
12013 6040 6041 6087 
12014 6041 6088 6087 
12015 6041 6042 6088 
12016 6042 6089 6088 
12017 6042 6043 6089 
12018 6043 6090 6089 
12019 6043 6044 6090 
12020 6044 6091 6090 
12021 6044 6045 6091 
12022 6045 6092 6091 
12023 6045 6046 6092 
12024 6046 6093 6092 
12025 6046 6047 6093 
12026 6047 6094 6093 
12027 6047 6048 6094 
12028 6048 6095 6094 
12029 6048 6049 6095 
12030 6049 6096 6095 
12031 6049 6050 6096 
12032 6050 6097 6096 
12033 6050 6051 6097 
12034 6051 6098 6097 
12035 6051 6052 6098 
12036 6052 6099 6098 
12037 6052 6053 6099 
12038 6053 6100 6099 
12039 6053 6054 6100 
12040 6054 6101 6100 
12041 6054 6055 6101 
12042 6055 6102 6101 
12043 6055 6056 6102 
12044 6056 6103 6102 
12045 6056 6057 6103 
12046 6057 6104 6103 
12047 6057 6058 6104 
12048 6058 6105 6104 
12049 6058 6059 6105 
12050 6059 6106 6105 
12051 6059 6060 6106 
12052 6060 6107 6106 
12053 6060 6061 6107 
12054 6061 6108 6107 
12055 6061 6062 6108 
12056 6062 6109 6108 
12057 6062 6063 6109 
12058 6063 6110 6109 
12059 6063 6064 6110 
12060 6064 6111 6110 
12061 6064 6065 6111 
12062 6065 6112 6111 
12063 6065 519 6112 
12064 519 520 6112 
12065 325 6066 326 
12066 6066 6113 326 
12067 6066 6067 6113 
12068 6067 6114 6113 
12069 6067 6068 6114 
12070 6068 6115 6114 
12071 6068 6069 6115 
12072 6069 6116 6115 
12073 6069 6070 6116 
12074 6070 6117 6116 
12075 6070 6071 6117 
12076 6071 6118 6117 
12077 6071 6072 6118 
12078 6072 6119 6118 
12079 6072 6073 6119 
12080 6073 6120 6119 
12081 6073 6074 6120 
12082 6074 6121 6120 
12083 6074 6075 6121 
12084 6075 6122 6121 
12085 6075 6076 6122 
12086 6076 6123 6122 
12087 6076 6077 6123 
12088 6077 6124 6123 
12089 6077 6078 6124 
12090 6078 6125 6124 
12091 6078 6079 6125 
12092 6079 6126 6125 
12093 6079 6080 6126 
12094 6080 6127 6126 
12095 6080 6081 6127 
12096 6081 6128 6127 
12097 6081 6082 6128 
12098 6082 6129 6128 
12099 6082 6083 6129 
12100 6083 6130 6129 
12101 6083 6084 6130 
12102 6084 6131 6130 
12103 6084 6085 6131 
12104 6085 6132 6131 
12105 6085 6086 6132 
12106 6086 6133 6132 
12107 6086 6087 6133 
12108 6087 6134 6133 
12109 6087 6088 6134 
12110 6088 6135 6134 
12111 6088 6089 6135 
12112 6089 6136 6135 
12113 6089 6090 6136 
12114 6090 6137 6136 
12115 6090 6091 6137 
12116 6091 6138 6137 
12117 6091 6092 6138 
12118 6092 6139 6138 
12119 6092 6093 6139 
12120 6093 6140 6139 
12121 6093 6094 6140 
12122 6094 6141 6140 
12123 6094 6095 6141 
12124 6095 6142 6141 
12125 6095 6096 6142 
12126 6096 6143 6142 
12127 6096 6097 6143 
12128 6097 6144 6143 
12129 6097 6098 6144 
12130 6098 6145 6144 
12131 6098 6099 6145 
12132 6099 6146 6145 
12133 6099 6100 6146 
12134 6100 6147 6146 
12135 6100 6101 6147 
12136 6101 6148 6147 
12137 6101 6102 6148 
12138 6102 6149 6148 
12139 6102 6103 6149 
12140 6103 6150 6149 
12141 6103 6104 6150 
12142 6104 6151 6150 
12143 6104 6105 6151 
12144 6105 6152 6151 
12145 6105 6106 6152 
12146 6106 6153 6152 
12147 6106 6107 6153 
12148 6107 6154 6153 
12149 6107 6108 6154 
12150 6108 6155 6154 
12151 6108 6109 6155 
12152 6109 6156 6155 
12153 6109 6110 6156 
12154 6110 6157 6156 
12155 6110 6111 6157 
12156 6111 6158 6157 
12157 6111 6112 6158 
12158 6112 6159 6158 
12159 6112 520 6159 
12160 520 521 6159 
12161 326 6113 327 
12162 6113 6160 327 
12163 6113 6114 6160 
12164 6114 6161 6160 
12165 6114 6115 6161 
12166 6115 6162 6161 
12167 6115 6116 6162 
12168 6116 6163 6162 
12169 6116 6117 6163 
12170 6117 6164 6163 
12171 6117 6118 6164 
12172 6118 6165 6164 
12173 6118 6119 6165 
12174 6119 6166 6165 
12175 6119 6120 6166 
12176 6120 6167 6166 
12177 6120 6121 6167 
12178 6121 6168 6167 
12179 6121 6122 6168 
12180 6122 6169 6168 
12181 6122 6123 6169 
12182 6123 6170 6169 
12183 6123 6124 6170 
12184 6124 6171 6170 
12185 6124 6125 6171 
12186 6125 6172 6171 
12187 6125 6126 6172 
12188 6126 6173 6172 
12189 6126 6127 6173 
12190 6127 6174 6173 
12191 6127 6128 6174 
12192 6128 6175 6174 
12193 6128 6129 6175 
12194 6129 6176 6175 
12195 6129 6130 6176 
12196 6130 6177 6176 
12197 6130 6131 6177 
12198 6131 6178 6177 
12199 6131 6132 6178 
12200 6132 6179 6178 
12201 6132 6133 6179 
12202 6133 6180 6179 
12203 6133 6134 6180 
12204 6134 6181 6180 
12205 6134 6135 6181 
12206 6135 6182 6181 
12207 6135 6136 6182 
12208 6136 6183 6182 
12209 6136 6137 6183 
12210 6137 6184 6183 
12211 6137 6138 6184 
12212 6138 6185 6184 
12213 6138 6139 6185 
12214 6139 6186 6185 
12215 6139 6140 6186 
12216 6140 6187 6186 
12217 6140 6141 6187 
12218 6141 6188 6187 
12219 6141 6142 6188 
12220 6142 6189 6188 
12221 6142 6143 6189 
12222 6143 6190 6189 
12223 6143 6144 6190 
12224 6144 6191 6190 
12225 6144 6145 6191 
12226 6145 6192 6191 
12227 6145 6146 6192 
12228 6146 6193 6192 
12229 6146 6147 6193 
12230 6147 6194 6193 
12231 6147 6148 6194 
12232 6148 6195 6194 
12233 6148 6149 6195 
12234 6149 6196 6195 
12235 6149 6150 6196 
12236 6150 6197 6196 
12237 6150 6151 6197 
12238 6151 6198 6197 
12239 6151 6152 6198 
12240 6152 6199 6198 
12241 6152 6153 6199 
12242 6153 6200 6199 
12243 6153 6154 6200 
12244 6154 6201 6200 
12245 6154 6155 6201 
12246 6155 6202 6201 
12247 6155 6156 6202 
12248 6156 6203 6202 
12249 6156 6157 6203 
12250 6157 6204 6203 
12251 6157 6158 6204 
12252 6158 6205 6204 
12253 6158 6159 6205 
12254 6159 6206 6205 
12255 6159 521 6206 
12256 521 522 6206 
12257 327 6160 328 
12258 6160 6207 328 
12259 6160 6161 6207 
12260 6161 6208 6207 
12261 6161 6162 6208 
12262 6162 6209 6208 
12263 6162 6163 6209 
12264 6163 6210 6209 
12265 6163 6164 6210 
12266 6164 6211 6210 
12267 6164 6165 6211 
12268 6165 6212 6211 
12269 6165 6166 6212 
12270 6166 6213 6212 
12271 6166 6167 6213 
12272 6167 6214 6213 
12273 6167 6168 6214 
12274 6168 6215 6214 
12275 6168 6169 6215 
12276 6169 6216 6215 
12277 6169 6170 6216 
12278 6170 6217 6216 
12279 6170 6171 6217 
12280 6171 6218 6217 
12281 6171 6172 6218 
12282 6172 6219 6218 
12283 6172 6173 6219 
12284 6173 6220 6219 
12285 6173 6174 6220 
12286 6174 6221 6220 
12287 6174 6175 6221 
12288 6175 6222 6221 
12289 6175 6176 6222 
12290 6176 6223 6222 
12291 6176 6177 6223 
12292 6177 6224 6223 
12293 6177 6178 6224 
12294 6178 6225 6224 
12295 6178 6179 6225 
12296 6179 6226 6225 
12297 6179 6180 6226 
12298 6180 6227 6226 
12299 6180 6181 6227 
12300 6181 6228 6227 
12301 6181 6182 6228 
12302 6182 6229 6228 
12303 6182 6183 6229 
12304 6183 6230 6229 
12305 6183 6184 6230 
12306 6184 6231 6230 
12307 6184 6185 6231 
12308 6185 6232 6231 
12309 6185 6186 6232 
12310 6186 6233 6232 
12311 6186 6187 6233 
12312 6187 6234 6233 
12313 6187 6188 6234 
12314 6188 6235 6234 
12315 6188 6189 6235 
12316 6189 6236 6235 
12317 6189 6190 6236 
12318 6190 6237 6236 
12319 6190 6191 6237 
12320 6191 6238 6237 
12321 6191 6192 6238 
12322 6192 6239 6238 
12323 6192 6193 6239 
12324 6193 6240 6239 
12325 6193 6194 6240 
12326 6194 6241 6240 
12327 6194 6195 6241 
12328 6195 6242 6241 
12329 6195 6196 6242 
12330 6196 6243 6242 
12331 6196 6197 6243 
12332 6197 6244 6243 
12333 6197 6198 6244 
12334 6198 6245 6244 
12335 6198 6199 6245 
12336 6199 6246 6245 
12337 6199 6200 6246 
12338 6200 6247 6246 
12339 6200 6201 6247 
12340 6201 6248 6247 
12341 6201 6202 6248 
12342 6202 6249 6248 
12343 6202 6203 6249 
12344 6203 6250 6249 
12345 6203 6204 6250 
12346 6204 6251 6250 
12347 6204 6205 6251 
12348 6205 6252 6251 
12349 6205 6206 6252 
12350 6206 6253 6252 
12351 6206 522 6253 
12352 522 523 6253 
12353 328 6207 329 
12354 6207 6254 329 
12355 6207 6208 6254 
12356 6208 6255 6254 
12357 6208 6209 6255 
12358 6209 6256 6255 
12359 6209 6210 6256 
12360 6210 6257 6256 
12361 6210 6211 6257 
12362 6211 6258 6257 
12363 6211 6212 6258 
12364 6212 6259 6258 
12365 6212 6213 6259 
12366 6213 6260 6259 
12367 6213 6214 6260 
12368 6214 6261 6260 
12369 6214 6215 6261 
12370 6215 6262 6261 
12371 6215 6216 6262 
12372 6216 6263 6262 
12373 6216 6217 6263 
12374 6217 6264 6263 
12375 6217 6218 6264 
12376 6218 6265 6264 
12377 6218 6219 6265 
12378 6219 6266 6265 
12379 6219 6220 6266 
12380 6220 6267 6266 
12381 6220 6221 6267 
12382 6221 6268 6267 
12383 6221 6222 6268 
12384 6222 6269 6268 
12385 6222 6223 6269 
12386 6223 6270 6269 
12387 6223 6224 6270 
12388 6224 6271 6270 
12389 6224 6225 6271 
12390 6225 6272 6271 
12391 6225 6226 6272 
12392 6226 6273 6272 
12393 6226 6227 6273 
12394 6227 6274 6273 
12395 6227 6228 6274 
12396 6228 6275 6274 
12397 6228 6229 6275 
12398 6229 6276 6275 
12399 6229 6230 6276 
12400 6230 6277 6276 
12401 6230 6231 6277 
12402 6231 6278 6277 
12403 6231 6232 6278 
12404 6232 6279 6278 
12405 6232 6233 6279 
12406 6233 6280 6279 
12407 6233 6234 6280 
12408 6234 6281 6280 
12409 6234 6235 6281 
12410 6235 6282 6281 
12411 6235 6236 6282 
12412 6236 6283 6282 
12413 6236 6237 6283 
12414 6237 6284 6283 
12415 6237 6238 6284 
12416 6238 6285 6284 
12417 6238 6239 6285 
12418 6239 6286 6285 
12419 6239 6240 6286 
12420 6240 6287 6286 
12421 6240 6241 6287 
12422 6241 6288 6287 
12423 6241 6242 6288 
12424 6242 6289 6288 
12425 6242 6243 6289 
12426 6243 6290 6289 
12427 6243 6244 6290 
12428 6244 6291 6290 
12429 6244 6245 6291 
12430 6245 6292 6291 
12431 6245 6246 6292 
12432 6246 6293 6292 
12433 6246 6247 6293 
12434 6247 6294 6293 
12435 6247 6248 6294 
12436 6248 6295 6294 
12437 6248 6249 6295 
12438 6249 6296 6295 
12439 6249 6250 6296 
12440 6250 6297 6296 
12441 6250 6251 6297 
12442 6251 6298 6297 
12443 6251 6252 6298 
12444 6252 6299 6298 
12445 6252 6253 6299 
12446 6253 6300 6299 
12447 6253 523 6300 
12448 523 524 6300 
12449 329 6254 330 
12450 6254 6301 330 
12451 6254 6255 6301 
12452 6255 6302 6301 
12453 6255 6256 6302 
12454 6256 6303 6302 
12455 6256 6257 6303 
12456 6257 6304 6303 
12457 6257 6258 6304 
12458 6258 6305 6304 
12459 6258 6259 6305 
12460 6259 6306 6305 
12461 6259 6260 6306 
12462 6260 6307 6306 
12463 6260 6261 6307 
12464 6261 6308 6307 
12465 6261 6262 6308 
12466 6262 6309 6308 
12467 6262 6263 6309 
12468 6263 6310 6309 
12469 6263 6264 6310 
12470 6264 6311 6310 
12471 6264 6265 6311 
12472 6265 6312 6311 
12473 6265 6266 6312 
12474 6266 6313 6312 
12475 6266 6267 6313 
12476 6267 6314 6313 
12477 6267 6268 6314 
12478 6268 6315 6314 
12479 6268 6269 6315 
12480 6269 6316 6315 
12481 6269 6270 6316 
12482 6270 6317 6316 
12483 6270 6271 6317 
12484 6271 6318 6317 
12485 6271 6272 6318 
12486 6272 6319 6318 
12487 6272 6273 6319 
12488 6273 6320 6319 
12489 6273 6274 6320 
12490 6274 6321 6320 
12491 6274 6275 6321 
12492 6275 6322 6321 
12493 6275 6276 6322 
12494 6276 6323 6322 
12495 6276 6277 6323 
12496 6277 6324 6323 
12497 6277 6278 6324 
12498 6278 6325 6324 
12499 6278 6279 6325 
12500 6279 6326 6325 
12501 6279 6280 6326 
12502 6280 6327 6326 
12503 6280 6281 6327 
12504 6281 6328 6327 
12505 6281 6282 6328 
12506 6282 6329 6328 
12507 6282 6283 6329 
12508 6283 6330 6329 
12509 6283 6284 6330 
12510 6284 6331 6330 
12511 6284 6285 6331 
12512 6285 6332 6331 
12513 6285 6286 6332 
12514 6286 6333 6332 
12515 6286 6287 6333 
12516 6287 6334 6333 
12517 6287 6288 6334 
12518 6288 6335 6334 
12519 6288 6289 6335 
12520 6289 6336 6335 
12521 6289 6290 6336 
12522 6290 6337 6336 
12523 6290 6291 6337 
12524 6291 6338 6337 
12525 6291 6292 6338 
12526 6292 6339 6338 
12527 6292 6293 6339 
12528 6293 6340 6339 
12529 6293 6294 6340 
12530 6294 6341 6340 
12531 6294 6295 6341 
12532 6295 6342 6341 
12533 6295 6296 6342 
12534 6296 6343 6342 
12535 6296 6297 6343 
12536 6297 6344 6343 
12537 6297 6298 6344 
12538 6298 6345 6344 
12539 6298 6299 6345 
12540 6299 6346 6345 
12541 6299 6300 6346 
12542 6300 6347 6346 
12543 6300 524 6347 
12544 524 525 6347 
12545 330 6301 331 
12546 6301 6348 331 
12547 6301 6302 6348 
12548 6302 6349 6348 
12549 6302 6303 6349 
12550 6303 6350 6349 
12551 6303 6304 6350 
12552 6304 6351 6350 
12553 6304 6305 6351 
12554 6305 6352 6351 
12555 6305 6306 6352 
12556 6306 6353 6352 
12557 6306 6307 6353 
12558 6307 6354 6353 
12559 6307 6308 6354 
12560 6308 6355 6354 
12561 6308 6309 6355 
12562 6309 6356 6355 
12563 6309 6310 6356 
12564 6310 6357 6356 
12565 6310 6311 6357 
12566 6311 6358 6357 
12567 6311 6312 6358 
12568 6312 6359 6358 
12569 6312 6313 6359 
12570 6313 6360 6359 
12571 6313 6314 6360 
12572 6314 6361 6360 
12573 6314 6315 6361 
12574 6315 6362 6361 
12575 6315 6316 6362 
12576 6316 6363 6362 
12577 6316 6317 6363 
12578 6317 6364 6363 
12579 6317 6318 6364 
12580 6318 6365 6364 
12581 6318 6319 6365 
12582 6319 6366 6365 
12583 6319 6320 6366 
12584 6320 6367 6366 
12585 6320 6321 6367 
12586 6321 6368 6367 
12587 6321 6322 6368 
12588 6322 6369 6368 
12589 6322 6323 6369 
12590 6323 6370 6369 
12591 6323 6324 6370 
12592 6324 6371 6370 
12593 6324 6325 6371 
12594 6325 6372 6371 
12595 6325 6326 6372 
12596 6326 6373 6372 
12597 6326 6327 6373 
12598 6327 6374 6373 
12599 6327 6328 6374 
12600 6328 6375 6374 
12601 6328 6329 6375 
12602 6329 6376 6375 
12603 6329 6330 6376 
12604 6330 6377 6376 
12605 6330 6331 6377 
12606 6331 6378 6377 
12607 6331 6332 6378 
12608 6332 6379 6378 
12609 6332 6333 6379 
12610 6333 6380 6379 
12611 6333 6334 6380 
12612 6334 6381 6380 
12613 6334 6335 6381 
12614 6335 6382 6381 
12615 6335 6336 6382 
12616 6336 6383 6382 
12617 6336 6337 6383 
12618 6337 6384 6383 
12619 6337 6338 6384 
12620 6338 6385 6384 
12621 6338 6339 6385 
12622 6339 6386 6385 
12623 6339 6340 6386 
12624 6340 6387 6386 
12625 6340 6341 6387 
12626 6341 6388 6387 
12627 6341 6342 6388 
12628 6342 6389 6388 
12629 6342 6343 6389 
12630 6343 6390 6389 
12631 6343 6344 6390 
12632 6344 6391 6390 
12633 6344 6345 6391 
12634 6345 6392 6391 
12635 6345 6346 6392 
12636 6346 6393 6392 
12637 6346 6347 6393 
12638 6347 6394 6393 
12639 6347 525 6394 
12640 525 526 6394 
12641 331 6348 332 
12642 6348 6395 332 
12643 6348 6349 6395 
12644 6349 6396 6395 
12645 6349 6350 6396 
12646 6350 6397 6396 
12647 6350 6351 6397 
12648 6351 6398 6397 
12649 6351 6352 6398 
12650 6352 6399 6398 
12651 6352 6353 6399 
12652 6353 6400 6399 
12653 6353 6354 6400 
12654 6354 6401 6400 
12655 6354 6355 6401 
12656 6355 6402 6401 
12657 6355 6356 6402 
12658 6356 6403 6402 
12659 6356 6357 6403 
12660 6357 6404 6403 
12661 6357 6358 6404 
12662 6358 6405 6404 
12663 6358 6359 6405 
12664 6359 6406 6405 
12665 6359 6360 6406 
12666 6360 6407 6406 
12667 6360 6361 6407 
12668 6361 6408 6407 
12669 6361 6362 6408 
12670 6362 6409 6408 
12671 6362 6363 6409 
12672 6363 6410 6409 
12673 6363 6364 6410 
12674 6364 6411 6410 
12675 6364 6365 6411 
12676 6365 6412 6411 
12677 6365 6366 6412 
12678 6366 6413 6412 
12679 6366 6367 6413 
12680 6367 6414 6413 
12681 6367 6368 6414 
12682 6368 6415 6414 
12683 6368 6369 6415 
12684 6369 6416 6415 
12685 6369 6370 6416 
12686 6370 6417 6416 
12687 6370 6371 6417 
12688 6371 6418 6417 
12689 6371 6372 6418 
12690 6372 6419 6418 
12691 6372 6373 6419 
12692 6373 6420 6419 
12693 6373 6374 6420 
12694 6374 6421 6420 
12695 6374 6375 6421 
12696 6375 6422 6421 
12697 6375 6376 6422 
12698 6376 6423 6422 
12699 6376 6377 6423 
12700 6377 6424 6423 
12701 6377 6378 6424 
12702 6378 6425 6424 
12703 6378 6379 6425 
12704 6379 6426 6425 
12705 6379 6380 6426 
12706 6380 6427 6426 
12707 6380 6381 6427 
12708 6381 6428 6427 
12709 6381 6382 6428 
12710 6382 6429 6428 
12711 6382 6383 6429 
12712 6383 6430 6429 
12713 6383 6384 6430 
12714 6384 6431 6430 
12715 6384 6385 6431 
12716 6385 6432 6431 
12717 6385 6386 6432 
12718 6386 6433 6432 
12719 6386 6387 6433 
12720 6387 6434 6433 
12721 6387 6388 6434 
12722 6388 6435 6434 
12723 6388 6389 6435 
12724 6389 6436 6435 
12725 6389 6390 6436 
12726 6390 6437 6436 
12727 6390 6391 6437 
12728 6391 6438 6437 
12729 6391 6392 6438 
12730 6392 6439 6438 
12731 6392 6393 6439 
12732 6393 6440 6439 
12733 6393 6394 6440 
12734 6394 6441 6440 
12735 6394 526 6441 
12736 526 527 6441 
12737 332 6395 333 
12738 6395 6442 333 
12739 6395 6396 6442 
12740 6396 6443 6442 
12741 6396 6397 6443 
12742 6397 6444 6443 
12743 6397 6398 6444 
12744 6398 6445 6444 
12745 6398 6399 6445 
12746 6399 6446 6445 
12747 6399 6400 6446 
12748 6400 6447 6446 
12749 6400 6401 6447 
12750 6401 6448 6447 
12751 6401 6402 6448 
12752 6402 6449 6448 
12753 6402 6403 6449 
12754 6403 6450 6449 
12755 6403 6404 6450 
12756 6404 6451 6450 
12757 6404 6405 6451 
12758 6405 6452 6451 
12759 6405 6406 6452 
12760 6406 6453 6452 
12761 6406 6407 6453 
12762 6407 6454 6453 
12763 6407 6408 6454 
12764 6408 6455 6454 
12765 6408 6409 6455 
12766 6409 6456 6455 
12767 6409 6410 6456 
12768 6410 6457 6456 
12769 6410 6411 6457 
12770 6411 6458 6457 
12771 6411 6412 6458 
12772 6412 6459 6458 
12773 6412 6413 6459 
12774 6413 6460 6459 
12775 6413 6414 6460 
12776 6414 6461 6460 
12777 6414 6415 6461 
12778 6415 6462 6461 
12779 6415 6416 6462 
12780 6416 6463 6462 
12781 6416 6417 6463 
12782 6417 6464 6463 
12783 6417 6418 6464 
12784 6418 6465 6464 
12785 6418 6419 6465 
12786 6419 6466 6465 
12787 6419 6420 6466 
12788 6420 6467 6466 
12789 6420 6421 6467 
12790 6421 6468 6467 
12791 6421 6422 6468 
12792 6422 6469 6468 
12793 6422 6423 6469 
12794 6423 6470 6469 
12795 6423 6424 6470 
12796 6424 6471 6470 
12797 6424 6425 6471 
12798 6425 6472 6471 
12799 6425 6426 6472 
12800 6426 6473 6472 
12801 6426 6427 6473 
12802 6427 6474 6473 
12803 6427 6428 6474 
12804 6428 6475 6474 
12805 6428 6429 6475 
12806 6429 6476 6475 
12807 6429 6430 6476 
12808 6430 6477 6476 
12809 6430 6431 6477 
12810 6431 6478 6477 
12811 6431 6432 6478 
12812 6432 6479 6478 
12813 6432 6433 6479 
12814 6433 6480 6479 
12815 6433 6434 6480 
12816 6434 6481 6480 
12817 6434 6435 6481 
12818 6435 6482 6481 
12819 6435 6436 6482 
12820 6436 6483 6482 
12821 6436 6437 6483 
12822 6437 6484 6483 
12823 6437 6438 6484 
12824 6438 6485 6484 
12825 6438 6439 6485 
12826 6439 6486 6485 
12827 6439 6440 6486 
12828 6440 6487 6486 
12829 6440 6441 6487 
12830 6441 6488 6487 
12831 6441 527 6488 
12832 527 528 6488 
12833 333 6442 334 
12834 6442 6489 334 
12835 6442 6443 6489 
12836 6443 6490 6489 
12837 6443 6444 6490 
12838 6444 6491 6490 
12839 6444 6445 6491 
12840 6445 6492 6491 
12841 6445 6446 6492 
12842 6446 6493 6492 
12843 6446 6447 6493 
12844 6447 6494 6493 
12845 6447 6448 6494 
12846 6448 6495 6494 
12847 6448 6449 6495 
12848 6449 6496 6495 
12849 6449 6450 6496 
12850 6450 6497 6496 
12851 6450 6451 6497 
12852 6451 6498 6497 
12853 6451 6452 6498 
12854 6452 6499 6498 
12855 6452 6453 6499 
12856 6453 6500 6499 
12857 6453 6454 6500 
12858 6454 6501 6500 
12859 6454 6455 6501 
12860 6455 6502 6501 
12861 6455 6456 6502 
12862 6456 6503 6502 
12863 6456 6457 6503 
12864 6457 6504 6503 
12865 6457 6458 6504 
12866 6458 6505 6504 
12867 6458 6459 6505 
12868 6459 6506 6505 
12869 6459 6460 6506 
12870 6460 6507 6506 
12871 6460 6461 6507 
12872 6461 6508 6507 
12873 6461 6462 6508 
12874 6462 6509 6508 
12875 6462 6463 6509 
12876 6463 6510 6509 
12877 6463 6464 6510 
12878 6464 6511 6510 
12879 6464 6465 6511 
12880 6465 6512 6511 
12881 6465 6466 6512 
12882 6466 6513 6512 
12883 6466 6467 6513 
12884 6467 6514 6513 
12885 6467 6468 6514 
12886 6468 6515 6514 
12887 6468 6469 6515 
12888 6469 6516 6515 
12889 6469 6470 6516 
12890 6470 6517 6516 
12891 6470 6471 6517 
12892 6471 6518 6517 
12893 6471 6472 6518 
12894 6472 6519 6518 
12895 6472 6473 6519 
12896 6473 6520 6519 
12897 6473 6474 6520 
12898 6474 6521 6520 
12899 6474 6475 6521 
12900 6475 6522 6521 
12901 6475 6476 6522 
12902 6476 6523 6522 
12903 6476 6477 6523 
12904 6477 6524 6523 
12905 6477 6478 6524 
12906 6478 6525 6524 
12907 6478 6479 6525 
12908 6479 6526 6525 
12909 6479 6480 6526 
12910 6480 6527 6526 
12911 6480 6481 6527 
12912 6481 6528 6527 
12913 6481 6482 6528 
12914 6482 6529 6528 
12915 6482 6483 6529 
12916 6483 6530 6529 
12917 6483 6484 6530 
12918 6484 6531 6530 
12919 6484 6485 6531 
12920 6485 6532 6531 
12921 6485 6486 6532 
12922 6486 6533 6532 
12923 6486 6487 6533 
12924 6487 6534 6533 
12925 6487 6488 6534 
12926 6488 6535 6534 
12927 6488 528 6535 
12928 528 529 6535 
12929 334 6489 335 
12930 6489 6536 335 
12931 6489 6490 6536 
12932 6490 6537 6536 
12933 6490 6491 6537 
12934 6491 6538 6537 
12935 6491 6492 6538 
12936 6492 6539 6538 
12937 6492 6493 6539 
12938 6493 6540 6539 
12939 6493 6494 6540 
12940 6494 6541 6540 
12941 6494 6495 6541 
12942 6495 6542 6541 
12943 6495 6496 6542 
12944 6496 6543 6542 
12945 6496 6497 6543 
12946 6497 6544 6543 
12947 6497 6498 6544 
12948 6498 6545 6544 
12949 6498 6499 6545 
12950 6499 6546 6545 
12951 6499 6500 6546 
12952 6500 6547 6546 
12953 6500 6501 6547 
12954 6501 6548 6547 
12955 6501 6502 6548 
12956 6502 6549 6548 
12957 6502 6503 6549 
12958 6503 6550 6549 
12959 6503 6504 6550 
12960 6504 6551 6550 
12961 6504 6505 6551 
12962 6505 6552 6551 
12963 6505 6506 6552 
12964 6506 6553 6552 
12965 6506 6507 6553 
12966 6507 6554 6553 
12967 6507 6508 6554 
12968 6508 6555 6554 
12969 6508 6509 6555 
12970 6509 6556 6555 
12971 6509 6510 6556 
12972 6510 6557 6556 
12973 6510 6511 6557 
12974 6511 6558 6557 
12975 6511 6512 6558 
12976 6512 6559 6558 
12977 6512 6513 6559 
12978 6513 6560 6559 
12979 6513 6514 6560 
12980 6514 6561 6560 
12981 6514 6515 6561 
12982 6515 6562 6561 
12983 6515 6516 6562 
12984 6516 6563 6562 
12985 6516 6517 6563 
12986 6517 6564 6563 
12987 6517 6518 6564 
12988 6518 6565 6564 
12989 6518 6519 6565 
12990 6519 6566 6565 
12991 6519 6520 6566 
12992 6520 6567 6566 
12993 6520 6521 6567 
12994 6521 6568 6567 
12995 6521 6522 6568 
12996 6522 6569 6568 
12997 6522 6523 6569 
12998 6523 6570 6569 
12999 6523 6524 6570 
13000 6524 6571 6570 
13001 6524 6525 6571 
13002 6525 6572 6571 
13003 6525 6526 6572 
13004 6526 6573 6572 
13005 6526 6527 6573 
13006 6527 6574 6573 
13007 6527 6528 6574 
13008 6528 6575 6574 
13009 6528 6529 6575 
13010 6529 6576 6575 
13011 6529 6530 6576 
13012 6530 6577 6576 
13013 6530 6531 6577 
13014 6531 6578 6577 
13015 6531 6532 6578 
13016 6532 6579 6578 
13017 6532 6533 6579 
13018 6533 6580 6579 
13019 6533 6534 6580 
13020 6534 6581 6580 
13021 6534 6535 6581 
13022 6535 6582 6581 
13023 6535 529 6582 
13024 529 530 6582 
13025 335 6536 336 
13026 6536 6583 336 
13027 6536 6537 6583 
13028 6537 6584 6583 
13029 6537 6538 6584 
13030 6538 6585 6584 
13031 6538 6539 6585 
13032 6539 6586 6585 
13033 6539 6540 6586 
13034 6540 6587 6586 
13035 6540 6541 6587 
13036 6541 6588 6587 
13037 6541 6542 6588 
13038 6542 6589 6588 
13039 6542 6543 6589 
13040 6543 6590 6589 
13041 6543 6544 6590 
13042 6544 6591 6590 
13043 6544 6545 6591 
13044 6545 6592 6591 
13045 6545 6546 6592 
13046 6546 6593 6592 
13047 6546 6547 6593 
13048 6547 6594 6593 
13049 6547 6548 6594 
13050 6548 6595 6594 
13051 6548 6549 6595 
13052 6549 6596 6595 
13053 6549 6550 6596 
13054 6550 6597 6596 
13055 6550 6551 6597 
13056 6551 6598 6597 
13057 6551 6552 6598 
13058 6552 6599 6598 
13059 6552 6553 6599 
13060 6553 6600 6599 
13061 6553 6554 6600 
13062 6554 6601 6600 
13063 6554 6555 6601 
13064 6555 6602 6601 
13065 6555 6556 6602 
13066 6556 6603 6602 
13067 6556 6557 6603 
13068 6557 6604 6603 
13069 6557 6558 6604 
13070 6558 6605 6604 
13071 6558 6559 6605 
13072 6559 6606 6605 
13073 6559 6560 6606 
13074 6560 6607 6606 
13075 6560 6561 6607 
13076 6561 6608 6607 
13077 6561 6562 6608 
13078 6562 6609 6608 
13079 6562 6563 6609 
13080 6563 6610 6609 
13081 6563 6564 6610 
13082 6564 6611 6610 
13083 6564 6565 6611 
13084 6565 6612 6611 
13085 6565 6566 6612 
13086 6566 6613 6612 
13087 6566 6567 6613 
13088 6567 6614 6613 
13089 6567 6568 6614 
13090 6568 6615 6614 
13091 6568 6569 6615 
13092 6569 6616 6615 
13093 6569 6570 6616 
13094 6570 6617 6616 
13095 6570 6571 6617 
13096 6571 6618 6617 
13097 6571 6572 6618 
13098 6572 6619 6618 
13099 6572 6573 6619 
13100 6573 6620 6619 
13101 6573 6574 6620 
13102 6574 6621 6620 
13103 6574 6575 6621 
13104 6575 6622 6621 
13105 6575 6576 6622 
13106 6576 6623 6622 
13107 6576 6577 6623 
13108 6577 6624 6623 
13109 6577 6578 6624 
13110 6578 6625 6624 
13111 6578 6579 6625 
13112 6579 6626 6625 
13113 6579 6580 6626 
13114 6580 6627 6626 
13115 6580 6581 6627 
13116 6581 6628 6627 
13117 6581 6582 6628 
13118 6582 6629 6628 
13119 6582 530 6629 
13120 530 531 6629 
13121 336 6583 337 
13122 6583 6630 337 
13123 6583 6584 6630 
13124 6584 6631 6630 
13125 6584 6585 6631 
13126 6585 6632 6631 
13127 6585 6586 6632 
13128 6586 6633 6632 
13129 6586 6587 6633 
13130 6587 6634 6633 
13131 6587 6588 6634 
13132 6588 6635 6634 
13133 6588 6589 6635 
13134 6589 6636 6635 
13135 6589 6590 6636 
13136 6590 6637 6636 
13137 6590 6591 6637 
13138 6591 6638 6637 
13139 6591 6592 6638 
13140 6592 6639 6638 
13141 6592 6593 6639 
13142 6593 6640 6639 
13143 6593 6594 6640 
13144 6594 6641 6640 
13145 6594 6595 6641 
13146 6595 6642 6641 
13147 6595 6596 6642 
13148 6596 6643 6642 
13149 6596 6597 6643 
13150 6597 6644 6643 
13151 6597 6598 6644 
13152 6598 6645 6644 
13153 6598 6599 6645 
13154 6599 6646 6645 
13155 6599 6600 6646 
13156 6600 6647 6646 
13157 6600 6601 6647 
13158 6601 6648 6647 
13159 6601 6602 6648 
13160 6602 6649 6648 
13161 6602 6603 6649 
13162 6603 6650 6649 
13163 6603 6604 6650 
13164 6604 6651 6650 
13165 6604 6605 6651 
13166 6605 6652 6651 
13167 6605 6606 6652 
13168 6606 6653 6652 
13169 6606 6607 6653 
13170 6607 6654 6653 
13171 6607 6608 6654 
13172 6608 6655 6654 
13173 6608 6609 6655 
13174 6609 6656 6655 
13175 6609 6610 6656 
13176 6610 6657 6656 
13177 6610 6611 6657 
13178 6611 6658 6657 
13179 6611 6612 6658 
13180 6612 6659 6658 
13181 6612 6613 6659 
13182 6613 6660 6659 
13183 6613 6614 6660 
13184 6614 6661 6660 
13185 6614 6615 6661 
13186 6615 6662 6661 
13187 6615 6616 6662 
13188 6616 6663 6662 
13189 6616 6617 6663 
13190 6617 6664 6663 
13191 6617 6618 6664 
13192 6618 6665 6664 
13193 6618 6619 6665 
13194 6619 6666 6665 
13195 6619 6620 6666 
13196 6620 6667 6666 
13197 6620 6621 6667 
13198 6621 6668 6667 
13199 6621 6622 6668 
13200 6622 6669 6668 
13201 6622 6623 6669 
13202 6623 6670 6669 
13203 6623 6624 6670 
13204 6624 6671 6670 
13205 6624 6625 6671 
13206 6625 6672 6671 
13207 6625 6626 6672 
13208 6626 6673 6672 
13209 6626 6627 6673 
13210 6627 6674 6673 
13211 6627 6628 6674 
13212 6628 6675 6674 
13213 6628 6629 6675 
13214 6629 6676 6675 
13215 6629 531 6676 
13216 531 532 6676 
13217 337 6630 338 
13218 6630 6677 338 
13219 6630 6631 6677 
13220 6631 6678 6677 
13221 6631 6632 6678 
13222 6632 6679 6678 
13223 6632 6633 6679 
13224 6633 6680 6679 
13225 6633 6634 6680 
13226 6634 6681 6680 
13227 6634 6635 6681 
13228 6635 6682 6681 
13229 6635 6636 6682 
13230 6636 6683 6682 
13231 6636 6637 6683 
13232 6637 6684 6683 
13233 6637 6638 6684 
13234 6638 6685 6684 
13235 6638 6639 6685 
13236 6639 6686 6685 
13237 6639 6640 6686 
13238 6640 6687 6686 
13239 6640 6641 6687 
13240 6641 6688 6687 
13241 6641 6642 6688 
13242 6642 6689 6688 
13243 6642 6643 6689 
13244 6643 6690 6689 
13245 6643 6644 6690 
13246 6644 6691 6690 
13247 6644 6645 6691 
13248 6645 6692 6691 
13249 6645 6646 6692 
13250 6646 6693 6692 
13251 6646 6647 6693 
13252 6647 6694 6693 
13253 6647 6648 6694 
13254 6648 6695 6694 
13255 6648 6649 6695 
13256 6649 6696 6695 
13257 6649 6650 6696 
13258 6650 6697 6696 
13259 6650 6651 6697 
13260 6651 6698 6697 
13261 6651 6652 6698 
13262 6652 6699 6698 
13263 6652 6653 6699 
13264 6653 6700 6699 
13265 6653 6654 6700 
13266 6654 6701 6700 
13267 6654 6655 6701 
13268 6655 6702 6701 
13269 6655 6656 6702 
13270 6656 6703 6702 
13271 6656 6657 6703 
13272 6657 6704 6703 
13273 6657 6658 6704 
13274 6658 6705 6704 
13275 6658 6659 6705 
13276 6659 6706 6705 
13277 6659 6660 6706 
13278 6660 6707 6706 
13279 6660 6661 6707 
13280 6661 6708 6707 
13281 6661 6662 6708 
13282 6662 6709 6708 
13283 6662 6663 6709 
13284 6663 6710 6709 
13285 6663 6664 6710 
13286 6664 6711 6710 
13287 6664 6665 6711 
13288 6665 6712 6711 
13289 6665 6666 6712 
13290 6666 6713 6712 
13291 6666 6667 6713 
13292 6667 6714 6713 
13293 6667 6668 6714 
13294 6668 6715 6714 
13295 6668 6669 6715 
13296 6669 6716 6715 
13297 6669 6670 6716 
13298 6670 6717 6716 
13299 6670 6671 6717 
13300 6671 6718 6717 
13301 6671 6672 6718 
13302 6672 6719 6718 
13303 6672 6673 6719 
13304 6673 6720 6719 
13305 6673 6674 6720 
13306 6674 6721 6720 
13307 6674 6675 6721 
13308 6675 6722 6721 
13309 6675 6676 6722 
13310 6676 6723 6722 
13311 6676 532 6723 
13312 532 533 6723 
13313 338 6677 339 
13314 6677 6724 339 
13315 6677 6678 6724 
13316 6678 6725 6724 
13317 6678 6679 6725 
13318 6679 6726 6725 
13319 6679 6680 6726 
13320 6680 6727 6726 
13321 6680 6681 6727 
13322 6681 6728 6727 
13323 6681 6682 6728 
13324 6682 6729 6728 
13325 6682 6683 6729 
13326 6683 6730 6729 
13327 6683 6684 6730 
13328 6684 6731 6730 
13329 6684 6685 6731 
13330 6685 6732 6731 
13331 6685 6686 6732 
13332 6686 6733 6732 
13333 6686 6687 6733 
13334 6687 6734 6733 
13335 6687 6688 6734 
13336 6688 6735 6734 
13337 6688 6689 6735 
13338 6689 6736 6735 
13339 6689 6690 6736 
13340 6690 6737 6736 
13341 6690 6691 6737 
13342 6691 6738 6737 
13343 6691 6692 6738 
13344 6692 6739 6738 
13345 6692 6693 6739 
13346 6693 6740 6739 
13347 6693 6694 6740 
13348 6694 6741 6740 
13349 6694 6695 6741 
13350 6695 6742 6741 
13351 6695 6696 6742 
13352 6696 6743 6742 
13353 6696 6697 6743 
13354 6697 6744 6743 
13355 6697 6698 6744 
13356 6698 6745 6744 
13357 6698 6699 6745 
13358 6699 6746 6745 
13359 6699 6700 6746 
13360 6700 6747 6746 
13361 6700 6701 6747 
13362 6701 6748 6747 
13363 6701 6702 6748 
13364 6702 6749 6748 
13365 6702 6703 6749 
13366 6703 6750 6749 
13367 6703 6704 6750 
13368 6704 6751 6750 
13369 6704 6705 6751 
13370 6705 6752 6751 
13371 6705 6706 6752 
13372 6706 6753 6752 
13373 6706 6707 6753 
13374 6707 6754 6753 
13375 6707 6708 6754 
13376 6708 6755 6754 
13377 6708 6709 6755 
13378 6709 6756 6755 
13379 6709 6710 6756 
13380 6710 6757 6756 
13381 6710 6711 6757 
13382 6711 6758 6757 
13383 6711 6712 6758 
13384 6712 6759 6758 
13385 6712 6713 6759 
13386 6713 6760 6759 
13387 6713 6714 6760 
13388 6714 6761 6760 
13389 6714 6715 6761 
13390 6715 6762 6761 
13391 6715 6716 6762 
13392 6716 6763 6762 
13393 6716 6717 6763 
13394 6717 6764 6763 
13395 6717 6718 6764 
13396 6718 6765 6764 
13397 6718 6719 6765 
13398 6719 6766 6765 
13399 6719 6720 6766 
13400 6720 6767 6766 
13401 6720 6721 6767 
13402 6721 6768 6767 
13403 6721 6722 6768 
13404 6722 6769 6768 
13405 6722 6723 6769 
13406 6723 6770 6769 
13407 6723 533 6770 
13408 533 534 6770 
13409 339 6724 340 
13410 6724 6771 340 
13411 6724 6725 6771 
13412 6725 6772 6771 
13413 6725 6726 6772 
13414 6726 6773 6772 
13415 6726 6727 6773 
13416 6727 6774 6773 
13417 6727 6728 6774 
13418 6728 6775 6774 
13419 6728 6729 6775 
13420 6729 6776 6775 
13421 6729 6730 6776 
13422 6730 6777 6776 
13423 6730 6731 6777 
13424 6731 6778 6777 
13425 6731 6732 6778 
13426 6732 6779 6778 
13427 6732 6733 6779 
13428 6733 6780 6779 
13429 6733 6734 6780 
13430 6734 6781 6780 
13431 6734 6735 6781 
13432 6735 6782 6781 
13433 6735 6736 6782 
13434 6736 6783 6782 
13435 6736 6737 6783 
13436 6737 6784 6783 
13437 6737 6738 6784 
13438 6738 6785 6784 
13439 6738 6739 6785 
13440 6739 6786 6785 
13441 6739 6740 6786 
13442 6740 6787 6786 
13443 6740 6741 6787 
13444 6741 6788 6787 
13445 6741 6742 6788 
13446 6742 6789 6788 
13447 6742 6743 6789 
13448 6743 6790 6789 
13449 6743 6744 6790 
13450 6744 6791 6790 
13451 6744 6745 6791 
13452 6745 6792 6791 
13453 6745 6746 6792 
13454 6746 6793 6792 
13455 6746 6747 6793 
13456 6747 6794 6793 
13457 6747 6748 6794 
13458 6748 6795 6794 
13459 6748 6749 6795 
13460 6749 6796 6795 
13461 6749 6750 6796 
13462 6750 6797 6796 
13463 6750 6751 6797 
13464 6751 6798 6797 
13465 6751 6752 6798 
13466 6752 6799 6798 
13467 6752 6753 6799 
13468 6753 6800 6799 
13469 6753 6754 6800 
13470 6754 6801 6800 
13471 6754 6755 6801 
13472 6755 6802 6801 
13473 6755 6756 6802 
13474 6756 6803 6802 
13475 6756 6757 6803 
13476 6757 6804 6803 
13477 6757 6758 6804 
13478 6758 6805 6804 
13479 6758 6759 6805 
13480 6759 6806 6805 
13481 6759 6760 6806 
13482 6760 6807 6806 
13483 6760 6761 6807 
13484 6761 6808 6807 
13485 6761 6762 6808 
13486 6762 6809 6808 
13487 6762 6763 6809 
13488 6763 6810 6809 
13489 6763 6764 6810 
13490 6764 6811 6810 
13491 6764 6765 6811 
13492 6765 6812 6811 
13493 6765 6766 6812 
13494 6766 6813 6812 
13495 6766 6767 6813 
13496 6767 6814 6813 
13497 6767 6768 6814 
13498 6768 6815 6814 
13499 6768 6769 6815 
13500 6769 6816 6815 
13501 6769 6770 6816 
13502 6770 6817 6816 
13503 6770 534 6817 
13504 534 535 6817 
13505 340 6771 341 
13506 6771 6818 341 
13507 6771 6772 6818 
13508 6772 6819 6818 
13509 6772 6773 6819 
13510 6773 6820 6819 
13511 6773 6774 6820 
13512 6774 6821 6820 
13513 6774 6775 6821 
13514 6775 6822 6821 
13515 6775 6776 6822 
13516 6776 6823 6822 
13517 6776 6777 6823 
13518 6777 6824 6823 
13519 6777 6778 6824 
13520 6778 6825 6824 
13521 6778 6779 6825 
13522 6779 6826 6825 
13523 6779 6780 6826 
13524 6780 6827 6826 
13525 6780 6781 6827 
13526 6781 6828 6827 
13527 6781 6782 6828 
13528 6782 6829 6828 
13529 6782 6783 6829 
13530 6783 6830 6829 
13531 6783 6784 6830 
13532 6784 6831 6830 
13533 6784 6785 6831 
13534 6785 6832 6831 
13535 6785 6786 6832 
13536 6786 6833 6832 
13537 6786 6787 6833 
13538 6787 6834 6833 
13539 6787 6788 6834 
13540 6788 6835 6834 
13541 6788 6789 6835 
13542 6789 6836 6835 
13543 6789 6790 6836 
13544 6790 6837 6836 
13545 6790 6791 6837 
13546 6791 6838 6837 
13547 6791 6792 6838 
13548 6792 6839 6838 
13549 6792 6793 6839 
13550 6793 6840 6839 
13551 6793 6794 6840 
13552 6794 6841 6840 
13553 6794 6795 6841 
13554 6795 6842 6841 
13555 6795 6796 6842 
13556 6796 6843 6842 
13557 6796 6797 6843 
13558 6797 6844 6843 
13559 6797 6798 6844 
13560 6798 6845 6844 
13561 6798 6799 6845 
13562 6799 6846 6845 
13563 6799 6800 6846 
13564 6800 6847 6846 
13565 6800 6801 6847 
13566 6801 6848 6847 
13567 6801 6802 6848 
13568 6802 6849 6848 
13569 6802 6803 6849 
13570 6803 6850 6849 
13571 6803 6804 6850 
13572 6804 6851 6850 
13573 6804 6805 6851 
13574 6805 6852 6851 
13575 6805 6806 6852 
13576 6806 6853 6852 
13577 6806 6807 6853 
13578 6807 6854 6853 
13579 6807 6808 6854 
13580 6808 6855 6854 
13581 6808 6809 6855 
13582 6809 6856 6855 
13583 6809 6810 6856 
13584 6810 6857 6856 
13585 6810 6811 6857 
13586 6811 6858 6857 
13587 6811 6812 6858 
13588 6812 6859 6858 
13589 6812 6813 6859 
13590 6813 6860 6859 
13591 6813 6814 6860 
13592 6814 6861 6860 
13593 6814 6815 6861 
13594 6815 6862 6861 
13595 6815 6816 6862 
13596 6816 6863 6862 
13597 6816 6817 6863 
13598 6817 6864 6863 
13599 6817 535 6864 
13600 535 536 6864 
13601 341 6818 342 
13602 6818 6865 342 
13603 6818 6819 6865 
13604 6819 6866 6865 
13605 6819 6820 6866 
13606 6820 6867 6866 
13607 6820 6821 6867 
13608 6821 6868 6867 
13609 6821 6822 6868 
13610 6822 6869 6868 
13611 6822 6823 6869 
13612 6823 6870 6869 
13613 6823 6824 6870 
13614 6824 6871 6870 
13615 6824 6825 6871 
13616 6825 6872 6871 
13617 6825 6826 6872 
13618 6826 6873 6872 
13619 6826 6827 6873 
13620 6827 6874 6873 
13621 6827 6828 6874 
13622 6828 6875 6874 
13623 6828 6829 6875 
13624 6829 6876 6875 
13625 6829 6830 6876 
13626 6830 6877 6876 
13627 6830 6831 6877 
13628 6831 6878 6877 
13629 6831 6832 6878 
13630 6832 6879 6878 
13631 6832 6833 6879 
13632 6833 6880 6879 
13633 6833 6834 6880 
13634 6834 6881 6880 
13635 6834 6835 6881 
13636 6835 6882 6881 
13637 6835 6836 6882 
13638 6836 6883 6882 
13639 6836 6837 6883 
13640 6837 6884 6883 
13641 6837 6838 6884 
13642 6838 6885 6884 
13643 6838 6839 6885 
13644 6839 6886 6885 
13645 6839 6840 6886 
13646 6840 6887 6886 
13647 6840 6841 6887 
13648 6841 6888 6887 
13649 6841 6842 6888 
13650 6842 6889 6888 
13651 6842 6843 6889 
13652 6843 6890 6889 
13653 6843 6844 6890 
13654 6844 6891 6890 
13655 6844 6845 6891 
13656 6845 6892 6891 
13657 6845 6846 6892 
13658 6846 6893 6892 
13659 6846 6847 6893 
13660 6847 6894 6893 
13661 6847 6848 6894 
13662 6848 6895 6894 
13663 6848 6849 6895 
13664 6849 6896 6895 
13665 6849 6850 6896 
13666 6850 6897 6896 
13667 6850 6851 6897 
13668 6851 6898 6897 
13669 6851 6852 6898 
13670 6852 6899 6898 
13671 6852 6853 6899 
13672 6853 6900 6899 
13673 6853 6854 6900 
13674 6854 6901 6900 
13675 6854 6855 6901 
13676 6855 6902 6901 
13677 6855 6856 6902 
13678 6856 6903 6902 
13679 6856 6857 6903 
13680 6857 6904 6903 
13681 6857 6858 6904 
13682 6858 6905 6904 
13683 6858 6859 6905 
13684 6859 6906 6905 
13685 6859 6860 6906 
13686 6860 6907 6906 
13687 6860 6861 6907 
13688 6861 6908 6907 
13689 6861 6862 6908 
13690 6862 6909 6908 
13691 6862 6863 6909 
13692 6863 6910 6909 
13693 6863 6864 6910 
13694 6864 6911 6910 
13695 6864 536 6911 
13696 536 537 6911 
13697 342 6865 343 
13698 6865 6912 343 
13699 6865 6866 6912 
13700 6866 6913 6912 
13701 6866 6867 6913 
13702 6867 6914 6913 
13703 6867 6868 6914 
13704 6868 6915 6914 
13705 6868 6869 6915 
13706 6869 6916 6915 
13707 6869 6870 6916 
13708 6870 6917 6916 
13709 6870 6871 6917 
13710 6871 6918 6917 
13711 6871 6872 6918 
13712 6872 6919 6918 
13713 6872 6873 6919 
13714 6873 6920 6919 
13715 6873 6874 6920 
13716 6874 6921 6920 
13717 6874 6875 6921 
13718 6875 6922 6921 
13719 6875 6876 6922 
13720 6876 6923 6922 
13721 6876 6877 6923 
13722 6877 6924 6923 
13723 6877 6878 6924 
13724 6878 6925 6924 
13725 6878 6879 6925 
13726 6879 6926 6925 
13727 6879 6880 6926 
13728 6880 6927 6926 
13729 6880 6881 6927 
13730 6881 6928 6927 
13731 6881 6882 6928 
13732 6882 6929 6928 
13733 6882 6883 6929 
13734 6883 6930 6929 
13735 6883 6884 6930 
13736 6884 6931 6930 
13737 6884 6885 6931 
13738 6885 6932 6931 
13739 6885 6886 6932 
13740 6886 6933 6932 
13741 6886 6887 6933 
13742 6887 6934 6933 
13743 6887 6888 6934 
13744 6888 6935 6934 
13745 6888 6889 6935 
13746 6889 6936 6935 
13747 6889 6890 6936 
13748 6890 6937 6936 
13749 6890 6891 6937 
13750 6891 6938 6937 
13751 6891 6892 6938 
13752 6892 6939 6938 
13753 6892 6893 6939 
13754 6893 6940 6939 
13755 6893 6894 6940 
13756 6894 6941 6940 
13757 6894 6895 6941 
13758 6895 6942 6941 
13759 6895 6896 6942 
13760 6896 6943 6942 
13761 6896 6897 6943 
13762 6897 6944 6943 
13763 6897 6898 6944 
13764 6898 6945 6944 
13765 6898 6899 6945 
13766 6899 6946 6945 
13767 6899 6900 6946 
13768 6900 6947 6946 
13769 6900 6901 6947 
13770 6901 6948 6947 
13771 6901 6902 6948 
13772 6902 6949 6948 
13773 6902 6903 6949 
13774 6903 6950 6949 
13775 6903 6904 6950 
13776 6904 6951 6950 
13777 6904 6905 6951 
13778 6905 6952 6951 
13779 6905 6906 6952 
13780 6906 6953 6952 
13781 6906 6907 6953 
13782 6907 6954 6953 
13783 6907 6908 6954 
13784 6908 6955 6954 
13785 6908 6909 6955 
13786 6909 6956 6955 
13787 6909 6910 6956 
13788 6910 6957 6956 
13789 6910 6911 6957 
13790 6911 6958 6957 
13791 6911 537 6958 
13792 537 538 6958 
13793 343 6912 344 
13794 6912 6959 344 
13795 6912 6913 6959 
13796 6913 6960 6959 
13797 6913 6914 6960 
13798 6914 6961 6960 
13799 6914 6915 6961 
13800 6915 6962 6961 
13801 6915 6916 6962 
13802 6916 6963 6962 
13803 6916 6917 6963 
13804 6917 6964 6963 
13805 6917 6918 6964 
13806 6918 6965 6964 
13807 6918 6919 6965 
13808 6919 6966 6965 
13809 6919 6920 6966 
13810 6920 6967 6966 
13811 6920 6921 6967 
13812 6921 6968 6967 
13813 6921 6922 6968 
13814 6922 6969 6968 
13815 6922 6923 6969 
13816 6923 6970 6969 
13817 6923 6924 6970 
13818 6924 6971 6970 
13819 6924 6925 6971 
13820 6925 6972 6971 
13821 6925 6926 6972 
13822 6926 6973 6972 
13823 6926 6927 6973 
13824 6927 6974 6973 
13825 6927 6928 6974 
13826 6928 6975 6974 
13827 6928 6929 6975 
13828 6929 6976 6975 
13829 6929 6930 6976 
13830 6930 6977 6976 
13831 6930 6931 6977 
13832 6931 6978 6977 
13833 6931 6932 6978 
13834 6932 6979 6978 
13835 6932 6933 6979 
13836 6933 6980 6979 
13837 6933 6934 6980 
13838 6934 6981 6980 
13839 6934 6935 6981 
13840 6935 6982 6981 
13841 6935 6936 6982 
13842 6936 6983 6982 
13843 6936 6937 6983 
13844 6937 6984 6983 
13845 6937 6938 6984 
13846 6938 6985 6984 
13847 6938 6939 6985 
13848 6939 6986 6985 
13849 6939 6940 6986 
13850 6940 6987 6986 
13851 6940 6941 6987 
13852 6941 6988 6987 
13853 6941 6942 6988 
13854 6942 6989 6988 
13855 6942 6943 6989 
13856 6943 6990 6989 
13857 6943 6944 6990 
13858 6944 6991 6990 
13859 6944 6945 6991 
13860 6945 6992 6991 
13861 6945 6946 6992 
13862 6946 6993 6992 
13863 6946 6947 6993 
13864 6947 6994 6993 
13865 6947 6948 6994 
13866 6948 6995 6994 
13867 6948 6949 6995 
13868 6949 6996 6995 
13869 6949 6950 6996 
13870 6950 6997 6996 
13871 6950 6951 6997 
13872 6951 6998 6997 
13873 6951 6952 6998 
13874 6952 6999 6998 
13875 6952 6953 6999 
13876 6953 7000 6999 
13877 6953 6954 7000 
13878 6954 7001 7000 
13879 6954 6955 7001 
13880 6955 7002 7001 
13881 6955 6956 7002 
13882 6956 7003 7002 
13883 6956 6957 7003 
13884 6957 7004 7003 
13885 6957 6958 7004 
13886 6958 7005 7004 
13887 6958 538 7005 
13888 538 539 7005 
13889 344 6959 345 
13890 6959 7006 345 
13891 6959 6960 7006 
13892 6960 7007 7006 
13893 6960 6961 7007 
13894 6961 7008 7007 
13895 6961 6962 7008 
13896 6962 7009 7008 
13897 6962 6963 7009 
13898 6963 7010 7009 
13899 6963 6964 7010 
13900 6964 7011 7010 
13901 6964 6965 7011 
13902 6965 7012 7011 
13903 6965 6966 7012 
13904 6966 7013 7012 
13905 6966 6967 7013 
13906 6967 7014 7013 
13907 6967 6968 7014 
13908 6968 7015 7014 
13909 6968 6969 7015 
13910 6969 7016 7015 
13911 6969 6970 7016 
13912 6970 7017 7016 
13913 6970 6971 7017 
13914 6971 7018 7017 
13915 6971 6972 7018 
13916 6972 7019 7018 
13917 6972 6973 7019 
13918 6973 7020 7019 
13919 6973 6974 7020 
13920 6974 7021 7020 
13921 6974 6975 7021 
13922 6975 7022 7021 
13923 6975 6976 7022 
13924 6976 7023 7022 
13925 6976 6977 7023 
13926 6977 7024 7023 
13927 6977 6978 7024 
13928 6978 7025 7024 
13929 6978 6979 7025 
13930 6979 7026 7025 
13931 6979 6980 7026 
13932 6980 7027 7026 
13933 6980 6981 7027 
13934 6981 7028 7027 
13935 6981 6982 7028 
13936 6982 7029 7028 
13937 6982 6983 7029 
13938 6983 7030 7029 
13939 6983 6984 7030 
13940 6984 7031 7030 
13941 6984 6985 7031 
13942 6985 7032 7031 
13943 6985 6986 7032 
13944 6986 7033 7032 
13945 6986 6987 7033 
13946 6987 7034 7033 
13947 6987 6988 7034 
13948 6988 7035 7034 
13949 6988 6989 7035 
13950 6989 7036 7035 
13951 6989 6990 7036 
13952 6990 7037 7036 
13953 6990 6991 7037 
13954 6991 7038 7037 
13955 6991 6992 7038 
13956 6992 7039 7038 
13957 6992 6993 7039 
13958 6993 7040 7039 
13959 6993 6994 7040 
13960 6994 7041 7040 
13961 6994 6995 7041 
13962 6995 7042 7041 
13963 6995 6996 7042 
13964 6996 7043 7042 
13965 6996 6997 7043 
13966 6997 7044 7043 
13967 6997 6998 7044 
13968 6998 7045 7044 
13969 6998 6999 7045 
13970 6999 7046 7045 
13971 6999 7000 7046 
13972 7000 7047 7046 
13973 7000 7001 7047 
13974 7001 7048 7047 
13975 7001 7002 7048 
13976 7002 7049 7048 
13977 7002 7003 7049 
13978 7003 7050 7049 
13979 7003 7004 7050 
13980 7004 7051 7050 
13981 7004 7005 7051 
13982 7005 7052 7051 
13983 7005 539 7052 
13984 539 540 7052 
13985 345 7006 346 
13986 7006 7053 346 
13987 7006 7007 7053 
13988 7007 7054 7053 
13989 7007 7008 7054 
13990 7008 7055 7054 
13991 7008 7009 7055 
13992 7009 7056 7055 
13993 7009 7010 7056 
13994 7010 7057 7056 
13995 7010 7011 7057 
13996 7011 7058 7057 
13997 7011 7012 7058 
13998 7012 7059 7058 
13999 7012 7013 7059 
14000 7013 7060 7059 
14001 7013 7014 7060 
14002 7014 7061 7060 
14003 7014 7015 7061 
14004 7015 7062 7061 
14005 7015 7016 7062 
14006 7016 7063 7062 
14007 7016 7017 7063 
14008 7017 7064 7063 
14009 7017 7018 7064 
14010 7018 7065 7064 
14011 7018 7019 7065 
14012 7019 7066 7065 
14013 7019 7020 7066 
14014 7020 7067 7066 
14015 7020 7021 7067 
14016 7021 7068 7067 
14017 7021 7022 7068 
14018 7022 7069 7068 
14019 7022 7023 7069 
14020 7023 7070 7069 
14021 7023 7024 7070 
14022 7024 7071 7070 
14023 7024 7025 7071 
14024 7025 7072 7071 
14025 7025 7026 7072 
14026 7026 7073 7072 
14027 7026 7027 7073 
14028 7027 7074 7073 
14029 7027 7028 7074 
14030 7028 7075 7074 
14031 7028 7029 7075 
14032 7029 7076 7075 
14033 7029 7030 7076 
14034 7030 7077 7076 
14035 7030 7031 7077 
14036 7031 7078 7077 
14037 7031 7032 7078 
14038 7032 7079 7078 
14039 7032 7033 7079 
14040 7033 7080 7079 
14041 7033 7034 7080 
14042 7034 7081 7080 
14043 7034 7035 7081 
14044 7035 7082 7081 
14045 7035 7036 7082 
14046 7036 7083 7082 
14047 7036 7037 7083 
14048 7037 7084 7083 
14049 7037 7038 7084 
14050 7038 7085 7084 
14051 7038 7039 7085 
14052 7039 7086 7085 
14053 7039 7040 7086 
14054 7040 7087 7086 
14055 7040 7041 7087 
14056 7041 7088 7087 
14057 7041 7042 7088 
14058 7042 7089 7088 
14059 7042 7043 7089 
14060 7043 7090 7089 
14061 7043 7044 7090 
14062 7044 7091 7090 
14063 7044 7045 7091 
14064 7045 7092 7091 
14065 7045 7046 7092 
14066 7046 7093 7092 
14067 7046 7047 7093 
14068 7047 7094 7093 
14069 7047 7048 7094 
14070 7048 7095 7094 
14071 7048 7049 7095 
14072 7049 7096 7095 
14073 7049 7050 7096 
14074 7050 7097 7096 
14075 7050 7051 7097 
14076 7051 7098 7097 
14077 7051 7052 7098 
14078 7052 7099 7098 
14079 7052 540 7099 
14080 540 541 7099 
14081 346 7053 347 
14082 7053 7100 347 
14083 7053 7054 7100 
14084 7054 7101 7100 
14085 7054 7055 7101 
14086 7055 7102 7101 
14087 7055 7056 7102 
14088 7056 7103 7102 
14089 7056 7057 7103 
14090 7057 7104 7103 
14091 7057 7058 7104 
14092 7058 7105 7104 
14093 7058 7059 7105 
14094 7059 7106 7105 
14095 7059 7060 7106 
14096 7060 7107 7106 
14097 7060 7061 7107 
14098 7061 7108 7107 
14099 7061 7062 7108 
14100 7062 7109 7108 
14101 7062 7063 7109 
14102 7063 7110 7109 
14103 7063 7064 7110 
14104 7064 7111 7110 
14105 7064 7065 7111 
14106 7065 7112 7111 
14107 7065 7066 7112 
14108 7066 7113 7112 
14109 7066 7067 7113 
14110 7067 7114 7113 
14111 7067 7068 7114 
14112 7068 7115 7114 
14113 7068 7069 7115 
14114 7069 7116 7115 
14115 7069 7070 7116 
14116 7070 7117 7116 
14117 7070 7071 7117 
14118 7071 7118 7117 
14119 7071 7072 7118 
14120 7072 7119 7118 
14121 7072 7073 7119 
14122 7073 7120 7119 
14123 7073 7074 7120 
14124 7074 7121 7120 
14125 7074 7075 7121 
14126 7075 7122 7121 
14127 7075 7076 7122 
14128 7076 7123 7122 
14129 7076 7077 7123 
14130 7077 7124 7123 
14131 7077 7078 7124 
14132 7078 7125 7124 
14133 7078 7079 7125 
14134 7079 7126 7125 
14135 7079 7080 7126 
14136 7080 7127 7126 
14137 7080 7081 7127 
14138 7081 7128 7127 
14139 7081 7082 7128 
14140 7082 7129 7128 
14141 7082 7083 7129 
14142 7083 7130 7129 
14143 7083 7084 7130 
14144 7084 7131 7130 
14145 7084 7085 7131 
14146 7085 7132 7131 
14147 7085 7086 7132 
14148 7086 7133 7132 
14149 7086 7087 7133 
14150 7087 7134 7133 
14151 7087 7088 7134 
14152 7088 7135 7134 
14153 7088 7089 7135 
14154 7089 7136 7135 
14155 7089 7090 7136 
14156 7090 7137 7136 
14157 7090 7091 7137 
14158 7091 7138 7137 
14159 7091 7092 7138 
14160 7092 7139 7138 
14161 7092 7093 7139 
14162 7093 7140 7139 
14163 7093 7094 7140 
14164 7094 7141 7140 
14165 7094 7095 7141 
14166 7095 7142 7141 
14167 7095 7096 7142 
14168 7096 7143 7142 
14169 7096 7097 7143 
14170 7097 7144 7143 
14171 7097 7098 7144 
14172 7098 7145 7144 
14173 7098 7099 7145 
14174 7099 7146 7145 
14175 7099 541 7146 
14176 541 542 7146 
14177 347 7100 348 
14178 7100 7147 348 
14179 7100 7101 7147 
14180 7101 7148 7147 
14181 7101 7102 7148 
14182 7102 7149 7148 
14183 7102 7103 7149 
14184 7103 7150 7149 
14185 7103 7104 7150 
14186 7104 7151 7150 
14187 7104 7105 7151 
14188 7105 7152 7151 
14189 7105 7106 7152 
14190 7106 7153 7152 
14191 7106 7107 7153 
14192 7107 7154 7153 
14193 7107 7108 7154 
14194 7108 7155 7154 
14195 7108 7109 7155 
14196 7109 7156 7155 
14197 7109 7110 7156 
14198 7110 7157 7156 
14199 7110 7111 7157 
14200 7111 7158 7157 
14201 7111 7112 7158 
14202 7112 7159 7158 
14203 7112 7113 7159 
14204 7113 7160 7159 
14205 7113 7114 7160 
14206 7114 7161 7160 
14207 7114 7115 7161 
14208 7115 7162 7161 
14209 7115 7116 7162 
14210 7116 7163 7162 
14211 7116 7117 7163 
14212 7117 7164 7163 
14213 7117 7118 7164 
14214 7118 7165 7164 
14215 7118 7119 7165 
14216 7119 7166 7165 
14217 7119 7120 7166 
14218 7120 7167 7166 
14219 7120 7121 7167 
14220 7121 7168 7167 
14221 7121 7122 7168 
14222 7122 7169 7168 
14223 7122 7123 7169 
14224 7123 7170 7169 
14225 7123 7124 7170 
14226 7124 7171 7170 
14227 7124 7125 7171 
14228 7125 7172 7171 
14229 7125 7126 7172 
14230 7126 7173 7172 
14231 7126 7127 7173 
14232 7127 7174 7173 
14233 7127 7128 7174 
14234 7128 7175 7174 
14235 7128 7129 7175 
14236 7129 7176 7175 
14237 7129 7130 7176 
14238 7130 7177 7176 
14239 7130 7131 7177 
14240 7131 7178 7177 
14241 7131 7132 7178 
14242 7132 7179 7178 
14243 7132 7133 7179 
14244 7133 7180 7179 
14245 7133 7134 7180 
14246 7134 7181 7180 
14247 7134 7135 7181 
14248 7135 7182 7181 
14249 7135 7136 7182 
14250 7136 7183 7182 
14251 7136 7137 7183 
14252 7137 7184 7183 
14253 7137 7138 7184 
14254 7138 7185 7184 
14255 7138 7139 7185 
14256 7139 7186 7185 
14257 7139 7140 7186 
14258 7140 7187 7186 
14259 7140 7141 7187 
14260 7141 7188 7187 
14261 7141 7142 7188 
14262 7142 7189 7188 
14263 7142 7143 7189 
14264 7143 7190 7189 
14265 7143 7144 7190 
14266 7144 7191 7190 
14267 7144 7145 7191 
14268 7145 7192 7191 
14269 7145 7146 7192 
14270 7146 7193 7192 
14271 7146 542 7193 
14272 542 543 7193 
14273 348 7147 349 
14274 7147 7194 349 
14275 7147 7148 7194 
14276 7148 7195 7194 
14277 7148 7149 7195 
14278 7149 7196 7195 
14279 7149 7150 7196 
14280 7150 7197 7196 
14281 7150 7151 7197 
14282 7151 7198 7197 
14283 7151 7152 7198 
14284 7152 7199 7198 
14285 7152 7153 7199 
14286 7153 7200 7199 
14287 7153 7154 7200 
14288 7154 7201 7200 
14289 7154 7155 7201 
14290 7155 7202 7201 
14291 7155 7156 7202 
14292 7156 7203 7202 
14293 7156 7157 7203 
14294 7157 7204 7203 
14295 7157 7158 7204 
14296 7158 7205 7204 
14297 7158 7159 7205 
14298 7159 7206 7205 
14299 7159 7160 7206 
14300 7160 7207 7206 
14301 7160 7161 7207 
14302 7161 7208 7207 
14303 7161 7162 7208 
14304 7162 7209 7208 
14305 7162 7163 7209 
14306 7163 7210 7209 
14307 7163 7164 7210 
14308 7164 7211 7210 
14309 7164 7165 7211 
14310 7165 7212 7211 
14311 7165 7166 7212 
14312 7166 7213 7212 
14313 7166 7167 7213 
14314 7167 7214 7213 
14315 7167 7168 7214 
14316 7168 7215 7214 
14317 7168 7169 7215 
14318 7169 7216 7215 
14319 7169 7170 7216 
14320 7170 7217 7216 
14321 7170 7171 7217 
14322 7171 7218 7217 
14323 7171 7172 7218 
14324 7172 7219 7218 
14325 7172 7173 7219 
14326 7173 7220 7219 
14327 7173 7174 7220 
14328 7174 7221 7220 
14329 7174 7175 7221 
14330 7175 7222 7221 
14331 7175 7176 7222 
14332 7176 7223 7222 
14333 7176 7177 7223 
14334 7177 7224 7223 
14335 7177 7178 7224 
14336 7178 7225 7224 
14337 7178 7179 7225 
14338 7179 7226 7225 
14339 7179 7180 7226 
14340 7180 7227 7226 
14341 7180 7181 7227 
14342 7181 7228 7227 
14343 7181 7182 7228 
14344 7182 7229 7228 
14345 7182 7183 7229 
14346 7183 7230 7229 
14347 7183 7184 7230 
14348 7184 7231 7230 
14349 7184 7185 7231 
14350 7185 7232 7231 
14351 7185 7186 7232 
14352 7186 7233 7232 
14353 7186 7187 7233 
14354 7187 7234 7233 
14355 7187 7188 7234 
14356 7188 7235 7234 
14357 7188 7189 7235 
14358 7189 7236 7235 
14359 7189 7190 7236 
14360 7190 7237 7236 
14361 7190 7191 7237 
14362 7191 7238 7237 
14363 7191 7192 7238 
14364 7192 7239 7238 
14365 7192 7193 7239 
14366 7193 7240 7239 
14367 7193 543 7240 
14368 543 544 7240 
14369 349 7194 350 
14370 7194 7241 350 
14371 7194 7195 7241 
14372 7195 7242 7241 
14373 7195 7196 7242 
14374 7196 7243 7242 
14375 7196 7197 7243 
14376 7197 7244 7243 
14377 7197 7198 7244 
14378 7198 7245 7244 
14379 7198 7199 7245 
14380 7199 7246 7245 
14381 7199 7200 7246 
14382 7200 7247 7246 
14383 7200 7201 7247 
14384 7201 7248 7247 
14385 7201 7202 7248 
14386 7202 7249 7248 
14387 7202 7203 7249 
14388 7203 7250 7249 
14389 7203 7204 7250 
14390 7204 7251 7250 
14391 7204 7205 7251 
14392 7205 7252 7251 
14393 7205 7206 7252 
14394 7206 7253 7252 
14395 7206 7207 7253 
14396 7207 7254 7253 
14397 7207 7208 7254 
14398 7208 7255 7254 
14399 7208 7209 7255 
14400 7209 7256 7255 
14401 7209 7210 7256 
14402 7210 7257 7256 
14403 7210 7211 7257 
14404 7211 7258 7257 
14405 7211 7212 7258 
14406 7212 7259 7258 
14407 7212 7213 7259 
14408 7213 7260 7259 
14409 7213 7214 7260 
14410 7214 7261 7260 
14411 7214 7215 7261 
14412 7215 7262 7261 
14413 7215 7216 7262 
14414 7216 7263 7262 
14415 7216 7217 7263 
14416 7217 7264 7263 
14417 7217 7218 7264 
14418 7218 7265 7264 
14419 7218 7219 7265 
14420 7219 7266 7265 
14421 7219 7220 7266 
14422 7220 7267 7266 
14423 7220 7221 7267 
14424 7221 7268 7267 
14425 7221 7222 7268 
14426 7222 7269 7268 
14427 7222 7223 7269 
14428 7223 7270 7269 
14429 7223 7224 7270 
14430 7224 7271 7270 
14431 7224 7225 7271 
14432 7225 7272 7271 
14433 7225 7226 7272 
14434 7226 7273 7272 
14435 7226 7227 7273 
14436 7227 7274 7273 
14437 7227 7228 7274 
14438 7228 7275 7274 
14439 7228 7229 7275 
14440 7229 7276 7275 
14441 7229 7230 7276 
14442 7230 7277 7276 
14443 7230 7231 7277 
14444 7231 7278 7277 
14445 7231 7232 7278 
14446 7232 7279 7278 
14447 7232 7233 7279 
14448 7233 7280 7279 
14449 7233 7234 7280 
14450 7234 7281 7280 
14451 7234 7235 7281 
14452 7235 7282 7281 
14453 7235 7236 7282 
14454 7236 7283 7282 
14455 7236 7237 7283 
14456 7237 7284 7283 
14457 7237 7238 7284 
14458 7238 7285 7284 
14459 7238 7239 7285 
14460 7239 7286 7285 
14461 7239 7240 7286 
14462 7240 7287 7286 
14463 7240 544 7287 
14464 544 545 7287 
14465 350 7241 351 
14466 7241 7288 351 
14467 7241 7242 7288 
14468 7242 7289 7288 
14469 7242 7243 7289 
14470 7243 7290 7289 
14471 7243 7244 7290 
14472 7244 7291 7290 
14473 7244 7245 7291 
14474 7245 7292 7291 
14475 7245 7246 7292 
14476 7246 7293 7292 
14477 7246 7247 7293 
14478 7247 7294 7293 
14479 7247 7248 7294 
14480 7248 7295 7294 
14481 7248 7249 7295 
14482 7249 7296 7295 
14483 7249 7250 7296 
14484 7250 7297 7296 
14485 7250 7251 7297 
14486 7251 7298 7297 
14487 7251 7252 7298 
14488 7252 7299 7298 
14489 7252 7253 7299 
14490 7253 7300 7299 
14491 7253 7254 7300 
14492 7254 7301 7300 
14493 7254 7255 7301 
14494 7255 7302 7301 
14495 7255 7256 7302 
14496 7256 7303 7302 
14497 7256 7257 7303 
14498 7257 7304 7303 
14499 7257 7258 7304 
14500 7258 7305 7304 
14501 7258 7259 7305 
14502 7259 7306 7305 
14503 7259 7260 7306 
14504 7260 7307 7306 
14505 7260 7261 7307 
14506 7261 7308 7307 
14507 7261 7262 7308 
14508 7262 7309 7308 
14509 7262 7263 7309 
14510 7263 7310 7309 
14511 7263 7264 7310 
14512 7264 7311 7310 
14513 7264 7265 7311 
14514 7265 7312 7311 
14515 7265 7266 7312 
14516 7266 7313 7312 
14517 7266 7267 7313 
14518 7267 7314 7313 
14519 7267 7268 7314 
14520 7268 7315 7314 
14521 7268 7269 7315 
14522 7269 7316 7315 
14523 7269 7270 7316 
14524 7270 7317 7316 
14525 7270 7271 7317 
14526 7271 7318 7317 
14527 7271 7272 7318 
14528 7272 7319 7318 
14529 7272 7273 7319 
14530 7273 7320 7319 
14531 7273 7274 7320 
14532 7274 7321 7320 
14533 7274 7275 7321 
14534 7275 7322 7321 
14535 7275 7276 7322 
14536 7276 7323 7322 
14537 7276 7277 7323 
14538 7277 7324 7323 
14539 7277 7278 7324 
14540 7278 7325 7324 
14541 7278 7279 7325 
14542 7279 7326 7325 
14543 7279 7280 7326 
14544 7280 7327 7326 
14545 7280 7281 7327 
14546 7281 7328 7327 
14547 7281 7282 7328 
14548 7282 7329 7328 
14549 7282 7283 7329 
14550 7283 7330 7329 
14551 7283 7284 7330 
14552 7284 7331 7330 
14553 7284 7285 7331 
14554 7285 7332 7331 
14555 7285 7286 7332 
14556 7286 7333 7332 
14557 7286 7287 7333 
14558 7287 7334 7333 
14559 7287 545 7334 
14560 545 546 7334 
14561 351 7288 8 
14562 7288 593 8 
14563 7288 7289 593 
14564 7289 592 593 
14565 7289 7290 592 
14566 7290 591 592 
14567 7290 7291 591 
14568 7291 590 591 
14569 7291 7292 590 
14570 7292 589 590 
14571 7292 7293 589 
14572 7293 588 589 
14573 7293 7294 588 
14574 7294 587 588 
14575 7294 7295 587 
14576 7295 586 587 
14577 7295 7296 586 
14578 7296 585 586 
14579 7296 7297 585 
14580 7297 584 585 
14581 7297 7298 584 
14582 7298 583 584 
14583 7298 7299 583 
14584 7299 582 583 
14585 7299 7300 582 
14586 7300 581 582 
14587 7300 7301 581 
14588 7301 580 581 
14589 7301 7302 580 
14590 7302 579 580 
14591 7302 7303 579 
14592 7303 578 579 
14593 7303 7304 578 
14594 7304 577 578 
14595 7304 7305 577 
14596 7305 576 577 
14597 7305 7306 576 
14598 7306 575 576 
14599 7306 7307 575 
14600 7307 574 575 
14601 7307 7308 574 
14602 7308 573 574 
14603 7308 7309 573 
14604 7309 572 573 
14605 7309 7310 572 
14606 7310 571 572 
14607 7310 7311 571 
14608 7311 570 571 
14609 7311 7312 570 
14610 7312 569 570 
14611 7312 7313 569 
14612 7313 568 569 
14613 7313 7314 568 
14614 7314 567 568 
14615 7314 7315 567 
14616 7315 566 567 
14617 7315 7316 566 
14618 7316 565 566 
14619 7316 7317 565 
14620 7317 564 565 
14621 7317 7318 564 
14622 7318 563 564 
14623 7318 7319 563 
14624 7319 562 563 
14625 7319 7320 562 
14626 7320 561 562 
14627 7320 7321 561 
14628 7321 560 561 
14629 7321 7322 560 
14630 7322 559 560 
14631 7322 7323 559 
14632 7323 558 559 
14633 7323 7324 558 
14634 7324 557 558 
14635 7324 7325 557 
14636 7325 556 557 
14637 7325 7326 556 
14638 7326 555 556 
14639 7326 7327 555 
14640 7327 554 555 
14641 7327 7328 554 
14642 7328 553 554 
14643 7328 7329 553 
14644 7329 552 553 
14645 7329 7330 552 
14646 7330 551 552 
14647 7330 7331 551 
14648 7331 550 551 
14649 7331 7332 550 
14650 7332 549 550 
14651 7332 7333 549 
14652 7333 548 549 
14653 7333 7334 548 
14654 7334 547 548 
14655 7334 546 547 
14656 546 7 547 
2 203 2 1200
14657 4 594 488 
14658 594 7335 488 
14659 594 595 7335 
14660 595 7336 7335 
14661 595 596 7336 
14662 596 7337 7336 
14663 596 597 7337 
14664 597 7338 7337 
14665 597 598 7338 
14666 598 7339 7338 
14667 598 599 7339 
14668 599 7340 7339 
14669 599 600 7340 
14670 600 7341 7340 
14671 600 601 7341 
14672 601 7342 7341 
14673 601 602 7342 
14674 602 7343 7342 
14675 602 5 7343 
14676 5 603 7343 
14677 488 7335 489 
14678 7335 7344 489 
14679 7335 7336 7344 
14680 7336 7345 7344 
14681 7336 7337 7345 
14682 7337 7346 7345 
14683 7337 7338 7346 
14684 7338 7347 7346 
14685 7338 7339 7347 
14686 7339 7348 7347 
14687 7339 7340 7348 
14688 7340 7349 7348 
14689 7340 7341 7349 
14690 7341 7350 7349 
14691 7341 7342 7350 
14692 7342 7351 7350 
14693 7342 7343 7351 
14694 7343 7352 7351 
14695 7343 603 7352 
14696 603 604 7352 
14697 489 7344 490 
14698 7344 7353 490 
14699 7344 7345 7353 
14700 7345 7354 7353 
14701 7345 7346 7354 
14702 7346 7355 7354 
14703 7346 7347 7355 
14704 7347 7356 7355 
14705 7347 7348 7356 
14706 7348 7357 7356 
14707 7348 7349 7357 
14708 7349 7358 7357 
14709 7349 7350 7358 
14710 7350 7359 7358 
14711 7350 7351 7359 
14712 7351 7360 7359 
14713 7351 7352 7360 
14714 7352 7361 7360 
14715 7352 604 7361 
14716 604 605 7361 
14717 490 7353 491 
14718 7353 7362 491 
14719 7353 7354 7362 
14720 7354 7363 7362 
14721 7354 7355 7363 
14722 7355 7364 7363 
14723 7355 7356 7364 
14724 7356 7365 7364 
14725 7356 7357 7365 
14726 7357 7366 7365 
14727 7357 7358 7366 
14728 7358 7367 7366 
14729 7358 7359 7367 
14730 7359 7368 7367 
14731 7359 7360 7368 
14732 7360 7369 7368 
14733 7360 7361 7369 
14734 7361 7370 7369 
14735 7361 605 7370 
14736 605 606 7370 
14737 491 7362 492 
14738 7362 7371 492 
14739 7362 7363 7371 
14740 7363 7372 7371 
14741 7363 7364 7372 
14742 7364 7373 7372 
14743 7364 7365 7373 
14744 7365 7374 7373 
14745 7365 7366 7374 
14746 7366 7375 7374 
14747 7366 7367 7375 
14748 7367 7376 7375 
14749 7367 7368 7376 
14750 7368 7377 7376 
14751 7368 7369 7377 
14752 7369 7378 7377 
14753 7369 7370 7378 
14754 7370 7379 7378 
14755 7370 606 7379 
14756 606 607 7379 
14757 492 7371 493 
14758 7371 7380 493 
14759 7371 7372 7380 
14760 7372 7381 7380 
14761 7372 7373 7381 
14762 7373 7382 7381 
14763 7373 7374 7382 
14764 7374 7383 7382 
14765 7374 7375 7383 
14766 7375 7384 7383 
14767 7375 7376 7384 
14768 7376 7385 7384 
14769 7376 7377 7385 
14770 7377 7386 7385 
14771 7377 7378 7386 
14772 7378 7387 7386 
14773 7378 7379 7387 
14774 7379 7388 7387 
14775 7379 607 7388 
14776 607 608 7388 
14777 493 7380 494 
14778 7380 7389 494 
14779 7380 7381 7389 
14780 7381 7390 7389 
14781 7381 7382 7390 
14782 7382 7391 7390 
14783 7382 7383 7391 
14784 7383 7392 7391 
14785 7383 7384 7392 
14786 7384 7393 7392 
14787 7384 7385 7393 
14788 7385 7394 7393 
14789 7385 7386 7394 
14790 7386 7395 7394 
14791 7386 7387 7395 
14792 7387 7396 7395 
14793 7387 7388 7396 
14794 7388 7397 7396 
14795 7388 608 7397 
14796 608 609 7397 
14797 494 7389 495 
14798 7389 7398 495 
14799 7389 7390 7398 
14800 7390 7399 7398 
14801 7390 7391 7399 
14802 7391 7400 7399 
14803 7391 7392 7400 
14804 7392 7401 7400 
14805 7392 7393 7401 
14806 7393 7402 7401 
14807 7393 7394 7402 
14808 7394 7403 7402 
14809 7394 7395 7403 
14810 7395 7404 7403 
14811 7395 7396 7404 
14812 7396 7405 7404 
14813 7396 7397 7405 
14814 7397 7406 7405 
14815 7397 609 7406 
14816 609 610 7406 
14817 495 7398 496 
14818 7398 7407 496 
14819 7398 7399 7407 
14820 7399 7408 7407 
14821 7399 7400 7408 
14822 7400 7409 7408 
14823 7400 7401 7409 
14824 7401 7410 7409 
14825 7401 7402 7410 
14826 7402 7411 7410 
14827 7402 7403 7411 
14828 7403 7412 7411 
14829 7403 7404 7412 
14830 7404 7413 7412 
14831 7404 7405 7413 
14832 7405 7414 7413 
14833 7405 7406 7414 
14834 7406 7415 7414 
14835 7406 610 7415 
14836 610 611 7415 
14837 496 7407 497 
14838 7407 7416 497 
14839 7407 7408 7416 
14840 7408 7417 7416 
14841 7408 7409 7417 
14842 7409 7418 7417 
14843 7409 7410 7418 
14844 7410 7419 7418 
14845 7410 7411 7419 
14846 7411 7420 7419 
14847 7411 7412 7420 
14848 7412 7421 7420 
14849 7412 7413 7421 
14850 7413 7422 7421 
14851 7413 7414 7422 
14852 7414 7423 7422 
14853 7414 7415 7423 
14854 7415 7424 7423 
14855 7415 611 7424 
14856 611 612 7424 
14857 497 7416 498 
14858 7416 7425 498 
14859 7416 7417 7425 
14860 7417 7426 7425 
14861 7417 7418 7426 
14862 7418 7427 7426 
14863 7418 7419 7427 
14864 7419 7428 7427 
14865 7419 7420 7428 
14866 7420 7429 7428 
14867 7420 7421 7429 
14868 7421 7430 7429 
14869 7421 7422 7430 
14870 7422 7431 7430 
14871 7422 7423 7431 
14872 7423 7432 7431 
14873 7423 7424 7432 
14874 7424 7433 7432 
14875 7424 612 7433 
14876 612 613 7433 
14877 498 7425 499 
14878 7425 7434 499 
14879 7425 7426 7434 
14880 7426 7435 7434 
14881 7426 7427 7435 
14882 7427 7436 7435 
14883 7427 7428 7436 
14884 7428 7437 7436 
14885 7428 7429 7437 
14886 7429 7438 7437 
14887 7429 7430 7438 
14888 7430 7439 7438 
14889 7430 7431 7439 
14890 7431 7440 7439 
14891 7431 7432 7440 
14892 7432 7441 7440 
14893 7432 7433 7441 
14894 7433 7442 7441 
14895 7433 613 7442 
14896 613 614 7442 
14897 499 7434 500 
14898 7434 7443 500 
14899 7434 7435 7443 
14900 7435 7444 7443 
14901 7435 7436 7444 
14902 7436 7445 7444 
14903 7436 7437 7445 
14904 7437 7446 7445 
14905 7437 7438 7446 
14906 7438 7447 7446 
14907 7438 7439 7447 
14908 7439 7448 7447 
14909 7439 7440 7448 
14910 7440 7449 7448 
14911 7440 7441 7449 
14912 7441 7450 7449 
14913 7441 7442 7450 
14914 7442 7451 7450 
14915 7442 614 7451 
14916 614 615 7451 
14917 500 7443 501 
14918 7443 7452 501 
14919 7443 7444 7452 
14920 7444 7453 7452 
14921 7444 7445 7453 
14922 7445 7454 7453 
14923 7445 7446 7454 
14924 7446 7455 7454 
14925 7446 7447 7455 
14926 7447 7456 7455 
14927 7447 7448 7456 
14928 7448 7457 7456 
14929 7448 7449 7457 
14930 7449 7458 7457 
14931 7449 7450 7458 
14932 7450 7459 7458 
14933 7450 7451 7459 
14934 7451 7460 7459 
14935 7451 615 7460 
14936 615 616 7460 
14937 501 7452 502 
14938 7452 7461 502 
14939 7452 7453 7461 
14940 7453 7462 7461 
14941 7453 7454 7462 
14942 7454 7463 7462 
14943 7454 7455 7463 
14944 7455 7464 7463 
14945 7455 7456 7464 
14946 7456 7465 7464 
14947 7456 7457 7465 
14948 7457 7466 7465 
14949 7457 7458 7466 
14950 7458 7467 7466 
14951 7458 7459 7467 
14952 7459 7468 7467 
14953 7459 7460 7468 
14954 7460 7469 7468 
14955 7460 616 7469 
14956 616 617 7469 
14957 502 7461 503 
14958 7461 7470 503 
14959 7461 7462 7470 
14960 7462 7471 7470 
14961 7462 7463 7471 
14962 7463 7472 7471 
14963 7463 7464 7472 
14964 7464 7473 7472 
14965 7464 7465 7473 
14966 7465 7474 7473 
14967 7465 7466 7474 
14968 7466 7475 7474 
14969 7466 7467 7475 
14970 7467 7476 7475 
14971 7467 7468 7476 
14972 7468 7477 7476 
14973 7468 7469 7477 
14974 7469 7478 7477 
14975 7469 617 7478 
14976 617 618 7478 
14977 503 7470 504 
14978 7470 7479 504 
14979 7470 7471 7479 
14980 7471 7480 7479 
14981 7471 7472 7480 
14982 7472 7481 7480 
14983 7472 7473 7481 
14984 7473 7482 7481 
14985 7473 7474 7482 
14986 7474 7483 7482 
14987 7474 7475 7483 
14988 7475 7484 7483 
14989 7475 7476 7484 
14990 7476 7485 7484 
14991 7476 7477 7485 
14992 7477 7486 7485 
14993 7477 7478 7486 
14994 7478 7487 7486 
14995 7478 618 7487 
14996 618 619 7487 
14997 504 7479 505 
14998 7479 7488 505 
14999 7479 7480 7488 
15000 7480 7489 7488 
15001 7480 7481 7489 
15002 7481 7490 7489 
15003 7481 7482 7490 
15004 7482 7491 7490 
15005 7482 7483 7491 
15006 7483 7492 7491 
15007 7483 7484 7492 
15008 7484 7493 7492 
15009 7484 7485 7493 
15010 7485 7494 7493 
15011 7485 7486 7494 
15012 7486 7495 7494 
15013 7486 7487 7495 
15014 7487 7496 7495 
15015 7487 619 7496 
15016 619 620 7496 
15017 505 7488 506 
15018 7488 7497 506 
15019 7488 7489 7497 
15020 7489 7498 7497 
15021 7489 7490 7498 
15022 7490 7499 7498 
15023 7490 7491 7499 
15024 7491 7500 7499 
15025 7491 7492 7500 
15026 7492 7501 7500 
15027 7492 7493 7501 
15028 7493 7502 7501 
15029 7493 7494 7502 
15030 7494 7503 7502 
15031 7494 7495 7503 
15032 7495 7504 7503 
15033 7495 7496 7504 
15034 7496 7505 7504 
15035 7496 620 7505 
15036 620 621 7505 
15037 506 7497 507 
15038 7497 7506 507 
15039 7497 7498 7506 
15040 7498 7507 7506 
15041 7498 7499 7507 
15042 7499 7508 7507 
15043 7499 7500 7508 
15044 7500 7509 7508 
15045 7500 7501 7509 
15046 7501 7510 7509 
15047 7501 7502 7510 
15048 7502 7511 7510 
15049 7502 7503 7511 
15050 7503 7512 7511 
15051 7503 7504 7512 
15052 7504 7513 7512 
15053 7504 7505 7513 
15054 7505 7514 7513 
15055 7505 621 7514 
15056 621 622 7514 
15057 507 7506 508 
15058 7506 7515 508 
15059 7506 7507 7515 
15060 7507 7516 7515 
15061 7507 7508 7516 
15062 7508 7517 7516 
15063 7508 7509 7517 
15064 7509 7518 7517 
15065 7509 7510 7518 
15066 7510 7519 7518 
15067 7510 7511 7519 
15068 7511 7520 7519 
15069 7511 7512 7520 
15070 7512 7521 7520 
15071 7512 7513 7521 
15072 7513 7522 7521 
15073 7513 7514 7522 
15074 7514 7523 7522 
15075 7514 622 7523 
15076 622 623 7523 
15077 508 7515 509 
15078 7515 7524 509 
15079 7515 7516 7524 
15080 7516 7525 7524 
15081 7516 7517 7525 
15082 7517 7526 7525 
15083 7517 7518 7526 
15084 7518 7527 7526 
15085 7518 7519 7527 
15086 7519 7528 7527 
15087 7519 7520 7528 
15088 7520 7529 7528 
15089 7520 7521 7529 
15090 7521 7530 7529 
15091 7521 7522 7530 
15092 7522 7531 7530 
15093 7522 7523 7531 
15094 7523 7532 7531 
15095 7523 623 7532 
15096 623 624 7532 
15097 509 7524 510 
15098 7524 7533 510 
15099 7524 7525 7533 
15100 7525 7534 7533 
15101 7525 7526 7534 
15102 7526 7535 7534 
15103 7526 7527 7535 
15104 7527 7536 7535 
15105 7527 7528 7536 
15106 7528 7537 7536 
15107 7528 7529 7537 
15108 7529 7538 7537 
15109 7529 7530 7538 
15110 7530 7539 7538 
15111 7530 7531 7539 
15112 7531 7540 7539 
15113 7531 7532 7540 
15114 7532 7541 7540 
15115 7532 624 7541 
15116 624 625 7541 
15117 510 7533 511 
15118 7533 7542 511 
15119 7533 7534 7542 
15120 7534 7543 7542 
15121 7534 7535 7543 
15122 7535 7544 7543 
15123 7535 7536 7544 
15124 7536 7545 7544 
15125 7536 7537 7545 
15126 7537 7546 7545 
15127 7537 7538 7546 
15128 7538 7547 7546 
15129 7538 7539 7547 
15130 7539 7548 7547 
15131 7539 7540 7548 
15132 7540 7549 7548 
15133 7540 7541 7549 
15134 7541 7550 7549 
15135 7541 625 7550 
15136 625 626 7550 
15137 511 7542 512 
15138 7542 7551 512 
15139 7542 7543 7551 
15140 7543 7552 7551 
15141 7543 7544 7552 
15142 7544 7553 7552 
15143 7544 7545 7553 
15144 7545 7554 7553 
15145 7545 7546 7554 
15146 7546 7555 7554 
15147 7546 7547 7555 
15148 7547 7556 7555 
15149 7547 7548 7556 
15150 7548 7557 7556 
15151 7548 7549 7557 
15152 7549 7558 7557 
15153 7549 7550 7558 
15154 7550 7559 7558 
15155 7550 626 7559 
15156 626 627 7559 
15157 512 7551 513 
15158 7551 7560 513 
15159 7551 7552 7560 
15160 7552 7561 7560 
15161 7552 7553 7561 
15162 7553 7562 7561 
15163 7553 7554 7562 
15164 7554 7563 7562 
15165 7554 7555 7563 
15166 7555 7564 7563 
15167 7555 7556 7564 
15168 7556 7565 7564 
15169 7556 7557 7565 
15170 7557 7566 7565 
15171 7557 7558 7566 
15172 7558 7567 7566 
15173 7558 7559 7567 
15174 7559 7568 7567 
15175 7559 627 7568 
15176 627 628 7568 
15177 513 7560 514 
15178 7560 7569 514 
15179 7560 7561 7569 
15180 7561 7570 7569 
15181 7561 7562 7570 
15182 7562 7571 7570 
15183 7562 7563 7571 
15184 7563 7572 7571 
15185 7563 7564 7572 
15186 7564 7573 7572 
15187 7564 7565 7573 
15188 7565 7574 7573 
15189 7565 7566 7574 
15190 7566 7575 7574 
15191 7566 7567 7575 
15192 7567 7576 7575 
15193 7567 7568 7576 
15194 7568 7577 7576 
15195 7568 628 7577 
15196 628 629 7577 
15197 514 7569 515 
15198 7569 7578 515 
15199 7569 7570 7578 
15200 7570 7579 7578 
15201 7570 7571 7579 
15202 7571 7580 7579 
15203 7571 7572 7580 
15204 7572 7581 7580 
15205 7572 7573 7581 
15206 7573 7582 7581 
15207 7573 7574 7582 
15208 7574 7583 7582 
15209 7574 7575 7583 
15210 7575 7584 7583 
15211 7575 7576 7584 
15212 7576 7585 7584 
15213 7576 7577 7585 
15214 7577 7586 7585 
15215 7577 629 7586 
15216 629 630 7586 
15217 515 7578 516 
15218 7578 7587 516 
15219 7578 7579 7587 
15220 7579 7588 7587 
15221 7579 7580 7588 
15222 7580 7589 7588 
15223 7580 7581 7589 
15224 7581 7590 7589 
15225 7581 7582 7590 
15226 7582 7591 7590 
15227 7582 7583 7591 
15228 7583 7592 7591 
15229 7583 7584 7592 
15230 7584 7593 7592 
15231 7584 7585 7593 
15232 7585 7594 7593 
15233 7585 7586 7594 
15234 7586 7595 7594 
15235 7586 630 7595 
15236 630 631 7595 
15237 516 7587 517 
15238 7587 7596 517 
15239 7587 7588 7596 
15240 7588 7597 7596 
15241 7588 7589 7597 
15242 7589 7598 7597 
15243 7589 7590 7598 
15244 7590 7599 7598 
15245 7590 7591 7599 
15246 7591 7600 7599 
15247 7591 7592 7600 
15248 7592 7601 7600 
15249 7592 7593 7601 
15250 7593 7602 7601 
15251 7593 7594 7602 
15252 7594 7603 7602 
15253 7594 7595 7603 
15254 7595 7604 7603 
15255 7595 631 7604 
15256 631 632 7604 
15257 517 7596 518 
15258 7596 7605 518 
15259 7596 7597 7605 
15260 7597 7606 7605 
15261 7597 7598 7606 
15262 7598 7607 7606 
15263 7598 7599 7607 
15264 7599 7608 7607 
15265 7599 7600 7608 
15266 7600 7609 7608 
15267 7600 7601 7609 
15268 7601 7610 7609 
15269 7601 7602 7610 
15270 7602 7611 7610 
15271 7602 7603 7611 
15272 7603 7612 7611 
15273 7603 7604 7612 
15274 7604 7613 7612 
15275 7604 632 7613 
15276 632 633 7613 
15277 518 7605 519 
15278 7605 7614 519 
15279 7605 7606 7614 
15280 7606 7615 7614 
15281 7606 7607 7615 
15282 7607 7616 7615 
15283 7607 7608 7616 
15284 7608 7617 7616 
15285 7608 7609 7617 
15286 7609 7618 7617 
15287 7609 7610 7618 
15288 7610 7619 7618 
15289 7610 7611 7619 
15290 7611 7620 7619 
15291 7611 7612 7620 
15292 7612 7621 7620 
15293 7612 7613 7621 
15294 7613 7622 7621 
15295 7613 633 7622 
15296 633 634 7622 
15297 519 7614 520 
15298 7614 7623 520 
15299 7614 7615 7623 
15300 7615 7624 7623 
15301 7615 7616 7624 
15302 7616 7625 7624 
15303 7616 7617 7625 
15304 7617 7626 7625 
15305 7617 7618 7626 
15306 7618 7627 7626 
15307 7618 7619 7627 
15308 7619 7628 7627 
15309 7619 7620 7628 
15310 7620 7629 7628 
15311 7620 7621 7629 
15312 7621 7630 7629 
15313 7621 7622 7630 
15314 7622 7631 7630 
15315 7622 634 7631 
15316 634 635 7631 
15317 520 7623 521 
15318 7623 7632 521 
15319 7623 7624 7632 
15320 7624 7633 7632 
15321 7624 7625 7633 
15322 7625 7634 7633 
15323 7625 7626 7634 
15324 7626 7635 7634 
15325 7626 7627 7635 
15326 7627 7636 7635 
15327 7627 7628 7636 
15328 7628 7637 7636 
15329 7628 7629 7637 
15330 7629 7638 7637 
15331 7629 7630 7638 
15332 7630 7639 7638 
15333 7630 7631 7639 
15334 7631 7640 7639 
15335 7631 635 7640 
15336 635 636 7640 
15337 521 7632 522 
15338 7632 7641 522 
15339 7632 7633 7641 
15340 7633 7642 7641 
15341 7633 7634 7642 
15342 7634 7643 7642 
15343 7634 7635 7643 
15344 7635 7644 7643 
15345 7635 7636 7644 
15346 7636 7645 7644 
15347 7636 7637 7645 
15348 7637 7646 7645 
15349 7637 7638 7646 
15350 7638 7647 7646 
15351 7638 7639 7647 
15352 7639 7648 7647 
15353 7639 7640 7648 
15354 7640 7649 7648 
15355 7640 636 7649 
15356 636 637 7649 
15357 522 7641 523 
15358 7641 7650 523 
15359 7641 7642 7650 
15360 7642 7651 7650 
15361 7642 7643 7651 
15362 7643 7652 7651 
15363 7643 7644 7652 
15364 7644 7653 7652 
15365 7644 7645 7653 
15366 7645 7654 7653 
15367 7645 7646 7654 
15368 7646 7655 7654 
15369 7646 7647 7655 
15370 7647 7656 7655 
15371 7647 7648 7656 
15372 7648 7657 7656 
15373 7648 7649 7657 
15374 7649 7658 7657 
15375 7649 637 7658 
15376 637 638 7658 
15377 523 7650 524 
15378 7650 7659 524 
15379 7650 7651 7659 
15380 7651 7660 7659 
15381 7651 7652 7660 
15382 7652 7661 7660 
15383 7652 7653 7661 
15384 7653 7662 7661 
15385 7653 7654 7662 
15386 7654 7663 7662 
15387 7654 7655 7663 
15388 7655 7664 7663 
15389 7655 7656 7664 
15390 7656 7665 7664 
15391 7656 7657 7665 
15392 7657 7666 7665 
15393 7657 7658 7666 
15394 7658 7667 7666 
15395 7658 638 7667 
15396 638 639 7667 
15397 524 7659 525 
15398 7659 7668 525 
15399 7659 7660 7668 
15400 7660 7669 7668 
15401 7660 7661 7669 
15402 7661 7670 7669 
15403 7661 7662 7670 
15404 7662 7671 7670 
15405 7662 7663 7671 
15406 7663 7672 7671 
15407 7663 7664 7672 
15408 7664 7673 7672 
15409 7664 7665 7673 
15410 7665 7674 7673 
15411 7665 7666 7674 
15412 7666 7675 7674 
15413 7666 7667 7675 
15414 7667 7676 7675 
15415 7667 639 7676 
15416 639 640 7676 
15417 525 7668 526 
15418 7668 7677 526 
15419 7668 7669 7677 
15420 7669 7678 7677 
15421 7669 7670 7678 
15422 7670 7679 7678 
15423 7670 7671 7679 
15424 7671 7680 7679 
15425 7671 7672 7680 
15426 7672 7681 7680 
15427 7672 7673 7681 
15428 7673 7682 7681 
15429 7673 7674 7682 
15430 7674 7683 7682 
15431 7674 7675 7683 
15432 7675 7684 7683 
15433 7675 7676 7684 
15434 7676 7685 7684 
15435 7676 640 7685 
15436 640 641 7685 
15437 526 7677 527 
15438 7677 7686 527 
15439 7677 7678 7686 
15440 7678 7687 7686 
15441 7678 7679 7687 
15442 7679 7688 7687 
15443 7679 7680 7688 
15444 7680 7689 7688 
15445 7680 7681 7689 
15446 7681 7690 7689 
15447 7681 7682 7690 
15448 7682 7691 7690 
15449 7682 7683 7691 
15450 7683 7692 7691 
15451 7683 7684 7692 
15452 7684 7693 7692 
15453 7684 7685 7693 
15454 7685 7694 7693 
15455 7685 641 7694 
15456 641 642 7694 
15457 527 7686 528 
15458 7686 7695 528 
15459 7686 7687 7695 
15460 7687 7696 7695 
15461 7687 7688 7696 
15462 7688 7697 7696 
15463 7688 7689 7697 
15464 7689 7698 7697 
15465 7689 7690 7698 
15466 7690 7699 7698 
15467 7690 7691 7699 
15468 7691 7700 7699 
15469 7691 7692 7700 
15470 7692 7701 7700 
15471 7692 7693 7701 
15472 7693 7702 7701 
15473 7693 7694 7702 
15474 7694 7703 7702 
15475 7694 642 7703 
15476 642 643 7703 
15477 528 7695 529 
15478 7695 7704 529 
15479 7695 7696 7704 
15480 7696 7705 7704 
15481 7696 7697 7705 
15482 7697 7706 7705 
15483 7697 7698 7706 
15484 7698 7707 7706 
15485 7698 7699 7707 
15486 7699 7708 7707 
15487 7699 7700 7708 
15488 7700 7709 7708 
15489 7700 7701 7709 
15490 7701 7710 7709 
15491 7701 7702 7710 
15492 7702 7711 7710 
15493 7702 7703 7711 
15494 7703 7712 7711 
15495 7703 643 7712 
15496 643 644 7712 
15497 529 7704 530 
15498 7704 7713 530 
15499 7704 7705 7713 
15500 7705 7714 7713 
15501 7705 7706 7714 
15502 7706 7715 7714 
15503 7706 7707 7715 
15504 7707 7716 7715 
15505 7707 7708 7716 
15506 7708 7717 7716 
15507 7708 7709 7717 
15508 7709 7718 7717 
15509 7709 7710 7718 
15510 7710 7719 7718 
15511 7710 7711 7719 
15512 7711 7720 7719 
15513 7711 7712 7720 
15514 7712 7721 7720 
15515 7712 644 7721 
15516 644 645 7721 
15517 530 7713 531 
15518 7713 7722 531 
15519 7713 7714 7722 
15520 7714 7723 7722 
15521 7714 7715 7723 
15522 7715 7724 7723 
15523 7715 7716 7724 
15524 7716 7725 7724 
15525 7716 7717 7725 
15526 7717 7726 7725 
15527 7717 7718 7726 
15528 7718 7727 7726 
15529 7718 7719 7727 
15530 7719 7728 7727 
15531 7719 7720 7728 
15532 7720 7729 7728 
15533 7720 7721 7729 
15534 7721 7730 7729 
15535 7721 645 7730 
15536 645 646 7730 
15537 531 7722 532 
15538 7722 7731 532 
15539 7722 7723 7731 
15540 7723 7732 7731 
15541 7723 7724 7732 
15542 7724 7733 7732 
15543 7724 7725 7733 
15544 7725 7734 7733 
15545 7725 7726 7734 
15546 7726 7735 7734 
15547 7726 7727 7735 
15548 7727 7736 7735 
15549 7727 7728 7736 
15550 7728 7737 7736 
15551 7728 7729 7737 
15552 7729 7738 7737 
15553 7729 7730 7738 
15554 7730 7739 7738 
15555 7730 646 7739 
15556 646 647 7739 
15557 532 7731 533 
15558 7731 7740 533 
15559 7731 7732 7740 
15560 7732 7741 7740 
15561 7732 7733 7741 
15562 7733 7742 7741 
15563 7733 7734 7742 
15564 7734 7743 7742 
15565 7734 7735 7743 
15566 7735 7744 7743 
15567 7735 7736 7744 
15568 7736 7745 7744 
15569 7736 7737 7745 
15570 7737 7746 7745 
15571 7737 7738 7746 
15572 7738 7747 7746 
15573 7738 7739 7747 
15574 7739 7748 7747 
15575 7739 647 7748 
15576 647 648 7748 
15577 533 7740 534 
15578 7740 7749 534 
15579 7740 7741 7749 
15580 7741 7750 7749 
15581 7741 7742 7750 
15582 7742 7751 7750 
15583 7742 7743 7751 
15584 7743 7752 7751 
15585 7743 7744 7752 
15586 7744 7753 7752 
15587 7744 7745 7753 
15588 7745 7754 7753 
15589 7745 7746 7754 
15590 7746 7755 7754 
15591 7746 7747 7755 
15592 7747 7756 7755 
15593 7747 7748 7756 
15594 7748 7757 7756 
15595 7748 648 7757 
15596 648 649 7757 
15597 534 7749 535 
15598 7749 7758 535 
15599 7749 7750 7758 
15600 7750 7759 7758 
15601 7750 7751 7759 
15602 7751 7760 7759 
15603 7751 7752 7760 
15604 7752 7761 7760 
15605 7752 7753 7761 
15606 7753 7762 7761 
15607 7753 7754 7762 
15608 7754 7763 7762 
15609 7754 7755 7763 
15610 7755 7764 7763 
15611 7755 7756 7764 
15612 7756 7765 7764 
15613 7756 7757 7765 
15614 7757 7766 7765 
15615 7757 649 7766 
15616 649 650 7766 
15617 535 7758 536 
15618 7758 7767 536 
15619 7758 7759 7767 
15620 7759 7768 7767 
15621 7759 7760 7768 
15622 7760 7769 7768 
15623 7760 7761 7769 
15624 7761 7770 7769 
15625 7761 7762 7770 
15626 7762 7771 7770 
15627 7762 7763 7771 
15628 7763 7772 7771 
15629 7763 7764 7772 
15630 7764 7773 7772 
15631 7764 7765 7773 
15632 7765 7774 7773 
15633 7765 7766 7774 
15634 7766 7775 7774 
15635 7766 650 7775 
15636 650 651 7775 
15637 536 7767 537 
15638 7767 7776 537 
15639 7767 7768 7776 
15640 7768 7777 7776 
15641 7768 7769 7777 
15642 7769 7778 7777 
15643 7769 7770 7778 
15644 7770 7779 7778 
15645 7770 7771 7779 
15646 7771 7780 7779 
15647 7771 7772 7780 
15648 7772 7781 7780 
15649 7772 7773 7781 
15650 7773 7782 7781 
15651 7773 7774 7782 
15652 7774 7783 7782 
15653 7774 7775 7783 
15654 7775 7784 7783 
15655 7775 651 7784 
15656 651 652 7784 
15657 537 7776 538 
15658 7776 7785 538 
15659 7776 7777 7785 
15660 7777 7786 7785 
15661 7777 7778 7786 
15662 7778 7787 7786 
15663 7778 7779 7787 
15664 7779 7788 7787 
15665 7779 7780 7788 
15666 7780 7789 7788 
15667 7780 7781 7789 
15668 7781 7790 7789 
15669 7781 7782 7790 
15670 7782 7791 7790 
15671 7782 7783 7791 
15672 7783 7792 7791 
15673 7783 7784 7792 
15674 7784 7793 7792 
15675 7784 652 7793 
15676 652 653 7793 
15677 538 7785 539 
15678 7785 7794 539 
15679 7785 7786 7794 
15680 7786 7795 7794 
15681 7786 7787 7795 
15682 7787 7796 7795 
15683 7787 7788 7796 
15684 7788 7797 7796 
15685 7788 7789 7797 
15686 7789 7798 7797 
15687 7789 7790 7798 
15688 7790 7799 7798 
15689 7790 7791 7799 
15690 7791 7800 7799 
15691 7791 7792 7800 
15692 7792 7801 7800 
15693 7792 7793 7801 
15694 7793 7802 7801 
15695 7793 653 7802 
15696 653 654 7802 
15697 539 7794 540 
15698 7794 7803 540 
15699 7794 7795 7803 
15700 7795 7804 7803 
15701 7795 7796 7804 
15702 7796 7805 7804 
15703 7796 7797 7805 
15704 7797 7806 7805 
15705 7797 7798 7806 
15706 7798 7807 7806 
15707 7798 7799 7807 
15708 7799 7808 7807 
15709 7799 7800 7808 
15710 7800 7809 7808 
15711 7800 7801 7809 
15712 7801 7810 7809 
15713 7801 7802 7810 
15714 7802 7811 7810 
15715 7802 654 7811 
15716 654 655 7811 
15717 540 7803 541 
15718 7803 7812 541 
15719 7803 7804 7812 
15720 7804 7813 7812 
15721 7804 7805 7813 
15722 7805 7814 7813 
15723 7805 7806 7814 
15724 7806 7815 7814 
15725 7806 7807 7815 
15726 7807 7816 7815 
15727 7807 7808 7816 
15728 7808 7817 7816 
15729 7808 7809 7817 
15730 7809 7818 7817 
15731 7809 7810 7818 
15732 7810 7819 7818 
15733 7810 7811 7819 
15734 7811 7820 7819 
15735 7811 655 7820 
15736 655 656 7820 
15737 541 7812 542 
15738 7812 7821 542 
15739 7812 7813 7821 
15740 7813 7822 7821 
15741 7813 7814 7822 
15742 7814 7823 7822 
15743 7814 7815 7823 
15744 7815 7824 7823 
15745 7815 7816 7824 
15746 7816 7825 7824 
15747 7816 7817 7825 
15748 7817 7826 7825 
15749 7817 7818 7826 
15750 7818 7827 7826 
15751 7818 7819 7827 
15752 7819 7828 7827 
15753 7819 7820 7828 
15754 7820 7829 7828 
15755 7820 656 7829 
15756 656 657 7829 
15757 542 7821 543 
15758 7821 7830 543 
15759 7821 7822 7830 
15760 7822 7831 7830 
15761 7822 7823 7831 
15762 7823 7832 7831 
15763 7823 7824 7832 
15764 7824 7833 7832 
15765 7824 7825 7833 
15766 7825 7834 7833 
15767 7825 7826 7834 
15768 7826 7835 7834 
15769 7826 7827 7835 
15770 7827 7836 7835 
15771 7827 7828 7836 
15772 7828 7837 7836 
15773 7828 7829 7837 
15774 7829 7838 7837 
15775 7829 657 7838 
15776 657 658 7838 
15777 543 7830 544 
15778 7830 7839 544 
15779 7830 7831 7839 
15780 7831 7840 7839 
15781 7831 7832 7840 
15782 7832 7841 7840 
15783 7832 7833 7841 
15784 7833 7842 7841 
15785 7833 7834 7842 
15786 7834 7843 7842 
15787 7834 7835 7843 
15788 7835 7844 7843 
15789 7835 7836 7844 
15790 7836 7845 7844 
15791 7836 7837 7845 
15792 7837 7846 7845 
15793 7837 7838 7846 
15794 7838 7847 7846 
15795 7838 658 7847 
15796 658 659 7847 
15797 544 7839 545 
15798 7839 7848 545 
15799 7839 7840 7848 
15800 7840 7849 7848 
15801 7840 7841 7849 
15802 7841 7850 7849 
15803 7841 7842 7850 
15804 7842 7851 7850 
15805 7842 7843 7851 
15806 7843 7852 7851 
15807 7843 7844 7852 
15808 7844 7853 7852 
15809 7844 7845 7853 
15810 7845 7854 7853 
15811 7845 7846 7854 
15812 7846 7855 7854 
15813 7846 7847 7855 
15814 7847 7856 7855 
15815 7847 659 7856 
15816 659 660 7856 
15817 545 7848 546 
15818 7848 7857 546 
15819 7848 7849 7857 
15820 7849 7858 7857 
15821 7849 7850 7858 
15822 7850 7859 7858 
15823 7850 7851 7859 
15824 7851 7860 7859 
15825 7851 7852 7860 
15826 7852 7861 7860 
15827 7852 7853 7861 
15828 7853 7862 7861 
15829 7853 7854 7862 
15830 7854 7863 7862 
15831 7854 7855 7863 
15832 7855 7864 7863 
15833 7855 7856 7864 
15834 7856 7865 7864 
15835 7856 660 7865 
15836 660 661 7865 
15837 546 7857 7 
15838 7857 670 7 
15839 7857 7858 670 
15840 7858 669 670 
15841 7858 7859 669 
15842 7859 668 669 
15843 7859 7860 668 
15844 7860 667 668 
15845 7860 7861 667 
15846 7861 666 667 
15847 7861 7862 666 
15848 7862 665 666 
15849 7862 7863 665 
15850 7863 664 665 
15851 7863 7864 664 
15852 7864 663 664 
15853 7864 7865 663 
15854 7865 662 663 
15855 7865 661 662 
15856 661 6 662 
2 3000 2 78
15857 7871 680 7888 
15858 7867 684 7890 
15859 680 681 7888 
15860 684 685 7890 
15861 7872 9 7891 
15862 7869 678 7887 
15863 9 671 7891 
15864 678 11 7887 
15865 7883 7866 7886 
15866 7881 7871 7888 
15867 7883 7886 7892 
15868 7876 7867 7890 
15869 7871 7881 7884 
15870 7873 7882 7889 
15871 682 12 7868 
15872 11 679 7887 
15873 674 10 7873 
15874 7876 7872 7885 
15875 679 680 7871 
15876 12 683 7874 
15877 683 7867 7874 
15878 672 673 7870 
15879 7889 7882 7893 
15880 7868 12 7874 
15881 679 7871 7887 
15882 7875 7877 7878 
15883 7875 7867 7876 
15884 675 676 7866 
15885 7879 7878 7880 
15886 7875 7878 7879 
15887 683 684 7867 
15888 677 678 7869 
15889 686 9 7872 
15890 7875 7876 7877 
15891 7879 7880 7881 
15892 7874 7875 7879 
15893 7874 7867 7875 
15894 7878 7882 7883 
15895 7878 7877 7882 
15896 7868 7874 7879 
15897 7872 7876 7890 
15898 7868 7879 7881 
15899 7880 7878 7883 
15900 685 686 7890 
15901 7881 7880 7884 
15902 686 7872 7890 
15903 7884 7869 7887 
15904 7877 7876 7885 
15905 676 677 7886 
15906 672 7870 7891 
15907 682 7868 7888 
15908 7866 676 7886 
15909 681 682 7888 
15910 671 672 7891 
15911 7885 7872 7891 
15912 677 7869 7886 
15913 7871 7884 7887 
15914 674 7873 7889 
15915 673 674 7889 
15916 7880 7883 7892 
15917 7870 673 7889 
15918 7868 7881 7888 
15919 7885 7870 7893 
15920 7877 7885 7893 
15921 7873 10 7894 
15922 7883 7882 7895 
15923 7870 7885 7891 
15924 10 675 7894 
15925 7869 7884 7892 
15926 675 7866 7894 
15927 7884 7880 7892 
15928 7882 7877 7893 
15929 7882 7873 7895 
15930 7866 7883 7895 
15931 7886 7869 7892 
15932 7870 7889 7893 
15933 7894 7866 7895 
15934 7873 7894 7895 
2 3001 2 78
15935 7911 7901 7915 
15936 7903 7898 7911 
15937 7910 7908 7914 
15938 7901 7911 7916 
15939 699 700 7917 
15940 7899 7910 7914 
15941 700 7903 7917 
15942 7909 7911 7915 
15943 7903 7911 7917 
15944 7896 7907 7909 
15945 698 16 7914 
15946 7896 7909 7915 
15947 7908 7913 7914 
15948 7897 698 7914 
15949 7899 699 7917 
15950 7902 7906 7912 
15951 7911 7898 7916 
15952 16 7899 7914 
15953 7902 7912 7920 
15954 7911 7910 7917 
15955 702 13 7898 
15956 688 689 7901 
15957 690 14 7896 
15958 697 698 7897 
15959 695 696 7902 
15960 700 701 7903 
15961 7898 7903 7923 
15962 16 699 7899 
15963 692 693 7900 
15964 7907 7908 7909 
15965 7905 7900 7906 
15966 7907 7905 7908 
15967 7904 7900 7905 
15968 691 692 7904 
15969 693 694 7912 
15970 692 7900 7904 
15971 7904 7905 7907 
15972 7900 693 7912 
15973 7909 7910 7911 
15974 7905 7906 7913 
15975 7909 7908 7910 
15976 694 15 7920 
15977 7906 7900 7912 
15978 7912 694 7920 
15979 7908 7905 7913 
15980 15 695 7920 
15981 7913 7897 7914 
15982 695 7902 7920 
15983 7904 7907 7918 
15984 7907 7896 7918 
15985 7901 689 7924 
15986 690 7896 7924 
15987 7896 14 7918 
15988 14 691 7918 
15989 7906 7902 7925 
15990 697 7897 7919 
15991 7902 696 7919 
15992 696 697 7919 
15993 7910 7899 7917 
15994 13 687 7922 
15995 688 7901 7921 
15996 7913 7906 7925 
15997 691 7904 7918 
15998 687 688 7921 
15999 7903 701 7923 
16000 701 702 7923 
16001 702 7898 7923 
16002 689 690 7924 
16003 7898 13 7922 
16004 7915 7901 7924 
16005 7896 7915 7924 
16006 7897 7913 7925 
16007 7902 7919 7925 
16008 7901 7916 7921 
16009 7916 7898 7922 
16010 687 7921 7922 
16011 7919 7897 7925 
16012 7921 7916 7922 
2 3002 2 85
16013 7935 7930 7956 
16014 7933 7936 7937 
16015 7932 17 7934 
16016 7933 7937 7948 
16017 17 703 7934 
16018 7930 7944 7956 
16019 7930 7935 7954 
16020 7942 7945 7956 
16021 7942 7927 7945 
16022 7937 7929 7948 
16023 7929 7937 7939 
16024 7935 7934 7954 
16025 711 19 7951 
16026 7932 7934 7935 
16027 7938 7947 7949 
16028 7933 711 7951 
16029 7945 7935 7956 
16030 713 714 7931 
16031 716 717 7927 
16032 715 20 7928 
16033 706 18 7943 
16034 719 17 7932 
16035 7937 7931 7938 
16036 705 706 7930 
16037 703 704 7934 
16038 18 7926 7943 
16039 708 709 7929 
16040 18 707 7926 
16041 7929 7939 7946 
16042 7936 7931 7937 
16043 7947 7928 7949 
16044 7938 7931 7947 
16045 710 711 7933 
16046 713 7931 7936 
16047 7937 7938 7939 
16048 7936 7933 7951 
16049 7941 7927 7942 
16050 712 713 7936 
16051 7939 7938 7940 
16052 716 7927 7941 
16053 7930 7943 7944 
16054 7928 20 7941 
16055 20 716 7941 
16056 7932 7935 7945 
16057 7946 7939 7953 
16058 7930 706 7943 
16059 715 7928 7947 
16060 707 708 7946 
16061 7931 714 7947 
16062 19 712 7951 
16063 709 710 7948 
16064 714 715 7947 
16065 7926 707 7946 
16066 708 7929 7946 
16067 7950 7940 7952 
16068 704 705 7954 
16069 710 7933 7948 
16070 7934 704 7954 
16071 7929 709 7948 
16072 7944 7950 7952 
16073 7944 7943 7950 
16074 719 7932 7955 
16075 7927 717 7957 
16076 718 719 7955 
16077 717 718 7957 
16078 705 7930 7954 
16079 7952 7949 7958 
16080 7940 7938 7949 
16081 7943 7926 7950 
16082 7939 7940 7953 
16083 7940 7949 7952 
16084 7941 7942 7958 
16085 712 7936 7951 
16086 7926 7946 7953 
16087 7940 7950 7953 
16088 7944 7952 7956 
16089 7952 7942 7956 
16090 7928 7941 7958 
16091 7945 7927 7957 
16092 7942 7952 7958 
16093 7932 7945 7955 
16094 7950 7926 7953 
16095 718 7955 7957 
16096 7949 7928 7958 
16097 7955 7945 7957 
2 3003 2 68
16098 729 24 7961 
16099 729 7961 7967 
16100 7979 7966 7981 
16101 7971 7964 7978 
16102 7960 7971 7978 
16103 7972 7966 7979 
16104 7966 7972 7984 
16105 7959 7979 7981 
16106 7964 7971 7977 
16107 7972 7962 7984 
16108 7971 7960 7974 
16109 7964 7977 7980 
16110 23 727 7973 
16111 7973 7959 7983 
16112 722 22 7962 
16113 7963 728 7967 
16114 7963 7967 7968 
16115 7959 7973 7979 
16116 727 7963 7973 
16117 727 728 7963 
16118 7963 7968 7969 
16119 720 721 7965 
16120 728 729 7967 
16121 7970 7968 7971 
16122 7969 7968 7970 
16123 7962 7972 7975 
16124 7963 7969 7973 
16125 7977 7961 7980 
16126 733 21 7960 
16127 7969 7970 7972 
16128 7967 7961 7977 
16129 731 732 7964 
16130 725 726 7959 
16131 723 724 7966 
16132 7970 7971 7974 
16133 7968 7967 7977 
16134 24 730 7961 
16135 21 720 7976 
16136 7973 7969 7979 
16137 7972 7970 7975 
16138 7965 721 7982 
16139 720 7965 7976 
16140 7974 7965 7975 
16141 7974 7960 7976 
16142 7970 7974 7975 
16143 7971 7968 7977 
16144 721 722 7982 
16145 22 723 7984 
16146 7960 21 7976 
16147 7962 22 7984 
16148 723 7966 7984 
16149 7965 7974 7976 
16150 732 733 7978 
16151 23 7973 7983 
16152 7964 732 7978 
16153 7969 7972 7979 
16154 733 7960 7978 
16155 724 725 7981 
16156 726 23 7983 
16157 730 731 7980 
16158 725 7959 7981 
16159 7959 726 7983 
16160 7961 730 7980 
16161 731 7964 7980 
16162 7966 724 7981 
16163 7975 7965 7982 
16164 722 7962 7982 
16165 7962 7975 7982 
2 3004 2 82
16166 7989 7998 7999 
16167 7991 741 8008 
16168 741 27 8008 
16169 7989 7999 8005 
16170 7985 7997 7998 
16171 7997 7985 8010 
16172 7998 7989 8007 
16173 8005 7991 8008 
16174 8001 7987 8014 
16175 7987 8001 8006 
16176 7997 7996 7998 
16177 740 741 7991 
16178 738 739 7987 
16179 746 747 7988 
16180 7995 7996 7997 
16181 7996 7993 8001 
16182 737 26 7992 
16183 736 737 7986 
16184 748 749 8000 
16185 744 745 7985 
16186 7995 7993 7996 
16187 7993 7992 8001 
16188 742 743 7989 
16189 7998 7996 7999 
16190 25 734 7990 
16191 8002 8000 8011 
16192 8003 7997 8010 
16193 7986 7993 7994 
16194 7986 737 7992 
16195 7999 7996 8001 
16196 28 746 8003 
16197 7994 7993 7995 
16198 7986 7992 7993 
16199 7999 8001 8014 
16200 7994 7995 8002 
16201 735 736 8004 
16202 8004 8011 8015 
16203 736 7986 8004 
16204 8000 7990 8011 
16205 8000 8002 8009 
16206 746 7988 8003 
16207 7986 7994 8004 
16208 7985 7998 8007 
16209 8001 7992 8006 
16210 26 738 8006 
16211 8011 7990 8015 
16212 8002 7995 8012 
16213 7988 8002 8012 
16214 743 744 8007 
16215 744 7985 8007 
16216 738 7987 8006 
16217 8002 7988 8009 
16218 8004 7994 8011 
16219 7992 26 8006 
16220 748 8000 8009 
16221 747 748 8009 
16222 745 28 8010 
16223 7985 745 8010 
16224 7989 743 8007 
16225 749 25 8016 
16226 7990 8000 8016 
16227 7988 747 8009 
16228 742 7989 8008 
16229 27 742 8008 
16230 7987 739 8013 
16231 740 7991 8013 
16232 7997 8003 8012 
16233 7995 7997 8012 
16234 8000 749 8016 
16235 739 740 8013 
16236 28 8003 8010 
16237 7994 8002 8011 
16238 734 735 8015 
16239 7990 734 8015 
16240 8003 7988 8012 
16241 8005 7999 8014 
16242 25 7990 8016 
16243 7991 8005 8014 
16244 7989 8005 8008 
16245 8013 7991 8014 
16246 7987 8013 8014 
16247 735 8004 8015 
2 3005 2 82
16248 8033 8022 8040 
16249 8018 8033 8040 
16250 8022 8033 8034 
16251 8017 8030 8032 
16252 8033 8018 8035 
16253 764 765 8023 
16254 8020 757 8038 
16255 764 8023 8037 
16256 8023 8027 8037 
16257 8027 8023 8043 
16258 31 758 8038 
16259 8017 8032 8045 
16260 758 8022 8038 
16261 757 31 8038 
16262 765 29 8023 
16263 8034 8020 8038 
16264 8030 8017 8036 
16265 8026 8027 8028 
16266 8022 8034 8038 
16267 762 763 8021 
16268 8029 8028 8030 
16269 756 757 8020 
16270 8025 8026 8035 
16271 754 755 8024 
16272 8026 8028 8029 
16273 8030 8028 8032 
16274 760 761 8018 
16275 8026 8021 8027 
16276 8029 8030 8031 
16277 753 30 8017 
16278 758 759 8022 
16279 8029 8031 8033 
16280 32 762 8025 
16281 8029 8033 8035 
16282 750 751 8019 
16283 8033 8031 8034 
16284 8025 8021 8026 
16285 8026 8029 8035 
16286 8027 8021 8037 
16287 762 8021 8025 
16288 8020 8034 8044 
16289 8028 8027 8046 
16290 8031 8030 8036 
16291 8021 763 8037 
16292 8025 8035 8041 
16293 8034 8031 8044 
16294 763 764 8037 
16295 8027 8043 8046 
16296 30 754 8039 
16297 8035 8018 8041 
16298 8020 8044 8048 
16299 753 8017 8045 
16300 754 8024 8039 
16301 761 32 8041 
16302 8018 761 8041 
16303 760 8018 8040 
16304 759 760 8040 
16305 8017 30 8039 
16306 8022 759 8040 
16307 750 8019 8047 
16308 8044 8024 8048 
16309 8023 29 8047 
16310 751 752 8042 
16311 32 8025 8041 
16312 8019 751 8042 
16313 8024 755 8048 
16314 756 8020 8048 
16315 8032 8028 8046 
16316 752 753 8045 
16317 8042 8032 8046 
16318 755 756 8048 
16319 29 750 8047 
16320 8036 8017 8039 
16321 8019 8042 8046 
16322 8024 8036 8039 
16323 8031 8036 8044 
16324 8043 8019 8046 
16325 8032 8042 8045 
16326 8036 8024 8044 
16327 8019 8043 8047 
16328 8042 752 8045 
16329 8043 8023 8047 
2 3006 2 80
16330 8062 8066 8070 
16331 8063 8050 8071 
16332 8066 8062 8068 
16333 8054 8063 8071 
16334 8060 8050 8063 
16335 8057 34 8074 
16336 8063 8054 8065 
16337 34 770 8074 
16338 8066 8053 8070 
16339 777 36 8067 
16340 8054 777 8067 
16341 8049 8066 8068 
16342 8057 8070 8079 
16343 8070 8053 8079 
16344 36 778 8067 
16345 778 8052 8067 
16346 8065 8054 8067 
16347 773 35 8055 
16348 780 781 8056 
16349 778 779 8052 
16350 771 772 8051 
16351 33 766 8049 
16352 774 775 8050 
16353 769 34 8057 
16354 767 768 8053 
16355 8061 8060 8063 
16356 8059 8061 8062 
16357 8061 8063 8064 
16358 776 777 8054 
16359 766 767 8066 
16360 767 8053 8066 
16361 8059 8060 8061 
16362 8076 8056 8078 
16363 8061 8064 8068 
16364 8058 8059 8069 
16365 8058 8055 8059 
16366 8051 772 8058 
16367 8059 8055 8060 
16368 772 773 8058 
16369 8051 8058 8069 
16370 773 8055 8058 
16371 8073 8057 8074 
16372 8064 8063 8065 
16373 8070 8057 8073 
16374 8049 766 8066 
16375 781 33 8072 
16376 8050 8060 8075 
16377 8062 8061 8068 
16378 8060 8055 8075 
16379 8059 8062 8069 
16380 8056 781 8072 
16381 8064 8076 8078 
16382 775 776 8071 
16383 8052 8065 8067 
16384 8056 8072 8078 
16385 8050 775 8071 
16386 771 8051 8074 
16387 33 8049 8072 
16388 776 8054 8071 
16389 770 771 8074 
16390 8069 8062 8070 
16391 35 774 8075 
16392 774 8050 8075 
16393 8055 35 8075 
16394 8068 8064 8078 
16395 780 8056 8077 
16396 779 780 8077 
16397 8052 779 8077 
16398 768 769 8079 
16399 769 8057 8079 
16400 8053 768 8079 
16401 8069 8070 8073 
16402 8065 8052 8076 
16403 8051 8069 8073 
16404 8049 8068 8078 
16405 8076 8052 8077 
16406 8064 8065 8076 
16407 8056 8076 8077 
16408 8072 8049 8078 
16409 8051 8073 8074 
2 3007 2 102
16410 8100 8092 8109 
16411 792 793 8109 
16412 8112 8114 8117 
16413 8084 8100 8109 
16414 39 791 8088 
16415 8114 8085 8117 
16416 39 8088 8089 
16417 8091 8087 8113 
16418 8100 8081 8102 
16419 8088 792 8109 
16420 8081 8100 8108 
16421 8087 8091 8107 
16422 8106 8112 8117 
16423 793 8084 8109 
16424 8101 8086 8115 
16425 8092 8090 8109 
16426 8082 8091 8113 
16427 8082 8090 8091 
16428 8104 8101 8115 
16429 8098 8097 8104 
16430 8091 8090 8092 
16431 797 798 8085 
16432 8102 8081 8116 
16433 8091 8092 8093 
16434 8086 8101 8119 
16435 787 788 8087 
16436 8093 8092 8094 
16437 789 790 8082 
16438 8111 8110 8115 
16439 8093 8094 8095 
16440 8095 8097 8098 
16441 8103 8102 8116 
16442 8095 8098 8099 
16443 8105 8087 8107 
16444 8082 8089 8090 
16445 37 782 8083 
16446 795 40 8081 
16447 8104 8097 8112 
16448 8095 8096 8097 
16449 8093 8095 8099 
16450 8105 8107 8118 
16451 784 785 8086 
16452 8095 8094 8096 
16453 786 38 8080 
16454 790 39 8089 
16455 793 794 8084 
16456 791 792 8088 
16457 8094 8092 8100 
16458 38 787 8105 
16459 8094 8100 8102 
16460 8103 8085 8114 
16461 799 37 8106 
16462 8091 8093 8107 
16463 8089 8088 8090 
16464 8086 8111 8115 
16465 782 783 8101 
16466 8083 782 8101 
16467 40 796 8116 
16468 8082 790 8089 
16469 8096 8102 8103 
16470 8096 8094 8102 
16471 37 8083 8106 
16472 787 8087 8105 
16473 8080 38 8105 
16474 8100 8084 8108 
16475 8085 8103 8120 
16476 8112 8097 8114 
16477 8080 8110 8111 
16478 8096 8103 8114 
16479 8093 8099 8107 
16480 8083 8101 8104 
16481 797 8085 8120 
16482 794 795 8108 
16483 8081 40 8116 
16484 795 8081 8108 
16485 8083 8104 8112 
16486 8087 788 8113 
16487 8084 794 8108 
16488 8099 8098 8110 
16489 785 786 8111 
16490 8086 785 8111 
16491 8090 8088 8109 
16492 789 8082 8113 
16493 8085 798 8117 
16494 788 789 8113 
16495 786 8080 8111 
16496 8097 8096 8114 
16497 798 799 8117 
16498 796 797 8120 
16499 8107 8099 8118 
16500 783 784 8119 
16501 784 8086 8119 
16502 8106 8083 8112 
16503 8098 8104 8115 
16504 8110 8098 8115 
16505 799 8106 8117 
16506 8080 8105 8118 
16507 8101 783 8119 
16508 8103 8116 8120 
16509 8110 8080 8118 
16510 8099 8110 8118 
16511 8116 796 8120 
2 3008 2 115
16512 41 8124 8144 
16513 818 41 8144 
16514 8124 8143 8144 
16515 808 43 8126 
16516 42 805 8123 
16517 8133 8136 8141 
16518 8121 8140 8145 
16519 8136 8135 8137 
16520 8136 8137 8140 
16521 8149 8151 8152 
16522 8133 8134 8135 
16523 41 800 8124 
16524 8133 8135 8136 
16525 8137 8138 8139 
16526 8141 8136 8143 
16527 8131 8133 8141 
16528 806 807 8128 
16529 8137 8135 8138 
16530 8131 8132 8133 
16531 8140 8121 8166 
16532 8133 8132 8134 
16533 8132 8128 8158 
16534 8149 8122 8151 
16535 810 811 8122 
16536 8135 8134 8142 
16537 812 813 8129 
16538 8143 8140 8144 
16539 8128 8132 8156 
16540 8136 8140 8143 
16541 8126 8150 8153 
16542 8138 8135 8142 
16543 802 803 8127 
16544 816 817 8121 
16545 8140 8137 8145 
16546 44 814 8125 
16547 8131 8123 8132 
16548 8144 8140 8166 
16549 8130 8131 8147 
16550 8150 8126 8154 
16551 8130 8147 8161 
16552 42 8123 8130 
16553 804 42 8130 
16554 8130 8123 8131 
16555 8126 8153 8158 
16556 8139 8138 8152 
16557 8155 8126 8158 
16558 8137 8139 8145 
16559 8134 8132 8158 
16560 8148 8147 8167 
16561 8127 8147 8148 
16562 8124 8148 8167 
16563 8122 8149 8150 
16564 8148 8124 8164 
16565 8132 8123 8156 
16566 815 816 8146 
16567 8147 8127 8161 
16568 816 8121 8146 
16569 8149 8142 8150 
16570 8150 8142 8153 
16571 8160 8125 8165 
16572 8147 8141 8167 
16573 812 8129 8151 
16574 8131 8141 8147 
16575 811 812 8151 
16576 818 8144 8166 
16577 8126 43 8154 
16578 806 8128 8156 
16579 8138 8142 8149 
16580 8122 811 8151 
16581 8128 807 8155 
16582 817 818 8166 
16583 805 806 8156 
16584 8143 8124 8167 
16585 807 808 8155 
16586 8121 8145 8146 
16587 8139 8152 8160 
16588 813 44 8163 
16589 8151 8129 8152 
16590 8142 8134 8153 
16591 8139 8160 8165 
16592 43 809 8154 
16593 8124 800 8164 
16594 809 810 8159 
16595 803 804 8161 
16596 814 815 8157 
16597 8123 805 8156 
16598 44 8125 8163 
16599 808 8126 8155 
16600 8127 803 8161 
16601 801 802 8162 
16602 8125 814 8157 
16603 810 8122 8159 
16604 802 8127 8162 
16605 8141 8143 8167 
16606 8129 813 8163 
16607 800 801 8164 
16608 8122 8150 8159 
16609 8121 817 8166 
16610 8127 8148 8162 
16611 8138 8149 8152 
16612 804 8130 8161 
16613 8125 8157 8165 
16614 815 8146 8157 
16615 8152 8129 8160 
16616 8145 8139 8165 
16617 8154 809 8159 
16618 8128 8155 8158 
16619 8146 8145 8165 
16620 8153 8134 8158 
16621 8150 8154 8159 
16622 8157 8146 8165 
16623 8125 8160 8163 
16624 8160 8129 8163 
16625 8162 8148 8164 
16626 801 8162 8164 
2 3009 2 96
16627 8185 8192 8201 
16628 8185 8184 8192 
16629 826 8173 8193 
16630 832 48 8196 
16631 8187 8168 8192 
16632 8191 8195 8200 
16633 8184 8187 8192 
16634 8191 8186 8195 
16635 48 8175 8196 
16636 825 826 8193 
16637 8173 8188 8193 
16638 833 834 8194 
16639 8192 8174 8201 
16640 8171 8186 8191 
16641 8175 833 8194 
16642 8186 8171 8190 
16643 829 830 8191 
16644 8188 8173 8198 
16645 830 8171 8191 
16646 48 833 8175 
16647 8184 8181 8187 
16648 46 824 8170 
16649 8181 8178 8187 
16650 8179 8178 8180 
16651 8179 8180 8186 
16652 834 835 8172 
16653 826 827 8173 
16654 8172 8178 8179 
16655 8180 8178 8181 
16656 8188 8185 8199 
16657 8178 8177 8187 
16658 8172 8177 8178 
16659 8198 8189 8205 
16660 827 47 8189 
16661 8180 8181 8182 
16662 8183 8181 8184 
16663 8183 8184 8185 
16664 47 8169 8189 
16665 47 828 8169 
16666 8170 8188 8199 
16667 8172 835 8177 
16668 8182 8181 8183 
16669 830 831 8171 
16670 45 819 8168 
16671 820 821 8174 
16672 8183 8185 8188 
16673 822 823 8176 
16674 835 836 8177 
16675 8195 8169 8200 
16676 834 8172 8194 
16677 8182 8198 8205 
16678 8173 827 8189 
16679 8168 8187 8197 
16680 824 825 8193 
16681 8187 8177 8197 
16682 8180 8182 8195 
16683 8170 824 8193 
16684 8190 8175 8194 
16685 8173 8189 8198 
16686 8183 8188 8198 
16687 8179 8186 8190 
16688 831 832 8196 
16689 8175 8190 8196 
16690 8171 831 8196 
16691 8179 8190 8194 
16692 836 45 8197 
16693 8190 8171 8196 
16694 8172 8179 8194 
16695 8186 8180 8195 
16696 8188 8170 8193 
16697 46 8170 8203 
16698 8168 819 8202 
16699 828 829 8200 
16700 820 8174 8202 
16701 8177 836 8197 
16702 8195 8182 8205 
16703 45 8168 8197 
16704 821 822 8204 
16705 823 46 8203 
16706 8182 8183 8198 
16707 822 8176 8204 
16708 8176 823 8203 
16709 829 8191 8200 
16710 8169 828 8200 
16711 819 820 8202 
16712 8174 821 8204 
16713 8192 8168 8202 
16714 8189 8169 8205 
16715 8174 8192 8202 
16716 8201 8174 8204 
16717 8176 8201 8204 
16718 8170 8199 8203 
16719 8169 8195 8205 
16720 8176 8199 8201 
16721 8199 8185 8201 
16722 8199 8176 8203 
2 3010 2 89
16723 8221 8208 8223 
16724 8208 8221 8225 
16725 8230 8209 8238 
16726 8226 8210 8228 
16727 8214 8230 8238 
16728 8224 8209 8230 
16729 8221 8222 8225 
16730 847 848 8229 
16731 8225 8222 8227 
16732 8223 8211 8224 
16733 848 8209 8229 
16734 8216 8217 8230 
16735 8228 8210 8232 
16736 846 847 8229 
16737 8211 846 8229 
16738 8227 8222 8236 
16739 8222 8228 8236 
16740 8214 8216 8230 
16741 8224 8211 8229 
16742 52 850 8214 
16743 8220 8223 8224 
16744 844 51 8208 
16745 8223 8208 8231 
16746 839 840 8215 
16747 8220 8221 8223 
16748 837 838 8210 
16749 8217 8219 8220 
16750 8209 8224 8229 
16751 851 852 8206 
16752 8220 8219 8221 
16753 50 841 8207 
16754 842 843 8213 
16755 853 49 8212 
16756 8221 8219 8222 
16757 8210 8226 8235 
16758 845 846 8211 
16759 848 849 8209 
16760 8217 8218 8219 
16761 8219 8218 8226 
16762 8222 8219 8226 
16763 8213 8225 8227 
16764 8227 8207 8239 
16765 8213 8227 8239 
16766 8217 8206 8218 
16767 8217 8220 8230 
16768 8222 8226 8228 
16769 8211 8223 8231 
16770 8215 8228 8232 
16771 8212 8218 8234 
16772 850 851 8216 
16773 8214 850 8216 
16774 8218 8212 8235 
16775 51 845 8231 
16776 8218 8206 8234 
16777 845 8211 8231 
16778 8216 8206 8217 
16779 8226 8218 8235 
16780 8220 8224 8230 
16781 851 8206 8216 
16782 8208 8225 8233 
16783 839 8215 8232 
16784 8208 51 8231 
16785 844 8208 8233 
16786 838 839 8232 
16787 840 50 8237 
16788 843 844 8233 
16789 8213 843 8233 
16790 852 853 8234 
16791 8210 838 8232 
16792 853 8212 8234 
16793 8215 840 8237 
16794 837 8210 8240 
16795 49 837 8240 
16796 8225 8213 8233 
16797 52 8214 8238 
16798 842 8213 8239 
16799 841 842 8239 
16800 8206 852 8234 
16801 8228 8215 8236 
16802 8207 841 8239 
16803 8207 8227 8236 
16804 50 8207 8237 
16805 849 52 8238 
16806 8209 849 8238 
16807 8212 49 8240 
16808 8236 8215 8237 
16809 8207 8236 8237 
16810 8210 8235 8240 
16811 8235 8212 8240 
2 3011 2 99
16812 8258 8241 8272 
16813 8244 8259 8260 
16814 8241 8258 8261 
16815 8260 8258 8272 
16816 8259 8244 8264 
16817 872 53 8248 
16818 872 8248 8269 
16819 8242 8255 8268 
16820 8256 8254 8257 
16821 8268 8255 8276 
16822 8251 8254 8256 
16823 863 864 8273 
16824 8258 8254 8261 
16825 8243 8256 8275 
16826 862 55 8246 
16827 54 859 8250 
16828 8250 8251 8256 
16829 864 8249 8273 
16830 8266 8247 8271 
16831 8266 8271 8275 
16832 8251 8253 8254 
16833 8257 8254 8258 
16834 8256 8243 8267 
16835 8246 8273 8276 
16836 8251 8252 8253 
16837 867 56 8262 
16838 8257 8258 8259 
16839 56 8241 8262 
16840 859 860 8245 
16841 8259 8258 8260 
16842 8253 8252 8255 
16843 8244 8260 8278 
16844 53 854 8248 
16845 855 856 8247 
16846 8251 8245 8252 
16847 866 867 8242 
16848 8254 8253 8261 
16849 857 858 8243 
16850 870 871 8244 
16851 56 868 8241 
16852 8250 8245 8251 
16853 864 865 8249 
16854 8245 860 8263 
16855 860 861 8263 
16856 8241 8261 8262 
16857 859 8245 8250 
16858 8273 8249 8276 
16859 8242 867 8262 
16860 8264 8248 8270 
16861 8252 8245 8263 
16862 8255 8242 8274 
16863 8264 8270 8279 
16864 8259 8264 8279 
16865 8252 8263 8265 
16866 8256 8257 8275 
16867 8266 8259 8279 
16868 8250 8256 8267 
16869 8264 8244 8269 
16870 8248 8264 8269 
16871 8246 55 8273 
16872 858 54 8267 
16873 8243 858 8267 
16874 854 855 8270 
16875 8248 854 8270 
16876 55 863 8273 
16877 54 8250 8267 
16878 865 866 8268 
16879 8255 8252 8265 
16880 8257 8259 8266 
16881 8253 8255 8274 
16882 8265 8263 8277 
16883 8265 8246 8276 
16884 8249 865 8268 
16885 868 869 8272 
16886 866 8242 8268 
16887 870 8244 8278 
16888 856 857 8271 
16889 857 8243 8271 
16890 871 872 8269 
16891 8244 871 8269 
16892 855 8247 8270 
16893 8261 8253 8274 
16894 8247 856 8271 
16895 8262 8261 8274 
16896 8241 868 8272 
16897 861 862 8277 
16898 8272 869 8278 
16899 8246 8265 8277 
16900 8249 8268 8276 
16901 862 8246 8277 
16902 869 870 8278 
16903 8260 8272 8278 
16904 8242 8262 8274 
16905 8271 8243 8275 
16906 8263 861 8277 
16907 8255 8265 8276 
16908 8257 8266 8275 
16909 8247 8266 8279 
16910 8270 8247 8279 
2 3012 2 118
16911 884 885 8313 
16912 885 8286 8313 
16913 8307 8299 8309 
16914 883 884 8313 
16915 8283 883 8313 
16916 8304 8285 8310 
16917 8285 8304 8319 
16918 8309 8299 8312 
16919 8281 8307 8309 
16920 8282 8305 8320 
16921 8305 8282 8325 
16922 8315 8318 8321 
16923 8315 8308 8318 
16924 8288 8305 8306 
16925 8287 8292 8317 
16926 8288 8306 8314 
16927 8292 8287 8318 
16928 8286 8309 8312 
16929 886 887 8309 
16930 8286 886 8309 
16931 892 57 8288 
16932 890 891 8284 
16933 8305 8288 8320 
16934 59 883 8283 
16935 8293 8292 8302 
16936 8296 8293 8302 
16937 888 889 8289 
16938 8299 8296 8300 
16939 8300 8296 8302 
16940 885 886 8286 
16941 873 874 8282 
16942 876 877 8285 
16943 878 879 8280 
16944 8297 8296 8299 
16945 8294 8303 8304 
16946 887 60 8281 
16947 8295 8293 8296 
16948 8291 8292 8293 
16949 8291 8280 8292 
16950 8291 8293 8294 
16951 8295 8296 8297 
16952 880 881 8287 
16953 8294 8293 8295 
16954 8295 8297 8298 
16955 8294 8295 8303 
16956 8298 8297 8301 
16957 8295 8298 8303 
16958 8290 8280 8291 
16959 58 878 8290 
16960 878 8280 8290 
16961 8298 8301 8306 
16962 8290 8310 8327 
16963 8301 8297 8307 
16964 8303 8298 8305 
16965 8305 8298 8306 
16966 8294 8304 8310 
16967 8290 8291 8310 
16968 8297 8299 8307 
16969 8300 8302 8308 
16970 8310 8285 8327 
16971 8306 8284 8314 
16972 887 8281 8309 
16973 8302 8292 8318 
16974 8292 8280 8317 
16975 8304 8311 8319 
16976 8301 8316 8323 
16977 8291 8294 8310 
16978 8301 8307 8316 
16979 8303 8305 8325 
16980 8306 8301 8323 
16981 8286 8312 8313 
16982 8284 8306 8323 
16983 874 875 8311 
16984 8282 874 8311 
16985 8283 8308 8315 
16986 879 880 8317 
16987 880 8287 8317 
16988 8313 8312 8326 
16989 8316 8289 8323 
16990 8299 8300 8312 
16991 875 876 8319 
16992 876 8285 8319 
16993 8311 8304 8325 
16994 8288 57 8320 
16995 8284 891 8314 
16996 892 8288 8314 
16997 882 59 8315 
16998 891 892 8314 
16999 57 873 8320 
17000 59 8283 8315 
17001 60 888 8324 
17002 8280 879 8317 
17003 8289 889 8322 
17004 889 890 8322 
17005 881 882 8321 
17006 8287 881 8321 
17007 888 8289 8324 
17008 8312 8300 8326 
17009 877 58 8327 
17010 8282 8311 8325 
17011 8281 60 8324 
17012 873 8282 8320 
17013 8285 877 8327 
17014 890 8284 8322 
17015 8307 8281 8316 
17016 8308 8302 8318 
17017 8283 8313 8326 
17018 8304 8303 8325 
17019 8318 8287 8321 
17020 58 8290 8327 
17021 8308 8283 8326 
17022 8300 8308 8326 
17023 8311 875 8319 
17024 8289 8322 8323 
17025 8316 8281 8324 
17026 882 8315 8321 
17027 8322 8284 8323 
17028 8289 8316 8324 
2 3013 2 70
17029 8328 8339 8344 
17030 898 899 8343 
17031 8332 898 8343 
17032 8344 8339 8347 
17033 8341 8330 8350 
17034 63 900 8329 
17035 8339 8328 8349 
17036 8340 8333 8345 
17037 8341 8350 8354 
17038 63 8329 8343 
17039 902 64 8331 
17040 903 904 8348 
17041 893 894 8333 
17042 8347 8331 8348 
17043 899 63 8343 
17044 904 8334 8348 
17045 8345 8333 8346 
17046 8337 8338 8342 
17047 8338 8340 8341 
17048 8338 8339 8340 
17049 62 896 8330 
17050 8329 8337 8342 
17051 897 898 8332 
17052 8338 8336 8339 
17053 906 61 8328 
17054 8334 8347 8348 
17055 904 905 8334 
17056 8334 8344 8347 
17057 8336 8331 8347 
17058 8338 8341 8342 
17059 8335 8331 8336 
17060 8330 8341 8345 
17061 8331 64 8348 
17062 61 893 8351 
17063 8337 8336 8338 
17064 64 903 8348 
17065 8332 8343 8354 
17066 901 902 8335 
17067 8329 8342 8343 
17068 895 62 8353 
17069 902 8331 8335 
17070 896 897 8350 
17071 8335 8336 8337 
17072 8333 894 8346 
17073 897 8332 8350 
17074 8343 8342 8354 
17075 893 8333 8351 
17076 8341 8340 8345 
17077 905 906 8344 
17078 8333 8340 8349 
17079 894 895 8346 
17080 906 8328 8344 
17081 8328 61 8351 
17082 8339 8336 8347 
17083 8334 905 8344 
17084 8329 900 8352 
17085 8340 8339 8349 
17086 8330 896 8350 
17087 900 901 8352 
17088 62 8330 8353 
17089 8337 8329 8352 
17090 8330 8345 8353 
17091 8345 8346 8353 
17092 8342 8341 8354 
17093 8350 8332 8354 
17094 901 8335 8352 
17095 8335 8337 8352 
17096 8333 8349 8351 
17097 8349 8328 8351 
17098 8346 895 8353 
2 3014 2 82
17099 8357 922 8363 
17100 922 65 8363 
17101 913 8362 8376 
17102 913 914 8362 
17103 8357 8363 8364 
17104 8360 8364 8386 
17105 8364 8363 8386 
17106 8378 8371 8384 
17107 8356 8378 8384 
17108 8364 8360 8365 
17109 8372 8362 8379 
17110 8372 8379 8383 
17111 914 67 8362 
17112 8364 8365 8366 
17113 911 912 8359 
17114 8368 8369 8370 
17115 919 920 8361 
17116 921 922 8357 
17117 8362 8372 8376 
17118 8366 8365 8367 
17119 910 66 8356 
17120 8366 8367 8368 
17121 8368 8367 8369 
17122 918 68 8355 
17123 8355 8373 8385 
17124 915 916 8358 
17125 908 909 8360 
17126 8373 8355 8380 
17127 65 907 8363 
17128 8372 8359 8376 
17129 8369 8371 8372 
17130 8357 8364 8374 
17131 8371 8359 8372 
17132 8358 8370 8383 
17133 8369 8367 8371 
17134 8365 8360 8375 
17135 8364 8366 8374 
17136 8370 8369 8383 
17137 66 911 8378 
17138 8366 8368 8373 
17139 8362 67 8379 
17140 8356 66 8378 
17141 8365 8375 8384 
17142 910 8356 8375 
17143 909 910 8375 
17144 8359 912 8376 
17145 67 915 8379 
17146 8375 8356 8384 
17147 8373 8368 8385 
17148 68 919 8380 
17149 912 913 8376 
17150 8371 8367 8384 
17151 911 8359 8378 
17152 8359 8371 8378 
17153 917 918 8377 
17154 8360 909 8375 
17155 918 8355 8377 
17156 8370 8358 8381 
17157 8366 8373 8374 
17158 8361 8373 8380 
17159 8373 8361 8374 
17160 915 8358 8379 
17161 919 8361 8380 
17162 8361 920 8382 
17163 8355 68 8380 
17164 920 921 8382 
17165 907 908 8386 
17166 8363 907 8386 
17167 916 917 8381 
17168 921 8357 8382 
17169 8369 8372 8383 
17170 8358 916 8381 
17171 8368 8370 8385 
17172 8367 8365 8384 
17173 8374 8361 8382 
17174 8379 8358 8383 
17175 908 8360 8386 
17176 8357 8374 8382 
17177 8377 8370 8381 
17178 917 8377 8381 
17179 8377 8355 8385 
17180 8370 8377 8385 
2 3015 2 86
17181 8409 8402 8414 
17182 8404 8400 8413 
17183 8388 8409 8414 
17184 8389 8404 8413 
17185 69 923 8393 
17186 8393 923 8403 
17187 8399 8400 8404 
17188 8408 8402 8409 
17189 8396 8406 8407 
17190 8402 8408 8413 
17191 8406 8396 8410 
17192 8393 8399 8404 
17193 927 928 8392 
17194 929 930 8394 
17195 938 69 8393 
17196 8402 8410 8414 
17197 8400 8401 8402 
17198 935 936 8389 
17199 8400 8398 8401 
17200 926 70 8387 
17201 933 934 8388 
17202 71 931 8390 
17203 924 925 8391 
17204 8399 8398 8400 
17205 8399 8393 8403 
17206 8391 8398 8399 
17207 8398 8397 8405 
17208 8415 8394 8416 
17209 926 8387 8397 
17210 925 926 8397 
17211 8397 8387 8405 
17212 8390 8395 8396 
17213 931 932 8395 
17214 8391 8399 8403 
17215 8390 931 8395 
17216 8414 8395 8417 
17217 8401 8406 8410 
17218 8394 8407 8416 
17219 8407 8406 8416 
17220 8391 8397 8398 
17221 8401 8405 8406 
17222 934 72 8409 
17223 8388 934 8409 
17224 72 935 8408 
17225 8391 925 8397 
17226 927 8392 8412 
17227 8401 8398 8405 
17228 923 924 8403 
17229 8396 8395 8414 
17230 924 8391 8403 
17231 930 71 8419 
17232 935 8389 8408 
17233 8394 930 8419 
17234 8402 8401 8410 
17235 70 927 8412 
17236 929 8394 8415 
17237 8388 8414 8417 
17238 8390 8396 8407 
17239 8406 8405 8411 
17240 928 929 8415 
17241 8392 928 8415 
17242 8404 8389 8418 
17243 8389 936 8418 
17244 8393 8404 8420 
17245 8390 8407 8419 
17246 72 8408 8409 
17247 8400 8402 8413 
17248 8387 70 8412 
17249 932 933 8417 
17250 8392 8415 8416 
17251 8405 8387 8411 
17252 8407 8394 8419 
17253 933 8388 8417 
17254 938 8393 8420 
17255 937 938 8420 
17256 936 937 8418 
17257 8392 8411 8412 
17258 71 8390 8419 
17259 8406 8411 8416 
17260 8411 8392 8416 
17261 8395 932 8417 
17262 8408 8389 8413 
17263 8410 8396 8414 
17264 8411 8387 8412 
17265 8404 8418 8420 
17266 8418 937 8420 
2 3016 2 74
17267 8428 8424 8438 
17268 8435 8428 8438 
17269 76 8422 8429 
17270 8427 8437 8445 
17271 948 76 8429 
17272 8437 8421 8445 
17273 8424 8428 8447 
17274 8429 8422 8430 
17275 8434 8436 8437 
17276 8437 8427 8440 
17277 8426 8433 8444 
17278 8434 8437 8440 
17279 940 941 8423 
17280 946 947 8425 
17281 8432 8423 8433 
17282 8431 8423 8432 
17283 940 8423 8431 
17284 943 944 8421 
17285 8433 8423 8444 
17286 952 73 8424 
17287 950 951 8428 
17288 945 75 8427 
17289 76 949 8422 
17290 939 940 8431 
17291 74 942 8426 
17292 8425 8429 8434 
17293 8436 8433 8437 
17294 8429 8430 8434 
17295 75 946 8439 
17296 8432 8433 8436 
17297 8430 8422 8435 
17298 941 74 8444 
17299 73 939 8446 
17300 8433 8426 8441 
17301 8431 8432 8438 
17302 8421 8437 8441 
17303 946 8425 8439 
17304 8434 8430 8436 
17305 8429 8425 8448 
17306 8425 8434 8440 
17307 8439 8425 8440 
17308 8435 8438 8449 
17309 74 8426 8444 
17310 949 950 8442 
17311 8423 941 8444 
17312 8424 73 8446 
17313 950 8428 8442 
17314 8427 75 8439 
17315 948 8429 8448 
17316 8437 8433 8441 
17317 8425 947 8448 
17318 944 945 8445 
17319 8438 8424 8446 
17320 942 943 8443 
17321 947 948 8448 
17322 8436 8430 8449 
17323 8426 942 8443 
17324 945 8427 8445 
17325 8432 8436 8449 
17326 943 8421 8443 
17327 951 952 8447 
17328 8421 944 8445 
17329 8422 949 8442 
17330 8428 8435 8442 
17331 8428 951 8447 
17332 8431 8438 8446 
17333 952 8424 8447 
17334 8435 8422 8442 
17335 939 8431 8446 
17336 8427 8439 8440 
17337 8438 8432 8449 
17338 8430 8435 8449 
17339 8421 8441 8443 
17340 8441 8426 8443 
2 3017 2 55
17341 954 8453 8455 
17342 953 954 8455 
17343 8453 955 8463 
17344 8451 8459 8460 
17345 8451 8457 8459 
17346 8461 8466 8467 
17347 8459 8462 8464 
17348 8460 8459 8464 
17349 955 78 8463 
17350 8455 8453 8457 
17351 8458 8453 8463 
17352 8466 8454 8467 
17353 965 77 8465 
17354 77 8455 8465 
17355 80 963 8460 
17356 8456 8452 8467 
17357 8457 8458 8459 
17358 958 79 8454 
17359 8457 8453 8458 
17360 8458 8450 8461 
17361 77 953 8455 
17362 956 957 8450 
17363 954 955 8453 
17364 956 8450 8463 
17365 8457 8451 8465 
17366 8452 8462 8467 
17367 8455 8457 8465 
17368 964 965 8465 
17369 963 964 8451 
17370 78 956 8463 
17371 8451 964 8465 
17372 8450 8458 8463 
17373 961 962 8452 
17374 959 960 8456 
17375 963 8451 8460 
17376 8462 8461 8467 
17377 8461 8450 8466 
17378 8459 8458 8461 
17379 962 80 8464 
17380 8452 962 8464 
17381 8452 8456 8469 
17382 957 958 8466 
17383 8459 8461 8462 
17384 958 8454 8466 
17385 8462 8452 8464 
17386 80 8460 8464 
17387 8456 8454 8468 
17388 8454 8456 8467 
17389 8450 957 8466 
17390 8454 79 8468 
17391 960 961 8469 
17392 79 959 8468 
17393 961 8452 8469 
17394 8456 960 8469 
17395 959 8456 8468 
2 3018 2 78
17396 8485 8475 8489 
17397 8477 8472 8485 
17398 8484 8482 8488 
17399 8475 8485 8490 
17400 978 979 8491 
17401 8473 8484 8488 
17402 979 8477 8491 
17403 8483 8485 8489 
17404 8477 8485 8491 
17405 8470 8481 8483 
17406 977 84 8488 
17407 8470 8483 8489 
17408 8482 8487 8488 
17409 8471 977 8488 
17410 8473 978 8491 
17411 8476 8480 8486 
17412 8485 8472 8490 
17413 84 8473 8488 
17414 8476 8486 8494 
17415 8485 8484 8491 
17416 981 81 8472 
17417 967 968 8475 
17418 969 82 8470 
17419 976 977 8471 
17420 974 975 8476 
17421 979 980 8477 
17422 8472 8477 8497 
17423 84 978 8473 
17424 971 972 8474 
17425 8481 8482 8483 
17426 8479 8474 8480 
17427 8481 8479 8482 
17428 8478 8474 8479 
17429 970 971 8478 
17430 972 973 8486 
17431 971 8474 8478 
17432 8478 8479 8481 
17433 8474 972 8486 
17434 8483 8484 8485 
17435 8479 8480 8487 
17436 8483 8482 8484 
17437 973 83 8494 
17438 8480 8474 8486 
17439 8486 973 8494 
17440 8482 8479 8487 
17441 83 974 8494 
17442 8487 8471 8488 
17443 974 8476 8494 
17444 8478 8481 8492 
17445 8481 8470 8492 
17446 8475 968 8498 
17447 969 8470 8498 
17448 8470 82 8492 
17449 82 970 8492 
17450 8480 8476 8499 
17451 976 8471 8493 
17452 8476 975 8493 
17453 975 976 8493 
17454 8484 8473 8491 
17455 81 966 8496 
17456 967 8475 8495 
17457 8487 8480 8499 
17458 970 8478 8492 
17459 966 967 8495 
17460 8477 980 8497 
17461 980 981 8497 
17462 981 8472 8497 
17463 968 969 8498 
17464 8472 81 8496 
17465 8489 8475 8498 
17466 8470 8489 8498 
17467 8471 8487 8499 
17468 8476 8493 8499 
17469 8475 8490 8495 
17470 8490 8472 8496 
17471 966 8495 8496 
17472 8493 8471 8499 
17473 8495 8490 8496 
2 3019 2 76
17474 993 88 8520 
17475 8516 8514 8518 
17476 982 983 8507 
17477 983 8506 8507 
17478 8501 993 8520 
17479 8501 8516 8518 
17480 88 8503 8520 
17481 8518 8514 8526 
17482 8508 8502 8525 
17483 8507 8508 8525 
17484 8502 8508 8509 
17485 8519 8515 8521 
17486 8500 8519 8521 
17487 8509 8503 8522 
17488 8509 8508 8510 
17489 8503 8509 8528 
17490 8505 8518 8526 
17491 986 987 8504 
17492 983 984 8506 
17493 88 994 8503 
17494 992 993 8501 
17495 985 86 8500 
17496 996 997 8502 
17497 990 991 8505 
17498 8512 8500 8521 
17499 8504 8514 8515 
17500 8507 8506 8508 
17501 85 982 8507 
17502 8504 8515 8519 
17503 989 87 8524 
17504 988 989 8511 
17505 8510 8512 8521 
17506 8511 989 8524 
17507 8500 8512 8523 
17508 8504 8513 8514 
17509 8510 8508 8512 
17510 987 988 8513 
17511 991 992 8518 
17512 992 8501 8518 
17513 8508 8506 8512 
17514 86 986 8519 
17515 8504 987 8513 
17516 8515 8514 8516 
17517 985 8500 8523 
17518 8500 86 8519 
17519 986 8504 8519 
17520 8505 991 8518 
17521 988 8511 8513 
17522 8503 994 8522 
17523 8509 8510 8528 
17524 8502 8509 8527 
17525 8515 8516 8517 
17526 8506 984 8523 
17527 8517 8516 8520 
17528 995 996 8527 
17529 997 85 8525 
17530 996 8502 8527 
17531 8516 8501 8520 
17532 8520 8503 8528 
17533 994 995 8522 
17534 8517 8510 8521 
17535 87 990 8524 
17536 8502 997 8525 
17537 984 985 8523 
17538 990 8505 8524 
17539 8517 8520 8528 
17540 8512 8506 8523 
17541 8514 8513 8526 
17542 8515 8517 8521 
17543 85 8507 8525 
17544 8505 8511 8524 
17545 8511 8505 8526 
17546 8513 8511 8526 
17547 8510 8517 8528 
17548 8509 8522 8527 
17549 8522 995 8527 
2 3020 2 84
17550 8544 8535 8556 
17551 8533 8544 8556 
17552 1010 8552 8561 
17553 1006 8529 8548 
17554 8547 8530 8559 
17555 8533 8540 8544 
17556 8537 8547 8559 
17557 1010 8532 8552 
17558 92 1010 8561 
17559 8540 8533 8548 
17560 8530 8547 8555 
17561 91 1006 8548 
17562 8535 8544 8553 
17563 8536 8550 8557 
17564 8550 8532 8557 
17565 8529 8540 8548 
17566 8536 8546 8550 
17567 1005 91 8548 
17568 8533 1005 8548 
17569 1002 1003 8535 
17570 1004 1005 8533 
17571 8541 8543 8545 
17572 1012 1013 8536 
17573 1010 1011 8532 
17574 8546 8536 8551 
17575 1001 90 8531 
17576 89 998 8530 
17577 8544 8541 8545 
17578 1006 1007 8529 
17579 8541 8542 8543 
17580 8541 8539 8542 
17581 8546 8551 8555 
17582 999 1000 8537 
17583 8540 8539 8541 
17584 1008 1009 8534 
17585 8540 8541 8544 
17586 8543 8542 8546 
17587 8529 8539 8540 
17588 8539 8538 8549 
17589 1007 1008 8538 
17590 1008 8534 8538 
17591 8529 8538 8539 
17592 8538 8534 8549 
17593 8547 8537 8554 
17594 8545 8543 8547 
17595 1000 1001 8554 
17596 8537 1000 8554 
17597 8529 1007 8538 
17598 1013 89 8551 
17599 8542 8539 8549 
17600 8550 8549 8552 
17601 8542 8549 8550 
17602 8536 1013 8551 
17603 8546 8542 8550 
17604 89 8530 8551 
17605 8547 8543 8555 
17606 8547 8554 8560 
17607 90 1002 8558 
17608 1002 8535 8558 
17609 8551 8530 8555 
17610 8544 8545 8553 
17611 8532 8550 8552 
17612 1001 8531 8554 
17613 8535 1003 8556 
17614 8531 8553 8560 
17615 1003 1004 8556 
17616 1004 8533 8556 
17617 998 999 8559 
17618 8553 8545 8560 
17619 8549 8534 8552 
17620 999 8537 8559 
17621 1012 8536 8557 
17622 1009 92 8561 
17623 8532 1011 8557 
17624 8543 8546 8555 
17625 8534 1009 8561 
17626 1011 1012 8557 
17627 8531 90 8558 
17628 8530 998 8559 
17629 8553 8531 8558 
17630 8535 8553 8558 
17631 8545 8547 8560 
17632 8552 8534 8561 
17633 8554 8531 8560 
2 3021 2 98
17634 8563 8578 8580 
17635 1030 1031 8571 
17636 8578 8563 8581 
17637 1031 8568 8571 
17638 8562 8585 8590 
17639 8572 8568 8582 
17640 8585 8562 8599 
17641 8571 8568 8572 
17642 8563 8580 8594 
17643 8567 8581 8600 
17644 8583 8579 8593 
17645 8581 8587 8600 
17646 8583 8569 8585 
17647 8565 8583 8593 
17648 8580 8591 8594 
17649 8581 8567 8586 
17650 8591 1017 8594 
17651 8585 8569 8590 
17652 8569 8583 8589 
17653 1029 1030 8571 
17654 1025 1026 8569 
17655 1015 1016 8564 
17656 1023 1024 8565 
17657 8566 1029 8571 
17658 8579 8578 8581 
17659 94 1018 8563 
17660 8577 8576 8578 
17661 8577 8578 8579 
17662 1020 1021 8567 
17663 8575 8574 8576 
17664 8575 8576 8577 
17665 1031 93 8568 
17666 1022 95 8570 
17667 8578 8576 8580 
17668 96 1027 8562 
17669 8573 8574 8575 
17670 8576 8574 8584 
17671 1028 1029 8566 
17672 8581 8563 8587 
17673 8570 8586 8596 
17674 8577 8579 8583 
17675 8573 8572 8574 
17676 8580 8576 8584 
17677 8566 8572 8573 
17678 8577 8583 8585 
17679 8563 1018 8587 
17680 1018 1019 8587 
17681 8586 8567 8596 
17682 1025 8569 8589 
17683 1024 1025 8589 
17684 8580 8584 8591 
17685 8566 8571 8572 
17686 8575 8577 8585 
17687 8572 8582 8597 
17688 8574 8572 8597 
17689 1017 94 8594 
17690 8562 1027 8588 
17691 8564 1016 8591 
17692 1026 96 8590 
17693 8579 8581 8586 
17694 1027 1028 8588 
17695 8584 8564 8591 
17696 8566 8573 8588 
17697 95 1023 8598 
17698 8582 8568 8595 
17699 1028 8566 8588 
17700 8565 1024 8589 
17701 8575 8585 8599 
17702 8562 8588 8599 
17703 93 1014 8595 
17704 8579 8586 8593 
17705 8569 1026 8590 
17706 8570 95 8598 
17707 8583 8565 8589 
17708 1016 1017 8591 
17709 8586 8570 8593 
17710 8588 8573 8599 
17711 96 8562 8590 
17712 1015 8564 8592 
17713 1014 1015 8592 
17714 8582 8564 8597 
17715 8564 8584 8597 
17716 94 8563 8594 
17717 1023 8565 8598 
17718 1021 1022 8596 
17719 1022 8570 8596 
17720 8564 8582 8592 
17721 1019 1020 8600 
17722 8567 1021 8596 
17723 8568 93 8595 
17724 8573 8575 8599 
17725 1020 8567 8600 
17726 8584 8574 8597 
17727 8592 8582 8595 
17728 8587 1019 8600 
17729 8593 8570 8598 
17730 1014 8592 8595 
17731 8565 8593 8598 
2 3022 2 100
17732 8604 8619 8621 
17733 8606 1040 8625 
17734 97 8607 8610 
17735 1049 97 8610 
17736 8619 8604 8637 
17737 1040 99 8625 
17738 8603 8620 8633 
17739 8621 8606 8625 
17740 8620 8603 8635 
17741 99 1041 8625 
17742 8605 8611 8612 
17743 8610 8607 8611 
17744 8611 8605 8638 
17745 8622 8608 8639 
17746 97 1032 8607 
17747 1041 8604 8625 
17748 1043 1044 8608 
17749 8632 8603 8633 
17750 1041 1042 8604 
17751 8608 8622 8637 
17752 8610 8611 8638 
17753 1033 1034 8603 
17754 8616 8615 8617 
17755 8616 8617 8618 
17756 8612 8611 8613 
17757 100 1045 8602 
17758 8614 8613 8615 
17759 1046 1047 8605 
17760 8614 8615 8616 
17761 8606 8621 8626 
17762 8619 8618 8621 
17763 8617 8615 8620 
17764 8612 8613 8614 
17765 98 1036 8601 
17766 1037 1038 8609 
17767 8616 8618 8619 
17768 8630 8603 8632 
17769 8614 8616 8622 
17770 1039 1040 8606 
17771 1048 1049 8610 
17772 8616 8619 8622 
17773 8618 8617 8623 
17774 8604 8621 8625 
17775 8621 8618 8626 
17776 8605 8612 8624 
17777 1045 1046 8624 
17778 1046 8605 8624 
17779 8620 8615 8633 
17780 8614 8622 8631 
17781 8623 8609 8626 
17782 8609 8623 8634 
17783 8602 1045 8624 
17784 8604 8628 8637 
17785 8624 8612 8631 
17786 8623 8601 8634 
17787 8602 8624 8631 
17788 1044 100 8629 
17789 1035 98 8627 
17790 1043 8608 8628 
17791 8622 8619 8637 
17792 1033 8603 8630 
17793 1032 1033 8630 
17794 8608 1044 8629 
17795 8604 1042 8628 
17796 1042 1043 8628 
17797 8603 1034 8635 
17798 8626 8609 8636 
17799 100 8602 8629 
17800 8601 8623 8640 
17801 98 8601 8627 
17802 8623 8617 8640 
17803 1047 1048 8638 
17804 8607 1032 8630 
17805 8618 8623 8626 
17806 8608 8629 8639 
17807 1036 1037 8634 
17808 8611 8607 8632 
17809 1038 1039 8636 
17810 1048 8610 8638 
17811 8612 8614 8631 
17812 8615 8613 8633 
17813 8631 8622 8639 
17814 1037 8609 8634 
17815 8613 8611 8632 
17816 8609 1038 8636 
17817 1034 1035 8635 
17818 8627 8620 8635 
17819 8613 8632 8633 
17820 8601 1036 8634 
17821 8606 8626 8636 
17822 8617 8620 8640 
17823 8605 1047 8638 
17824 1035 8627 8635 
17825 1039 8606 8636 
17826 8607 8630 8632 
17827 8620 8627 8640 
17828 8628 8608 8637 
17829 8629 8602 8639 
17830 8602 8631 8639 
17831 8627 8601 8640 
2 3023 2 94
17832 1067 8642 8669 
17833 1053 8647 8660 
17834 1052 1053 8660 
17835 1066 1067 8669 
17836 8659 8641 8672 
17837 1056 1057 8662 
17838 8644 8649 8664 
17839 8661 8659 8672 
17840 8658 8643 8662 
17841 1051 1052 8660 
17842 8645 1051 8660 
17843 8643 1056 8662 
17844 8643 8658 8665 
17845 8664 8649 8666 
17846 8642 101 8650 
17847 8647 102 8671 
17848 8649 8644 8677 
17849 8642 8663 8669 
17850 101 1050 8650 
17851 8646 8663 8666 
17852 102 1054 8671 
17853 8652 8645 8657 
17854 8650 8645 8652 
17855 8663 8646 8669 
17856 8657 8645 8660 
17857 1053 102 8647 
17858 8642 8650 8651 
17859 8654 8659 8661 
17860 1059 1060 8648 
17861 8666 8649 8673 
17862 8654 8658 8659 
17863 1050 8645 8650 
17864 1050 1051 8645 
17865 8653 8654 8661 
17866 8641 8659 8668 
17867 1061 1062 8644 
17868 8656 8653 8661 
17869 8654 8657 8658 
17870 8653 8652 8654 
17871 8651 8653 8655 
17872 8655 8653 8656 
17873 1067 101 8642 
17874 8654 8652 8657 
17875 1058 103 8641 
17876 1064 1065 8646 
17877 8651 8652 8653 
17878 8662 1057 8668 
17879 8651 8650 8652 
17880 1055 1056 8643 
17881 8659 8658 8662 
17882 104 1063 8649 
17883 8642 8651 8663 
17884 1054 1055 8671 
17885 1065 1066 8669 
17886 8651 8655 8663 
17887 8646 1065 8669 
17888 8655 8656 8664 
17889 1055 8643 8671 
17890 8663 8655 8666 
17891 1057 1058 8668 
17892 8648 8667 8675 
17893 8648 1060 8667 
17894 8658 8657 8676 
17895 8667 8674 8675 
17896 8646 8666 8673 
17897 103 1059 8670 
17898 8660 8647 8676 
17899 1060 1061 8667 
17900 1061 8644 8667 
17901 8656 8661 8675 
17902 8665 8658 8676 
17903 1062 104 8677 
17904 1058 8641 8668 
17905 1059 8648 8670 
17906 8665 8647 8671 
17907 8655 8664 8666 
17908 8659 8662 8668 
17909 8641 103 8670 
17910 8644 1062 8677 
17911 1063 1064 8673 
17912 8657 8660 8676 
17913 1064 8646 8673 
17914 8649 1063 8673 
17915 8643 8665 8671 
17916 8661 8672 8675 
17917 8664 8656 8674 
17918 8647 8665 8676 
17919 104 8649 8677 
17920 8644 8664 8674 
17921 8670 8648 8672 
17922 8641 8670 8672 
17923 8667 8644 8674 
17924 8672 8648 8675 
17925 8674 8656 8675 
2 3024 2 120
17926 107 1078 8705 
17927 1078 8686 8705 
17928 8703 8686 8711 
17929 8678 8704 8715 
17930 8715 8704 8722 
17931 8707 8698 8708 
17932 8686 8703 8721 
17933 8703 8711 8720 
17934 1075 1076 8710 
17935 8698 8707 8714 
17936 8687 8690 8718 
17937 8690 8687 8717 
17938 1076 8683 8710 
17939 8708 8698 8723 
17940 8706 8685 8722 
17941 105 1068 8682 
17942 1082 108 8685 
17943 8697 8696 8700 
17944 1071 1072 8681 
17945 8695 8694 8696 
17946 1080 1081 8680 
17947 1078 1079 8686 
17948 8691 8690 8701 
17949 8695 8696 8697 
17950 1069 1070 8687 
17951 8693 8694 8695 
17952 1085 1086 8684 
17953 8702 8697 8703 
17954 8693 8691 8694 
17955 8695 8697 8702 
17956 8692 8693 8704 
17957 8694 8691 8701 
17958 8693 8699 8704 
17959 1083 1084 8678 
17960 8696 8694 8698 
17961 8699 8695 8702 
17962 8693 8695 8699 
17963 8689 8691 8692 
17964 1073 1074 8679 
17965 8692 8691 8693 
17966 8685 8706 8712 
17967 1076 1077 8683 
17968 8698 8694 8701 
17969 8689 8690 8691 
17970 8679 8700 8714 
17971 8689 8682 8690 
17972 8700 8679 8719 
17973 8688 8724 8726 
17974 8703 8697 8709 
17975 1077 107 8705 
17976 8683 1077 8705 
17977 8688 8682 8689 
17978 8704 8678 8716 
17979 8700 8696 8714 
17980 8716 8684 8724 
17981 105 8682 8688 
17982 8688 8689 8724 
17983 8705 8686 8721 
17984 1087 105 8688 
17985 8686 1079 8711 
17986 1079 1080 8711 
17987 8690 8682 8718 
17988 1072 106 8708 
17989 8713 8684 8716 
17990 8699 8702 8706 
17991 8681 1072 8708 
17992 1069 8687 8718 
17993 1068 1069 8718 
17994 8710 8700 8719 
17995 106 1073 8707 
17996 1073 8679 8707 
17997 8697 8700 8709 
17998 8717 8681 8723 
17999 1080 8680 8711 
18000 1082 8685 8712 
18001 8724 8684 8726 
18002 8680 1081 8712 
18003 1075 8710 8719 
18004 8681 8717 8725 
18005 8706 8702 8720 
18006 8685 8715 8722 
18007 8685 108 8715 
18008 8699 8706 8722 
18009 108 1083 8715 
18010 8680 8706 8720 
18011 8683 8709 8710 
18012 8709 8700 8710 
18013 1084 1085 8713 
18014 8678 1084 8713 
18015 8692 8704 8716 
18016 1081 1082 8712 
18017 1085 8684 8713 
18018 1074 1075 8719 
18019 8696 8698 8714 
18020 106 8707 8708 
18021 1083 8678 8715 
18022 8701 8690 8717 
18023 8687 1070 8725 
18024 1070 1071 8725 
18025 8682 1068 8718 
18026 8701 8717 8723 
18027 8703 8709 8721 
18028 8706 8680 8712 
18029 8679 1074 8719 
18030 8702 8703 8720 
18031 8704 8699 8722 
18032 8707 8679 8714 
18033 1086 1087 8726 
18034 1071 8681 8725 
18035 8689 8692 8724 
18036 8698 8701 8723 
18037 8684 1086 8726 
18038 8692 8716 8724 
18039 8717 8687 8725 
18040 8711 8680 8720 
18041 8683 8705 8721 
18042 1087 8688 8726 
18043 8681 8708 8723 
18044 8709 8683 8721 
18045 8678 8713 8716 
2 3025 2 98
18046 1103 1104 8752 
18047 1102 8731 8759 
18048 8737 8732 8746 
18049 1090 1091 8754 
18050 8732 8737 8751 
18051 112 1102 8759 
18052 1091 8730 8754 
18053 1089 1090 8754 
18054 8728 8743 8747 
18055 8731 1103 8752 
18056 8734 1089 8754 
18057 1104 8750 8752 
18058 8745 8730 8749 
18059 8730 8745 8754 
18060 8743 8728 8761 
18061 8731 8757 8759 
18062 8728 8747 8750 
18063 8746 8732 8748 
18064 1105 109 8728 
18065 8744 8733 8757 
18066 8733 8744 8765 
18067 1096 111 8732 
18068 8735 8736 8749 
18069 8739 8743 8745 
18070 8739 8745 8749 
18071 8739 8740 8743 
18072 1102 1103 8731 
18073 8742 8741 8744 
18074 8743 8740 8747 
18075 1093 1094 8729 
18076 8736 8738 8739 
18077 8740 8738 8741 
18078 8741 8738 8746 
18079 8739 8738 8740 
18080 8740 8741 8742 
18081 1091 1092 8730 
18082 1088 1089 8734 
18083 8738 8737 8746 
18084 8736 8737 8738 
18085 8740 8742 8747 
18086 8736 8739 8749 
18087 8736 8729 8737 
18088 1098 1099 8727 
18089 1100 1101 8733 
18090 1105 8728 8750 
18091 8748 8727 8753 
18092 8728 8755 8761 
18093 8741 8746 8753 
18094 8746 8748 8753 
18095 8742 8744 8764 
18096 8747 8742 8752 
18097 8745 8734 8754 
18098 1104 1105 8750 
18099 110 1093 8735 
18100 8744 8757 8764 
18101 8737 8729 8763 
18102 8735 8749 8758 
18103 1095 1096 8751 
18104 8735 8729 8736 
18105 8728 109 8755 
18106 1096 8732 8751 
18107 1093 8729 8735 
18108 8744 8741 8753 
18109 8734 8745 8761 
18110 8751 8737 8763 
18111 8756 8733 8765 
18112 109 1088 8755 
18113 1092 110 8758 
18114 1088 8734 8755 
18115 1099 1100 8756 
18116 8730 1092 8758 
18117 1101 112 8759 
18118 8750 8747 8752 
18119 8732 111 8762 
18120 8749 8730 8758 
18121 1100 8733 8756 
18122 8733 1101 8759 
18123 8727 8748 8760 
18124 8745 8743 8761 
18125 8753 8727 8765 
18126 8727 1099 8756 
18127 110 8735 8758 
18128 8748 8732 8762 
18129 111 1097 8762 
18130 8729 1094 8763 
18131 1097 1098 8760 
18132 1094 1095 8763 
18133 1098 8727 8760 
18134 8752 8742 8764 
18135 8757 8733 8759 
18136 1095 8751 8763 
18137 8755 8734 8761 
18138 8731 8752 8764 
18139 8744 8753 8765 
18140 8757 8731 8764 
18141 8727 8756 8765 
18142 1097 8760 8762 
18143 8760 8748 8762 
2 3026 2 96
18144 8783 8790 8799 
18145 8783 8782 8790 
18146 1113 8771 8791 
18147 1119 116 8794 
18148 8785 8766 8790 
18149 8789 8793 8798 
18150 8782 8785 8790 
18151 8789 8784 8793 
18152 116 8773 8794 
18153 1112 1113 8791 
18154 8771 8786 8791 
18155 1120 1121 8792 
18156 8790 8772 8799 
18157 8769 8784 8789 
18158 8773 1120 8792 
18159 8784 8769 8788 
18160 1116 1117 8789 
18161 8786 8771 8796 
18162 1117 8769 8789 
18163 116 1120 8773 
18164 8782 8779 8785 
18165 114 1111 8768 
18166 8779 8776 8785 
18167 8777 8776 8778 
18168 8777 8778 8784 
18169 1121 1122 8770 
18170 1113 1114 8771 
18171 8770 8776 8777 
18172 8778 8776 8779 
18173 8786 8783 8797 
18174 8776 8775 8785 
18175 8770 8775 8776 
18176 8796 8787 8803 
18177 1114 115 8787 
18178 8778 8779 8780 
18179 8781 8779 8782 
18180 8781 8782 8783 
18181 115 8767 8787 
18182 115 1115 8767 
18183 8768 8786 8797 
18184 8770 1122 8775 
18185 8780 8779 8781 
18186 1117 1118 8769 
18187 113 1106 8766 
18188 1107 1108 8772 
18189 8781 8783 8786 
18190 1109 1110 8774 
18191 1122 1123 8775 
18192 8793 8767 8798 
18193 1121 8770 8792 
18194 8780 8796 8803 
18195 8771 1114 8787 
18196 8766 8785 8795 
18197 1111 1112 8791 
18198 8785 8775 8795 
18199 8778 8780 8793 
18200 8768 1111 8791 
18201 8788 8773 8792 
18202 8771 8787 8796 
18203 8781 8786 8796 
18204 8777 8784 8788 
18205 1118 1119 8794 
18206 8773 8788 8794 
18207 8769 1118 8794 
18208 8777 8788 8792 
18209 1123 113 8795 
18210 8788 8769 8794 
18211 8770 8777 8792 
18212 8784 8778 8793 
18213 8786 8768 8791 
18214 114 8768 8801 
18215 8766 1106 8800 
18216 1115 1116 8798 
18217 1107 8772 8800 
18218 8775 1123 8795 
18219 8793 8780 8803 
18220 113 8766 8795 
18221 1108 1109 8802 
18222 1110 114 8801 
18223 8780 8781 8796 
18224 1109 8774 8802 
18225 8774 1110 8801 
18226 1116 8789 8798 
18227 8767 1115 8798 
18228 1106 1107 8800 
18229 8772 1108 8802 
18230 8790 8766 8800 
18231 8787 8767 8803 
18232 8772 8790 8800 
18233 8799 8772 8802 
18234 8774 8799 8802 
18235 8768 8797 8801 
18236 8767 8793 8803 
18237 8774 8797 8799 
18238 8797 8783 8799 
18239 8797 8774 8801 
2 3027 2 88
18240 8809 8823 8828 
18241 8823 8809 8829 
18242 8810 8832 8833 
18243 8806 8815 8816 
18244 8810 8820 8832 
18245 8808 8812 8822 
18246 8806 8814 8815 
18247 8822 8812 8824 
18248 8812 8808 8836 
18249 8832 8805 8833 
18250 8807 8823 8829 
18251 8804 8819 8824 
18252 8823 8819 8828 
18253 8819 8804 8828 
18254 8824 8812 8826 
18255 8811 8830 8832 
18256 8816 8815 8817 
18257 8821 8811 8832 
18258 8820 8810 8825 
18259 1132 1133 8813 
18260 1126 1127 8811 
18261 8816 8817 8818 
18262 1134 1135 8808 
18263 8817 8815 8822 
18264 1124 1125 8807 
18265 8816 8818 8820 
18266 8818 8817 8819 
18267 1137 1138 8804 
18268 118 1128 8805 
18269 1131 119 8806 
18270 1129 1130 8810 
18271 8820 8818 8821 
18272 1139 117 8809 
18273 120 1136 8812 
18274 8818 8819 8823 
18275 8819 8817 8824 
18276 8821 8818 8823 
18277 8817 8822 8824 
18278 8811 8821 8838 
18279 8830 8805 8832 
18280 8806 8816 8825 
18281 119 1132 8814 
18282 1136 1137 8826 
18283 8812 1136 8826 
18284 1132 8813 8814 
18285 8814 8813 8815 
18286 8816 8820 8825 
18287 1131 8806 8835 
18288 8806 119 8814 
18289 1126 8811 8827 
18290 8808 8822 8837 
18291 117 1124 8829 
18292 8804 8824 8826 
18293 1137 8804 8826 
18294 1125 1126 8827 
18295 1127 118 8830 
18296 1135 120 8836 
18297 8804 1138 8831 
18298 8807 1125 8827 
18299 8809 117 8829 
18300 8806 8825 8835 
18301 8811 1127 8830 
18302 8808 1135 8836 
18303 8827 8811 8838 
18304 1124 8807 8829 
18305 1129 8810 8833 
18306 1128 1129 8833 
18307 8813 1133 8834 
18308 8810 1130 8835 
18309 1134 8808 8834 
18310 8820 8821 8832 
18311 8805 1128 8833 
18312 1138 1139 8831 
18313 8822 8815 8837 
18314 1139 8809 8831 
18315 118 8805 8830 
18316 1133 1134 8834 
18317 1130 1131 8835 
18318 8821 8823 8838 
18319 8823 8807 8838 
18320 8815 8813 8837 
18321 120 8812 8836 
18322 8825 8810 8835 
18323 8828 8804 8831 
18324 8813 8834 8837 
18325 8834 8808 8837 
18326 8809 8828 8831 
18327 8807 8827 8838 
2 3028 2 76
18328 8857 8859 8866 
18329 8859 8841 8866 
18330 8840 8850 8854 
18331 8842 8849 8851 
18332 8850 8840 8855 
18333 8844 8858 8864 
18334 8849 8842 8854 
18335 8857 8845 8859 
18336 1149 8845 8857 
18337 1148 1149 8857 
18338 1150 1151 8853 
18339 8858 8844 8863 
18340 8850 8849 8854 
18341 8852 8841 8859 
18342 8845 1150 8853 
18343 8855 8844 8864 
18344 1151 124 8842 
18345 1149 1150 8845 
18346 1155 121 8863 
18347 8844 1155 8863 
18348 1152 1153 8840 
18349 1154 1155 8844 
18350 1141 1142 8843 
18351 1151 8842 8853 
18352 122 1144 8839 
18353 8842 8851 8853 
18354 8848 8849 8850 
18355 8849 8847 8851 
18356 1146 1147 8841 
18357 8847 8846 8852 
18358 8848 8847 8849 
18359 8839 8847 8848 
18360 1143 122 8856 
18361 8851 8847 8852 
18362 122 8839 8856 
18363 123 1148 8857 
18364 8839 8846 8847 
18365 1144 1145 8846 
18366 8839 1144 8846 
18367 8842 124 8867 
18368 8860 8850 8864 
18369 8850 8855 8864 
18370 8839 8848 8856 
18371 1140 1141 8858 
18372 1141 8843 8858 
18373 8852 8846 8862 
18374 8840 1153 8861 
18375 8856 8848 8860 
18376 8854 8842 8867 
18377 1145 1146 8862 
18378 1152 8840 8867 
18379 1154 8844 8861 
18380 121 1140 8863 
18381 8855 8840 8861 
18382 1146 8841 8862 
18383 8848 8850 8860 
18384 8856 8860 8865 
18385 8851 8852 8859 
18386 1153 1154 8861 
18387 1142 1143 8865 
18388 8841 8852 8862 
18389 8844 8855 8861 
18390 8853 8851 8859 
18391 1147 123 8866 
18392 8843 1142 8865 
18393 8845 8853 8859 
18394 8840 8854 8867 
18395 8843 8860 8864 
18396 124 1152 8867 
18397 8841 1147 8866 
18398 8846 1145 8862 
18399 1140 8858 8863 
18400 123 8857 8866 
18401 1143 8856 8865 
18402 8858 8843 8864 
18403 8860 8843 8865 
2 3029 2 118
18404 1167 1168 8901 
18405 1168 8874 8901 
18406 8895 8887 8897 
18407 1166 1167 8901 
18408 8871 1166 8901 
18409 8892 8873 8898 
18410 8873 8892 8907 
18411 8897 8887 8900 
18412 8869 8895 8897 
18413 8870 8893 8908 
18414 8893 8870 8913 
18415 8903 8906 8909 
18416 8903 8896 8906 
18417 8876 8893 8894 
18418 8875 8880 8905 
18419 8876 8894 8902 
18420 8880 8875 8906 
18421 8874 8897 8900 
18422 1169 1170 8897 
18423 8874 1169 8897 
18424 1175 125 8876 
18425 1173 1174 8872 
18426 8893 8876 8908 
18427 127 1166 8871 
18428 8881 8880 8890 
18429 8884 8881 8890 
18430 1171 1172 8877 
18431 8887 8884 8888 
18432 8888 8884 8890 
18433 1168 1169 8874 
18434 1156 1157 8870 
18435 1159 1160 8873 
18436 1161 1162 8868 
18437 8885 8884 8887 
18438 8882 8891 8892 
18439 1170 128 8869 
18440 8883 8881 8884 
18441 8879 8880 8881 
18442 8879 8868 8880 
18443 8879 8881 8882 
18444 8883 8884 8885 
18445 1163 1164 8875 
18446 8882 8881 8883 
18447 8883 8885 8886 
18448 8882 8883 8891 
18449 8886 8885 8889 
18450 8883 8886 8891 
18451 8878 8868 8879 
18452 126 1161 8878 
18453 1161 8868 8878 
18454 8886 8889 8894 
18455 8878 8898 8915 
18456 8889 8885 8895 
18457 8891 8886 8893 
18458 8893 8886 8894 
18459 8882 8892 8898 
18460 8878 8879 8898 
18461 8885 8887 8895 
18462 8888 8890 8896 
18463 8898 8873 8915 
18464 8894 8872 8902 
18465 1170 8869 8897 
18466 8890 8880 8906 
18467 8880 8868 8905 
18468 8892 8899 8907 
18469 8889 8904 8911 
18470 8879 8882 8898 
18471 8889 8895 8904 
18472 8891 8893 8913 
18473 8894 8889 8911 
18474 8874 8900 8901 
18475 8872 8894 8911 
18476 1157 1158 8899 
18477 8870 1157 8899 
18478 8871 8896 8903 
18479 1162 1163 8905 
18480 1163 8875 8905 
18481 8901 8900 8914 
18482 8904 8877 8911 
18483 8887 8888 8900 
18484 1158 1159 8907 
18485 1159 8873 8907 
18486 8899 8892 8913 
18487 8876 125 8908 
18488 8872 1174 8902 
18489 1175 8876 8902 
18490 1165 127 8903 
18491 1174 1175 8902 
18492 125 1156 8908 
18493 127 8871 8903 
18494 128 1171 8912 
18495 8868 1162 8905 
18496 8877 1172 8910 
18497 1172 1173 8910 
18498 1164 1165 8909 
18499 8875 1164 8909 
18500 1171 8877 8912 
18501 8900 8888 8914 
18502 1160 126 8915 
18503 8870 8899 8913 
18504 8869 128 8912 
18505 1156 8870 8908 
18506 8873 1160 8915 
18507 1173 8872 8910 
18508 8895 8869 8904 
18509 8896 8890 8906 
18510 8871 8901 8914 
18511 8892 8891 8913 
18512 8906 8875 8909 
18513 126 8878 8915 
18514 8896 8871 8914 
18515 8888 8896 8914 
18516 8899 1158 8907 
18517 8877 8910 8911 
18518 8904 8869 8912 
18519 1165 8903 8909 
18520 8910 8872 8911 
18521 8877 8904 8912 
2 3030 2 86
18522 8918 132 8923 
18523 132 1188 8923 
18524 1191 129 8934 
18525 8920 8924 8944 
18526 8917 8932 8938 
18527 8917 8927 8932 
18528 8925 8927 8941 
18529 8924 8920 8933 
18530 8927 8917 8941 
18531 8920 1191 8934 
18532 8936 8930 8943 
18533 8924 8923 8944 
18534 8934 129 8942 
18535 8921 8936 8943 
18536 8918 8923 8924 
18537 1183 131 8922 
18538 8918 8924 8925 
18539 1190 1191 8920 
18540 1188 1189 8923 
18541 8925 8926 8927 
18542 1180 1181 8919 
18543 8925 8924 8926 
18544 1176 1177 8916 
18545 1184 1185 8917 
18546 8927 8926 8928 
18547 8928 8929 8930 
18548 8928 8926 8929 
18549 8932 8922 8938 
18550 1179 130 8921 
18551 8932 8931 8937 
18552 8922 8932 8937 
18553 1187 132 8918 
18554 8940 8925 8941 
18555 8926 8924 8933 
18556 8928 8930 8931 
18557 8933 8920 8934 
18558 8942 8916 8946 
18559 8929 8926 8933 
18560 8927 8928 8932 
18561 8928 8931 8932 
18562 8935 8916 8939 
18563 8930 8929 8935 
18564 1180 8919 8945 
18565 8933 8934 8946 
18566 8918 8925 8940 
18567 8934 8942 8946 
18568 1187 8918 8940 
18569 8922 131 8938 
18570 8929 8933 8946 
18571 8923 1189 8944 
18572 8935 8939 8943 
18573 8931 8930 8936 
18574 1189 1190 8944 
18575 8930 8935 8943 
18576 8919 8931 8936 
18577 131 1184 8938 
18578 1184 8917 8938 
18579 8931 8919 8937 
18580 8919 8936 8945 
18581 1177 1178 8939 
18582 8916 1177 8939 
18583 1186 1187 8940 
18584 130 1180 8945 
18585 8916 8935 8946 
18586 1185 1186 8941 
18587 8917 1185 8941 
18588 1190 8920 8944 
18589 129 1176 8942 
18590 8919 1181 8947 
18591 1176 8916 8942 
18592 8921 130 8945 
18593 1178 1179 8949 
18594 1182 1183 8948 
18595 1183 8922 8948 
18596 1179 8921 8949 
18597 1181 1182 8947 
18598 8936 8921 8945 
18599 8935 8929 8946 
18600 8922 8937 8948 
18601 8937 8919 8947 
18602 1186 8940 8941 
18603 8939 1178 8949 
18604 8943 8939 8949 
18605 8921 8943 8949 
18606 8937 8947 8948 
18607 8947 1182 8948 
2 3031 2 82
18608 8952 1207 8958 
18609 1207 133 8958 
18610 1198 8957 8971 
18611 1198 1199 8957 
18612 8952 8958 8959 
18613 8955 8959 8981 
18614 8959 8958 8981 
18615 8973 8966 8979 
18616 8951 8973 8979 
18617 8959 8955 8960 
18618 8967 8957 8974 
18619 8967 8974 8978 
18620 1199 135 8957 
18621 8959 8960 8961 
18622 1196 1197 8954 
18623 8963 8964 8965 
18624 1204 1205 8956 
18625 1206 1207 8952 
18626 8957 8967 8971 
18627 8961 8960 8962 
18628 1195 134 8951 
18629 8961 8962 8963 
18630 8963 8962 8964 
18631 1203 136 8950 
18632 8950 8968 8980 
18633 1200 1201 8953 
18634 1193 1194 8955 
18635 8968 8950 8975 
18636 133 1192 8958 
18637 8967 8954 8971 
18638 8964 8966 8967 
18639 8952 8959 8969 
18640 8966 8954 8967 
18641 8953 8965 8978 
18642 8964 8962 8966 
18643 8960 8955 8970 
18644 8959 8961 8969 
18645 8965 8964 8978 
18646 134 1196 8973 
18647 8961 8963 8968 
18648 8957 135 8974 
18649 8951 134 8973 
18650 8960 8970 8979 
18651 1195 8951 8970 
18652 1194 1195 8970 
18653 8954 1197 8971 
18654 135 1200 8974 
18655 8970 8951 8979 
18656 8968 8963 8980 
18657 136 1204 8975 
18658 1197 1198 8971 
18659 8966 8962 8979 
18660 1196 8954 8973 
18661 8954 8966 8973 
18662 1202 1203 8972 
18663 8955 1194 8970 
18664 1203 8950 8972 
18665 8965 8953 8976 
18666 8961 8968 8969 
18667 8956 8968 8975 
18668 8968 8956 8969 
18669 1200 8953 8974 
18670 1204 8956 8975 
18671 8956 1205 8977 
18672 8950 136 8975 
18673 1205 1206 8977 
18674 1192 1193 8981 
18675 8958 1192 8981 
18676 1201 1202 8976 
18677 1206 8952 8977 
18678 8964 8967 8978 
18679 8953 1201 8976 
18680 8963 8965 8980 
18681 8962 8960 8979 
18682 8969 8956 8977 
18683 8974 8953 8978 
18684 1193 8955 8981 
18685 8952 8969 8977 
18686 8972 8965 8976 
18687 1202 8972 8976 
18688 8972 8950 8980 
18689 8965 8972 8980 
2 3032 2 86
18690 9004 8997 9009 
18691 8999 8995 9008 
18692 8983 9004 9009 
18693 8984 8999 9008 
18694 137 1208 8988 
18695 8988 1208 8998 
18696 8994 8995 8999 
18697 9003 8997 9004 
18698 8991 9001 9002 
18699 8997 9003 9008 
18700 9001 8991 9005 
18701 8988 8994 8999 
18702 1212 1213 8987 
18703 1214 1215 8989 
18704 1223 137 8988 
18705 8997 9005 9009 
18706 8995 8996 8997 
18707 1220 1221 8984 
18708 8995 8993 8996 
18709 1211 138 8982 
18710 1218 1219 8983 
18711 139 1216 8985 
18712 1209 1210 8986 
18713 8994 8993 8995 
18714 8994 8988 8998 
18715 8986 8993 8994 
18716 8993 8992 9000 
18717 9010 8989 9011 
18718 1211 8982 8992 
18719 1210 1211 8992 
18720 8992 8982 9000 
18721 8985 8990 8991 
18722 1216 1217 8990 
18723 8986 8994 8998 
18724 8985 1216 8990 
18725 9009 8990 9012 
18726 8996 9001 9005 
18727 8989 9002 9011 
18728 9002 9001 9011 
18729 8986 8992 8993 
18730 8996 9000 9001 
18731 1219 140 9004 
18732 8983 1219 9004 
18733 140 1220 9003 
18734 8986 1210 8992 
18735 1212 8987 9007 
18736 8996 8993 9000 
18737 1208 1209 8998 
18738 8991 8990 9009 
18739 1209 8986 8998 
18740 1215 139 9014 
18741 1220 8984 9003 
18742 8989 1215 9014 
18743 8997 8996 9005 
18744 138 1212 9007 
18745 1214 8989 9010 
18746 8983 9009 9012 
18747 8985 8991 9002 
18748 9001 9000 9006 
18749 1213 1214 9010 
18750 8987 1213 9010 
18751 8999 8984 9013 
18752 8984 1221 9013 
18753 8988 8999 9015 
18754 8985 9002 9014 
18755 140 9003 9004 
18756 8995 8997 9008 
18757 8982 138 9007 
18758 1217 1218 9012 
18759 8987 9010 9011 
18760 9000 8982 9006 
18761 9002 8989 9014 
18762 1218 8983 9012 
18763 1223 8988 9015 
18764 1222 1223 9015 
18765 1221 1222 9013 
18766 8987 9006 9007 
18767 139 8985 9014 
18768 9001 9006 9011 
18769 9006 8987 9011 
18770 8990 1217 9012 
18771 9003 8984 9008 
18772 9005 8991 9009 
18773 9006 8982 9007 
18774 8999 9013 9015 
18775 9013 1222 9015 
2 3033 2 82
18776 9021 9030 9032 
18777 9030 9021 9033 
18778 9017 1227 9038 
18779 9022 1233 9037 
18780 1233 1234 9037 
18781 9022 9026 9034 
18782 1227 142 9038 
18783 9018 9031 9035 
18784 9031 9018 9041 
18785 9022 9034 9039 
18786 9020 9023 9040 
18787 9032 9017 9038 
18788 9026 9022 9037 
18789 9039 9034 9047 
18790 9025 9024 9040 
18791 9023 9020 9045 
18792 9019 9039 9047 
18793 9023 9035 9040 
18794 9018 9035 9043 
18795 9035 9023 9043 
18796 9024 9020 9040 
18797 9017 9032 9042 
18798 1231 143 9019 
18799 1236 1237 9020 
18800 1228 1229 9021 
18801 1238 1239 9023 
18802 9029 9028 9031 
18803 9027 9028 9029 
18804 9030 9029 9032 
18805 9027 9029 9030 
18806 1235 144 9016 
18807 1226 1227 9017 
18808 9027 9025 9028 
18809 9026 9027 9034 
18810 9026 9025 9027 
18811 1232 1233 9022 
18812 9027 9030 9034 
18813 9031 9028 9035 
18814 9016 9025 9026 
18815 141 1224 9018 
18816 142 1228 9038 
18817 1234 1235 9037 
18818 1235 9016 9037 
18819 1228 9021 9038 
18820 144 1236 9024 
18821 9032 9029 9042 
18822 9016 9024 9025 
18823 9028 9025 9040 
18824 9036 9031 9041 
18825 1236 9020 9024 
18826 9016 144 9024 
18827 1225 1226 9036 
18828 9016 9026 9037 
18829 1226 9017 9036 
18830 9021 9032 9038 
18831 1224 1225 9041 
18832 9018 1224 9041 
18833 9030 9033 9047 
18834 9019 143 9039 
18835 143 1232 9039 
18836 9033 9021 9046 
18837 1232 9022 9039 
18838 9021 1229 9046 
18839 9034 9030 9047 
18840 9035 9028 9040 
18841 9019 9033 9044 
18842 1239 141 9043 
18843 9031 9036 9042 
18844 9033 9019 9047 
18845 9023 1239 9043 
18846 9029 9031 9042 
18847 1238 9023 9045 
18848 9020 1237 9045 
18849 1237 1238 9045 
18850 1229 1230 9046 
18851 1230 1231 9044 
18852 1231 9019 9044 
18853 9036 9017 9042 
18854 141 9018 9043 
18855 1225 9036 9041 
18856 9044 9033 9046 
18857 1230 9044 9046 
$EndElements
